{"type":"FeatureCollection","features":[{"type":"Feature","geometry":{"type":"LineString","coordinates":[[75.752718,26.877964],[75.752923,26.876325],[75.753225,26.87526],[75.753735,26.87418],[75.758975,26.863622],[75.761831,26.862476],[75.762372,26.862218],[75.766281,26.858184],[75.766313,26.85459],[75.767809,26.851528],[75.770711,26.844966],[75.770291,26.840613]]},"properties":{"category":"alignment"}},{"type":"Feature","geometry":{"type":"LineString","coordinates":[[75.752727,26.877967],[75.753668,26.877948],[75.756145,26.877771],[75.757724,26.878261],[75.758569,26.876568],[75.75969,26.873171],[75.760384,26.870812],[75.761284,26.869313],[75.762969,26.867765],[75.763881,26.867294],[75.767035,26.867381],[75.768407,26.867338],[75.77004,26.866952],[75.771163,26.866611],[75.772293,26.865619],[75.772842,26.864909]]},"properties":{"category":"alignment"}},{"type":"Feature","geometry":{"type":"LineString","coordinates":[[75.759696,26.873167],[75.755137,26.871394]]},"properties":{"category":"alignment"}},{"type":"Feature","geometry":{"type":"LineString","coordinates":[[75.760564,26.870524],[75.756315,26.868955]]},"properties":{"category":"alignment"}},{"type":"Feature","geometry":{"type":"LineString","coordinates":[[75.770395,26.841717],[75.777263,26.840846]]},"properties":{"category":"alignment"}},{"type":"Feature","geometry":{"type":"LineString","coordinates":[[75.770652,26.844196],[75.772095,26.844268],[75.777622,26.843558]]},"properties":{"category":"alignment"}},{"type":"Feature","geometry":{"type":"LineString","coordinates":[[75.769525,26.847762],[75.774084,26.849454]]},"properties":{"category":"alignment"}},{"type":"Feature","geometry":{"type":"LineString","coordinates":[[75.773784,26.851964],[75.768457,26.849963]]},"properties":{"category":"alignment"}},{"type":"Feature","geometry":{"type":"LineString","coordinates":[[75.767484,26.852273],[75.772376,26.854343],[75.773354,26.854515]]},"properties":{"category":"alignment"}},{"type":"Feature","geometry":{"type":"LineString","coordinates":[[75.773049,26.856247],[75.768756,26.856554],[75.766324,26.856544]]},"properties":{"category":"alignment"}},{"type":"Feature","geometry":{"type":"LineString","coordinates":[[75.772957,26.864782],[75.770258,26.862596],[75.767652,26.861487],[75.765455,26.85899]]},"properties":{"category":"alignment"}},{"type":"Feature","geometry":{"type":"LineString","coordinates":[[75.766358,26.860026],[75.767039,26.85962],[75.769022,26.859355],[75.77331,26.858884]]},"properties":{"category":"alignment"}},{"type":"Feature","geometry":{"type":"LineString","coordinates":[[75.763055,26.867693],[75.761873,26.866193],[75.758393,26.864758]]},"properties":{"category":"alignment"}},{"type":"Feature","geometry":{"type":"LineString","coordinates":[[75.770221,26.866873],[75.763618,26.860881]]},"properties":{"category":"alignment"}},{"type":"Feature","geometry":{"type":"Point","coordinates":[75.7769543,26.8397451]},"properties":{"category":"alignment"}},{"type":"Feature","geometry":{"type":"LineString","coordinates":[[75.776954,26.839732],[75.776954,26.839745]]},"properties":{"category":"alignment"}},{"type":"Feature","geometry":{"type":"Point","coordinates":[75.7702367,26.8405663]},"properties":{"category":"alignment"}},{"type":"Feature","geometry":{"type":"LineString","coordinates":[[75.770237,26.840553],[75.770237,26.840566]]},"properties":{"category":"alignment"}},{"type":"Feature","geometry":{"type":"Point","coordinates":[75.7527141,26.8779602]},"properties":{"category":"alignment"}},{"type":"Feature","geometry":{"type":"LineString","coordinates":[[75.752714,26.877947],[75.752714,26.87796]]},"properties":{"category":"alignment"}},{"type":"Feature","geometry":{"type":"Point","coordinates":[75.7577186,26.8782575]},"properties":{"category":"alignment"}},{"type":"Feature","geometry":{"type":"LineString","coordinates":[[75.757718,26.878244],[75.757719,26.878258]]},"properties":{"category":"alignment"}},{"type":"Feature","geometry":{"type":"Point","coordinates":[75.7476681,26.876724]},"properties":{"category":"alignment"}},{"type":"Feature","geometry":{"type":"LineString","coordinates":[[75.747668,26.876711],[75.747668,26.876724]]},"properties":{"category":"alignment"}},{"type":"Feature","geometry":{"type":"LineString","coordinates":[[75.752713,26.877968],[75.750897,26.877812],[75.747719,26.876764]]},"properties":{"category":"alignment"}},{"type":"Feature","geometry":{"type":"LineString","coordinates":[[75.75515,26.871376],[75.751139,26.869821]]},"properties":{"category":"alignment"}},{"type":"Feature","geometry":{"type":"LineString","coordinates":[[75.756341,26.868954],[75.752231,26.867259]]},"properties":{"category":"alignment"}},{"type":"Feature","geometry":{"type":"LineString","coordinates":[[75.758351,26.86478],[75.754293,26.863125]]},"properties":{"category":"alignment"}},{"type":"Feature","geometry":{"type":"LineString","coordinates":[[75.763641,26.860899],[75.758879,26.856503]]},"properties":{"category":"alignment"}},{"type":"Feature","geometry":{"type":"LineString","coordinates":[[75.765525,26.858852],[75.764565,26.85749],[75.761167,26.854357]]},"properties":{"category":"alignment"}},{"type":"Feature","geometry":{"type":"LineString","coordinates":[[75.767399,26.852246],[75.763036,26.850534]]},"properties":{"category":"alignment"}},{"type":"Feature","geometry":{"type":"LineString","coordinates":[[75.747838,26.876741],[75.7523,26.867354],[75.756152,26.858707],[75.760906,26.854315],[75.764942,26.845247],[75.767982,26.839501]]},"properties":{"category":"alignment"}},{"type":"Feature","geometry":{"type":"LineString","coordinates":[[75.769478,26.847766],[75.76505,26.846148]]},"properties":{"category":"alignment"}},{"type":"Feature","geometry":{"type":"LineString","coordinates":[[75.770313,26.84058],[75.767816,26.839605]]},"properties":{"category":"alignment"}},{"type":"Feature","geometry":{"type":"LineString","coordinates":[[75.770497,26.845477],[75.76602,26.843816]]},"properties":{"category":"alignment"}},{"type":"Feature","geometry":{"type":"LineString","coordinates":[[75.772842,26.864909],[75.773739,26.86375],[75.773828,26.862516],[75.773192,26.857806],[75.773053,26.856217],[75.773805,26.851794],[75.773587,26.850471],[75.773841,26.849619],[75.775269,26.848274],[75.775891,26.847428],[75.777676,26.843876],[75.777132,26.839839],[75.770293,26.840613]]},"properties":{"category":"alignment"}},{"type":"Feature","geometry":{"type":"LineString","coordinates":[[75.773844,26.849576],[75.773844,26.849576]]},"properties":{"category":"median"}},{"type":"Feature","geometry":{"type":"LineString","coordinates":[[75.773576,26.850759],[75.773576,26.850759]]},"properties":{"category":"median"}},{"type":"Feature","geometry":{"type":"LineString","coordinates":[[75.773743,26.852027],[75.773743,26.852027]]},"properties":{"category":"median"}},{"type":"Feature","geometry":{"type":"LineString","coordinates":[[75.773323,26.854652],[75.773323,26.854652]]},"properties":{"category":"median"}},{"type":"Feature","geometry":{"type":"LineString","coordinates":[[75.773046,26.856325],[75.773046,26.856325]]},"properties":{"category":"median"}},{"type":"Feature","geometry":{"type":"LineString","coordinates":[[75.773215,26.857815],[75.773215,26.857815]]},"properties":{"category":"median"}},{"type":"Feature","geometry":{"type":"LineString","coordinates":[[75.77336,26.859029],[75.7735,26.86032],[75.773365,26.859059]]},"properties":{"category":"median"}},{"type":"Feature","geometry":{"type":"LineString","coordinates":[[75.773521,26.860381],[75.773666,26.861594],[75.773523,26.860407]]},"properties":{"category":"median"}},{"type":"Feature","geometry":{"type":"LineString","coordinates":[[75.773693,26.861817],[75.773683,26.861848]]},"properties":{"category":"median"}},{"type":"Feature","geometry":{"type":"LineString","coordinates":[[75.773683,26.861848],[75.773725,26.86215],[75.773697,26.861846]]},"properties":{"category":"median"}},{"type":"Feature","geometry":{"type":"LineString","coordinates":[[75.77374,26.862204],[75.77374,26.862204]]},"properties":{"category":"median"}},{"type":"Feature","geometry":{"type":"LineString","coordinates":[[75.77297,26.864877],[75.77297,26.864877]]},"properties":{"category":"median"}},{"type":"Feature","geometry":{"type":"LineString","coordinates":[[75.771653,26.866097],[75.771653,26.866097]]},"properties":{"category":"median"}},{"type":"Feature","geometry":{"type":"LineString","coordinates":[[75.770082,26.86698],[75.770082,26.86698]]},"properties":{"category":"median"}},{"type":"Feature","geometry":{"type":"LineString","coordinates":[[75.762969,26.867791],[75.762969,26.867791]]},"properties":{"category":"median"}},{"type":"Feature","geometry":{"type":"LineString","coordinates":[[75.761172,26.869288],[75.761175,26.869243],[75.761163,26.869293]]},"properties":{"category":"median"}},{"type":"Feature","geometry":{"type":"LineString","coordinates":[[75.761272,26.869303],[75.761117,26.86947],[75.760437,26.870714],[75.760013,26.871841],[75.7597,26.873046],[75.760025,26.871851],[75.760492,26.870616],[75.761094,26.86953],[75.761273,26.869304]]},"properties":{"category":"median"}},{"type":"Feature","geometry":{"type":"LineString","coordinates":[[75.75965,26.873332],[75.75965,26.873332]]},"properties":{"category":"median"}},{"type":"Feature","geometry":{"type":"LineString","coordinates":[[75.758507,26.876695],[75.758507,26.876695]]},"properties":{"category":"median"}},{"type":"Feature","geometry":{"type":"LineString","coordinates":[[75.757422,26.878159],[75.757422,26.878159]]},"properties":{"category":"median"}},{"type":"Feature","geometry":{"type":"LineString","coordinates":[[75.75581,26.87779],[75.75581,26.87779]]},"properties":{"category":"median"}},{"type":"Feature","geometry":{"type":"LineString","coordinates":[[75.752586,26.87794],[75.752586,26.87794]]},"properties":{"category":"median"}},{"type":"Feature","geometry":{"type":"LineString","coordinates":[[75.749416,26.877355],[75.749416,26.877355]]},"properties":{"category":"median"}},{"type":"Feature","geometry":{"type":"LineString","coordinates":[[75.770023,26.866644],[75.77014,26.86674],[75.770043,26.866634]]},"properties":{"category":"median"}},{"type":"Feature","geometry":{"type":"LineString","coordinates":[[75.773732,26.84934],[75.773732,26.84934]]},"properties":{"category":"median"}},{"type":"Feature","geometry":{"type":"LineString","coordinates":[[75.771925,26.84866],[75.771925,26.84866]]},"properties":{"category":"median"}},{"type":"Feature","geometry":{"type":"LineString","coordinates":[[75.769683,26.847822],[75.769683,26.847822]]},"properties":{"category":"median"}},{"type":"Feature","geometry":{"type":"LineString","coordinates":[[75.765473,26.846288],[75.767177,26.846894],[75.769246,26.847691],[75.767174,26.8469],[75.76547,26.846295]]},"properties":{"category":"median"}},{"type":"Feature","geometry":{"type":"LineString","coordinates":[[75.777616,26.843717],[75.777616,26.843717]]},"properties":{"category":"median"}},{"type":"Feature","geometry":{"type":"LineString","coordinates":[[75.776646,26.845917],[75.776646,26.845917]]},"properties":{"category":"median"}},{"type":"Feature","geometry":{"type":"LineString","coordinates":[[75.776812,26.845786],[75.776812,26.845786]]},"properties":{"category":"median"}},{"type":"Feature","geometry":{"type":"LineString","coordinates":[[75.770234,26.841804],[75.770471,26.843136],[75.770237,26.841876]]},"properties":{"category":"median"}},{"type":"Feature","geometry":{"type":"LineString","coordinates":[[75.770486,26.843229],[75.770486,26.843229]]},"properties":{"category":"median"}},{"type":"Feature","geometry":{"type":"LineString","coordinates":[[75.770683,26.844337],[75.770683,26.844337]]},"properties":{"category":"median"}},{"type":"Feature","geometry":{"type":"LineString","coordinates":[[75.770094,26.846435],[75.769805,26.847005],[75.769551,26.847599],[75.77006,26.846507]]},"properties":{"category":"median"}},{"type":"Feature","geometry":{"type":"LineString","coordinates":[[75.769407,26.847918],[75.769407,26.847918]]},"properties":{"category":"median"}},{"type":"Feature","geometry":{"type":"LineString","coordinates":[[75.768431,26.850028],[75.768311,26.8504],[75.768422,26.850052]]},"properties":{"category":"median"}},{"type":"Feature","geometry":{"type":"LineString","coordinates":[[75.768251,26.850521],[75.768251,26.850521]]},"properties":{"category":"median"}},{"type":"Feature","geometry":{"type":"LineString","coordinates":[[75.767434,26.852271],[75.767439,26.852259]]},"properties":{"category":"median"}},{"type":"Feature","geometry":{"type":"LineString","coordinates":[[75.767375,26.852396],[75.767375,26.852396]]},"properties":{"category":"median"}},{"type":"Feature","geometry":{"type":"LineString","coordinates":[[75.766292,26.85503],[75.766292,26.85503]]},"properties":{"category":"median"}},{"type":"Feature","geometry":{"type":"LineString","coordinates":[[75.766282,26.856596],[75.766282,26.856596]]},"properties":{"category":"median"}},{"type":"Feature","geometry":{"type":"Point","coordinates":[75.7655847,26.8589128]},"properties":{"category":"median"}},{"type":"Feature","geometry":{"type":"LineString","coordinates":[[75.765501,26.859011],[75.765501,26.859011]]},"properties":{"category":"median"}},{"type":"Feature","geometry":{"type":"LineString","coordinates":[[75.764833,26.859715],[75.763801,26.8607],[75.764845,26.859714]]},"properties":{"category":"median"}},{"type":"Feature","geometry":{"type":"Point","coordinates":[75.7636265,26.860857]},"properties":{"category":"median"}},{"type":"Feature","geometry":{"type":"LineString","coordinates":[[75.763469,26.861028],[75.763469,26.861028]]},"properties":{"category":"median"}},{"type":"Feature","geometry":{"type":"LineString","coordinates":[[75.762186,26.862292],[75.762186,26.862292]]},"properties":{"category":"median"}},{"type":"Feature","geometry":{"type":"LineString","coordinates":[[75.759626,26.874189],[75.759544,26.874165],[75.759625,26.874171]]},"properties":{"category":"median"}},{"type":"Feature","geometry":{"type":"LineString","coordinates":[[75.747789,26.876957],[75.747789,26.876957]]},"properties":{"category":"median"}},{"type":"Feature","geometry":{"type":"LineString","coordinates":[[75.760181,26.863136],[75.760181,26.863136]]},"properties":{"category":"median"}},{"type":"Feature","geometry":{"type":"LineString","coordinates":[[75.758326,26.864921],[75.758326,26.864921]]},"properties":{"category":"median"}},{"type":"Feature","geometry":{"type":"LineString","coordinates":[[75.756974,26.867627],[75.756974,26.867627]]},"properties":{"category":"median"}},{"type":"Feature","geometry":{"type":"LineString","coordinates":[[75.756281,26.869036],[75.756281,26.869036]]},"properties":{"category":"median"}},{"type":"Feature","geometry":{"type":"LineString","coordinates":[[75.755043,26.871527],[75.755043,26.871527]]},"properties":{"category":"median"}},{"type":"Feature","geometry":{"type":"LineString","coordinates":[[75.754291,26.873047],[75.754291,26.873047]]},"properties":{"category":"median"}},{"type":"Feature","geometry":{"type":"LineString","coordinates":[[75.754023,26.873599],[75.754023,26.873599]]},"properties":{"category":"median"}},{"type":"Feature","geometry":{"type":"LineString","coordinates":[[75.753259,26.87516],[75.753259,26.87516]]},"properties":{"category":"median"}},{"type":"Feature","geometry":{"type":"LineString","coordinates":[[75.763456,26.860712],[75.763518,26.860752],[75.763468,26.860696]]},"properties":{"category":"median"}},{"type":"Feature","geometry":{"type":"LineString","coordinates":[[75.763249,26.860703],[75.763235,26.860673],[75.763267,26.860674],[75.763495,26.860882],[75.763441,26.860873],[75.7633,26.860746]]},"properties":{"category":"median"}},{"type":"Feature","geometry":{"type":"LineString","coordinates":[[75.757005,26.867539],[75.75701,26.86754]]},"properties":{"category":"median"}},{"type":"Feature","geometry":{"type":"LineString","coordinates":[[75.775456,26.828439],[75.77427,26.829647],[75.775464,26.828444]]},"properties":{"category":"median"}},{"type":"Feature","geometry":{"type":"LineString","coordinates":[[75.773995,26.829924],[75.773995,26.829924]]},"properties":{"category":"median"}},{"type":"Feature","geometry":{"type":"LineString","coordinates":[[75.773058,26.830846],[75.773058,26.830846]]},"properties":{"category":"median"}},{"type":"Feature","geometry":{"type":"LineString","coordinates":[[75.772025,26.831914],[75.77086,26.833135],[75.770482,26.833595],[75.770466,26.833586],[75.770532,26.833499],[75.770847,26.833124],[75.771894,26.83205]]},"properties":{"category":"median"}},{"type":"Feature","geometry":{"type":"LineString","coordinates":[[75.77038,26.833708],[75.77038,26.833708]]},"properties":{"category":"median"}},{"type":"Feature","geometry":{"type":"LineString","coordinates":[[75.768621,26.837609],[75.768621,26.837609]]},"properties":{"category":"median"}},{"type":"Feature","geometry":{"type":"LineString","coordinates":[[75.767686,26.839703],[75.767686,26.839703]]},"properties":{"category":"median"}},{"type":"Feature","geometry":{"type":"LineString","coordinates":[[75.76468,26.846222],[75.76468,26.846222]]},"properties":{"category":"median"}},{"type":"Feature","geometry":{"type":"LineString","coordinates":[[75.762699,26.850556],[75.762699,26.850556]]},"properties":{"category":"median"}},{"type":"Feature","geometry":{"type":"LineString","coordinates":[[75.75833,26.856564],[75.75833,26.856564]]},"properties":{"category":"median"}},{"type":"Feature","geometry":{"type":"LineString","coordinates":[[75.754009,26.863204],[75.754009,26.863204]]},"properties":{"category":"median"}},{"type":"Feature","geometry":{"type":"LineString","coordinates":[[75.75074,26.869808],[75.75074,26.869808]]},"properties":{"category":"median"}},{"type":"Feature","geometry":{"type":"LineString","coordinates":[[75.747581,26.877033],[75.747581,26.877033]]},"properties":{"category":"median"}},{"type":"Feature","geometry":{"type":"LineString","coordinates":[[75.764304,26.845968],[75.764571,26.846056],[75.764432,26.846041],[75.764306,26.845972]]},"properties":{"category":"median"}},{"type":"Feature","geometry":{"type":"LineString","coordinates":[[75.762893,26.8492],[75.762959,26.849209],[75.762898,26.849179]]},"properties":{"category":"median"}},{"type":"Feature","geometry":{"type":"LineString","coordinates":[[75.758207,26.85633],[75.758283,26.856393],[75.758211,26.856326]]},"properties":{"category":"median"}},{"type":"Feature","geometry":{"type":"LineString","coordinates":[[75.754027,26.862698],[75.75395,26.862862],[75.754036,26.862699]]},"properties":{"category":"median"}},{"type":"Feature","geometry":{"type":"LineString","coordinates":[[75.75416,26.862593],[75.754016,26.862868],[75.75403,26.86288],[75.754165,26.862606]]},"properties":{"category":"median"}},{"type":"Feature","geometry":{"type":"LineString","coordinates":[[75.753893,26.863148],[75.753285,26.864369],[75.753894,26.863148]]},"properties":{"category":"median"}},{"type":"Feature","geometry":{"type":"LineString","coordinates":[[75.749112,26.872349],[75.749187,26.872391],[75.749109,26.872367]]},"properties":{"category":"median"}},{"type":"Feature","geometry":{"type":"LineString","coordinates":[[75.764909,26.846218],[75.764909,26.846218]]},"properties":{"category":"median"}},{"type":"Feature","geometry":{"type":"LineString","coordinates":[[75.7729,26.864669],[75.7729,26.864669]]},"properties":{"category":"median"}},{"type":"Feature","geometry":{"type":"LineString","coordinates":[[75.772158,26.864056],[75.772158,26.864056]]},"properties":{"category":"median"}},{"type":"Feature","geometry":{"type":"LineString","coordinates":[[75.770501,26.862725],[75.770196,26.862483],[75.769207,26.8621],[75.770123,26.862469],[75.770345,26.862606]]},"properties":{"category":"median"}},{"type":"Feature","geometry":{"type":"LineString","coordinates":[[75.769071,26.862047],[75.767715,26.861476],[75.767133,26.860956],[75.767708,26.86149],[75.769016,26.862024]]},"properties":{"category":"median"}},{"type":"Feature","geometry":{"type":"LineString","coordinates":[[75.766998,26.860853],[75.766651,26.86048],[75.766404,26.860121],[75.766381,26.860121],[75.766406,26.860164],[75.766632,26.860484],[75.766835,26.860705]]},"properties":{"category":"median"}},{"type":"Feature","geometry":{"type":"LineString","coordinates":[[75.766275,26.859962],[75.765711,26.859075],[75.765697,26.859087],[75.766207,26.85986]]},"properties":{"category":"median"}},{"type":"Feature","geometry":{"type":"LineString","coordinates":[[75.7588,26.856531],[75.7588,26.856531]]},"properties":{"category":"median"}},{"type":"Feature","geometry":{"type":"LineString","coordinates":[[75.759519,26.857181],[75.759541,26.857171],[75.760955,26.858443],[75.760935,26.858452],[75.759674,26.85732]]},"properties":{"category":"median"}},{"type":"Feature","geometry":{"type":"LineString","coordinates":[[75.761023,26.858529],[75.76104,26.858519],[75.763468,26.860696]]},"properties":{"category":"median"}},{"type":"Feature","geometry":{"type":"LineString","coordinates":[[75.763456,26.860712],[75.761023,26.858529]]},"properties":{"category":"median"}},{"type":"Feature","geometry":{"type":"LineString","coordinates":[[75.763784,26.861019],[75.763756,26.860987],[75.76378,26.860984],[75.76429,26.861441],[75.76447,26.861606],[75.76445,26.861617],[75.763928,26.861149]]},"properties":{"category":"median"}},{"type":"Feature","geometry":{"type":"LineString","coordinates":[[75.764557,26.861714],[75.764576,26.861701],[75.765026,26.862105],[75.765172,26.862238],[75.765155,26.862253],[75.764707,26.861849]]},"properties":{"category":"median"}},{"type":"Feature","geometry":{"type":"LineString","coordinates":[[75.765242,26.86233],[75.765242,26.86233]]},"properties":{"category":"median"}},{"type":"Feature","geometry":{"type":"LineString","coordinates":[[75.76647,26.863441],[75.766489,26.863427],[75.767823,26.864631],[75.768118,26.8649],[75.7681,26.864912],[75.766616,26.863573]]},"properties":{"category":"median"}},{"type":"Feature","geometry":{"type":"LineString","coordinates":[[75.768195,26.864998],[75.768214,26.864985],[75.770043,26.866634]]},"properties":{"category":"median"}},{"type":"Feature","geometry":{"type":"LineString","coordinates":[[75.759122,26.856665],[75.759122,26.856665]]},"properties":{"category":"median"}},{"type":"Feature","geometry":{"type":"LineString","coordinates":[[75.759178,26.856617],[75.761048,26.858307],[75.761141,26.858254]]},"properties":{"category":"median"}},{"type":"Feature","geometry":{"type":"LineString","coordinates":[[75.761169,26.858281],[75.761102,26.858362],[75.761242,26.858435],[75.761479,26.858659],[75.76155,26.858766],[75.761639,26.858702]]},"properties":{"category":"median"}},{"type":"Feature","geometry":{"type":"LineString","coordinates":[[75.761676,26.858732],[75.761594,26.858797],[75.761672,26.858874],[75.76164,26.858926],[75.761683,26.858967],[75.761704,26.858952],[75.761876,26.859046],[75.763215,26.86025],[75.763266,26.860224]]},"properties":{"category":"median"}},{"type":"Feature","geometry":{"type":"LineString","coordinates":[[75.761845,26.859079],[75.761845,26.859079]]},"properties":{"category":"median"}},{"type":"Feature","geometry":{"type":"LineString","coordinates":[[75.762618,26.859773],[75.762618,26.859773]]},"properties":{"category":"median"}},{"type":"Feature","geometry":{"type":"LineString","coordinates":[[75.759019,26.856906],[75.75901,26.856885],[75.759038,26.856881],[75.759343,26.857152],[75.759361,26.857174],[75.75934,26.857191],[75.759036,26.856921]]},"properties":{"category":"median"}},{"type":"Feature","geometry":{"type":"LineString","coordinates":[[75.759415,26.857264],[75.759406,26.857238],[75.759429,26.857231],[75.760565,26.858229],[75.760607,26.858274],[75.760568,26.858296],[75.759431,26.857275]]},"properties":{"category":"median"}},{"type":"Feature","geometry":{"type":"LineString","coordinates":[[75.760661,26.858379],[75.760649,26.858351],[75.760682,26.858356],[75.760881,26.858536],[75.760862,26.858557],[75.760758,26.858465]]},"properties":{"category":"median"}},{"type":"Feature","geometry":{"type":"LineString","coordinates":[[75.760922,26.858614],[75.760949,26.858595],[75.761276,26.858889],[75.761255,26.858913],[75.760951,26.858643]]},"properties":{"category":"median"}},{"type":"Feature","geometry":{"type":"LineString","coordinates":[[75.761302,26.858957],[75.761337,26.858939],[75.761547,26.859143],[75.761522,26.859166],[75.761439,26.859077]]},"properties":{"category":"median"}},{"type":"Feature","geometry":{"type":"LineString","coordinates":[[75.761581,26.859207],[75.761602,26.859182],[75.76217,26.859691],[75.762317,26.85983],[75.762285,26.859839],[75.761717,26.859329]]},"properties":{"category":"median"}},{"type":"Feature","geometry":{"type":"LineString","coordinates":[[75.762376,26.85992],[75.76237,26.859882],[75.76242,26.859914],[75.762623,26.860097],[75.762594,26.860116],[75.762503,26.860034]]},"properties":{"category":"median"}},{"type":"Feature","geometry":{"type":"LineString","coordinates":[[75.762677,26.860192],[75.762679,26.860165],[75.762704,26.860168],[75.763184,26.860602],[75.763168,26.86062],[75.762678,26.860192]]},"properties":{"category":"median"}},{"type":"Feature","geometry":{"type":"LineString","coordinates":[[75.763897,26.860958],[75.763897,26.860958]]},"properties":{"category":"median"}},{"type":"Feature","geometry":{"type":"LineString","coordinates":[[75.764192,26.861221],[75.76421,26.861206],[75.76453,26.861485],[75.764505,26.861502],[75.764363,26.861376]]},"properties":{"category":"median"}},{"type":"Feature","geometry":{"type":"LineString","coordinates":[[75.764769,26.861742],[75.76479,26.861728],[75.765078,26.861987],[75.765058,26.862002],[75.764826,26.86179]]},"properties":{"category":"median"}},{"type":"Feature","geometry":{"type":"LineString","coordinates":[[75.765124,26.862067],[75.76514,26.862047],[75.765166,26.862069],[75.765151,26.862086]]},"properties":{"category":"median"}},{"type":"Feature","geometry":{"type":"LineString","coordinates":[[75.765212,26.862143],[75.765229,26.862127],[75.765357,26.862241],[75.765343,26.862259],[75.765265,26.862192]]},"properties":{"category":"median"}},{"type":"Feature","geometry":{"type":"LineString","coordinates":[[75.765422,26.862333],[75.76543,26.862311],[75.765427,26.862334]]},"properties":{"category":"median"}},{"type":"Feature","geometry":{"type":"LineString","coordinates":[[75.765516,26.862418],[75.765534,26.862402],[75.765676,26.862532],[75.765656,26.862545],[75.765546,26.862446]]},"properties":{"category":"median"}},{"type":"Feature","geometry":{"type":"LineString","coordinates":[[75.765752,26.862628],[75.765774,26.86262],[75.765752,26.86263]]},"properties":{"category":"median"}},{"type":"Feature","geometry":{"type":"LineString","coordinates":[[75.765824,26.862696],[75.76584,26.862679],[75.765871,26.862703],[75.765856,26.862725]]},"properties":{"category":"median"}},{"type":"Feature","geometry":{"type":"LineString","coordinates":[[75.765922,26.862787],[75.765936,26.862766],[75.765978,26.862802],[75.76596,26.862818]]},"properties":{"category":"median"}},{"type":"Feature","geometry":{"type":"LineString","coordinates":[[75.767416,26.864132],[75.76618,26.863022],[75.766185,26.862993],[75.767394,26.864073],[75.768541,26.865117],[75.768516,26.865125],[75.768445,26.865064],[75.767506,26.864213]]},"properties":{"category":"median"}},{"type":"Feature","geometry":{"type":"LineString","coordinates":[[75.768665,26.865256],[75.768673,26.865236],[75.768783,26.865331],[75.769774,26.866226],[75.769729,26.866218],[75.768733,26.865321]]},"properties":{"category":"median"}},{"type":"Feature","geometry":{"type":"LineString","coordinates":[[75.769918,26.866385],[75.769923,26.86636],[75.770188,26.866595],[75.770171,26.866612],[75.770016,26.866475]]},"properties":{"category":"median"}},{"type":"Feature","geometry":{"type":"LineString","coordinates":[[75.764753,26.862072],[75.76374,26.861163],[75.763764,26.861143],[75.763903,26.861259],[75.764777,26.86204],[75.764762,26.862063]]},"properties":{"category":"median"}},{"type":"Feature","geometry":{"type":"LineString","coordinates":[[75.764819,26.862132],[75.764819,26.862132]]},"properties":{"category":"median"}},{"type":"Feature","geometry":{"type":"LineString","coordinates":[[75.765143,26.862425],[75.76625,26.863423],[75.766259,26.86339],[75.766206,26.863339],[75.765181,26.862411],[75.765156,26.862415]]},"properties":{"category":"median"}},{"type":"Feature","geometry":{"type":"LineString","coordinates":[[75.766392,26.863553],[75.766392,26.863553]]},"properties":{"category":"median"}},{"type":"Feature","geometry":{"type":"LineString","coordinates":[[75.767132,26.864221],[75.767171,26.864205],[75.768018,26.864971],[75.768002,26.865005],[75.767307,26.86438]]},"properties":{"category":"median"}},{"type":"Feature","geometry":{"type":"LineString","coordinates":[[75.768102,26.865098],[75.769988,26.866787],[75.770011,26.866768],[75.768139,26.865079],[75.76811,26.865085]]},"properties":{"category":"median"}},{"type":"Feature","geometry":{"type":"LineString","coordinates":[[75.764753,26.862073],[75.764752,26.862073]]},"properties":{"category":"median"}},{"type":"Feature","geometry":{"type":"LineString","coordinates":[[75.765141,26.862425],[75.765146,26.86243]]},"properties":{"category":"median"}},{"type":"Feature","geometry":{"type":"LineString","coordinates":[[75.76639,26.863554],[75.766396,26.863558]]},"properties":{"category":"median"}},{"type":"Feature","geometry":{"type":"LineString","coordinates":[[75.768101,26.865099],[75.768103,26.865101]]},"properties":{"category":"median"}},{"type":"Feature","geometry":{"type":"LineString","coordinates":[[75.765211,26.862144],[75.765209,26.862137]]},"properties":{"category":"median"}},{"type":"Feature","geometry":{"type":"LineString","coordinates":[[75.765515,26.862419],[75.765514,26.862412]]},"properties":{"category":"median"}},{"type":"Feature","geometry":{"type":"LineString","coordinates":[[75.765823,26.862696],[75.765822,26.862695]]},"properties":{"category":"median"}},{"type":"Feature","geometry":{"type":"LineString","coordinates":[[75.765921,26.862788],[75.765918,26.862778]]},"properties":{"category":"median"}},{"type":"Feature","geometry":{"type":"LineString","coordinates":[[75.767132,26.864222],[75.767131,26.86422]]},"properties":{"category":"median"}},{"type":"Feature","geometry":{"type":"LineString","coordinates":[[75.769998,26.866156],[75.769921,26.866237],[75.770012,26.866173]]},"properties":{"category":"median"}},{"type":"Feature","geometry":{"type":"LineString","coordinates":[[75.75445,26.863234],[75.75445,26.863234]]},"properties":{"category":"median"}},{"type":"Feature","geometry":{"type":"LineString","coordinates":[[75.755226,26.863535],[75.75531,26.863569]]},"properties":{"category":"median"}},{"type":"Feature","geometry":{"type":"LineString","coordinates":[[75.75601,26.863849],[75.75601,26.863849]]},"properties":{"category":"median"}},{"type":"Feature","geometry":{"type":"LineString","coordinates":[[75.756459,26.864029],[75.756584,26.864081]]},"properties":{"category":"median"}},{"type":"Feature","geometry":{"type":"LineString","coordinates":[[75.757106,26.864285],[75.757185,26.864317]]},"properties":{"category":"median"}},{"type":"Feature","geometry":{"type":"LineString","coordinates":[[75.757446,26.864417],[75.757446,26.864417]]},"properties":{"category":"median"}},{"type":"Feature","geometry":{"type":"LineString","coordinates":[[75.758665,26.864892],[75.758665,26.864892]]},"properties":{"category":"median"}},{"type":"Feature","geometry":{"type":"LineString","coordinates":[[75.758879,26.864979],[75.758966,26.865013]]},"properties":{"category":"median"}},{"type":"Feature","geometry":{"type":"LineString","coordinates":[[75.759698,26.865299],[75.759775,26.86533]]},"properties":{"category":"median"}},{"type":"Feature","geometry":{"type":"LineString","coordinates":[[75.760763,26.865718],[75.760763,26.865718]]},"properties":{"category":"median"}},{"type":"Feature","geometry":{"type":"LineString","coordinates":[[75.76194,26.866264],[75.762356,26.866725],[75.762565,26.86701],[75.762002,26.866336]]},"properties":{"category":"median"}},{"type":"Feature","geometry":{"type":"LineString","coordinates":[[75.762617,26.867075],[75.762631,26.867091]]},"properties":{"category":"median"}},{"type":"Feature","geometry":{"type":"LineString","coordinates":[[75.762783,26.867288],[75.76297,26.867501],[75.763008,26.867578],[75.762843,26.867368]]},"properties":{"category":"median"}},{"type":"Feature","geometry":{"type":"LineString","coordinates":[[75.751153,26.869823],[75.751153,26.869823]]},"properties":{"category":"median"}},{"type":"Feature","geometry":{"type":"LineString","coordinates":[[75.752538,26.870371],[75.752597,26.870399]]},"properties":{"category":"median"}},{"type":"Feature","geometry":{"type":"LineString","coordinates":[[75.75282,26.870485],[75.753236,26.870648],[75.752889,26.870515]]},"properties":{"category":"median"}},{"type":"Feature","geometry":{"type":"LineString","coordinates":[[75.753319,26.870686],[75.753362,26.870703]]},"properties":{"category":"median"}},{"type":"Feature","geometry":{"type":"LineString","coordinates":[[75.753924,26.870922],[75.754941,26.871315],[75.754003,26.870955]]},"properties":{"category":"median"}},{"type":"Feature","geometry":{"type":"LineString","coordinates":[[75.755324,26.871474],[75.757276,26.872244],[75.75532,26.871482]]},"properties":{"category":"median"}},{"type":"Feature","geometry":{"type":"LineString","coordinates":[[75.757418,26.872304],[75.757494,26.872335]]},"properties":{"category":"median"}},{"type":"Feature","geometry":{"type":"LineString","coordinates":[[75.758619,26.872784],[75.759509,26.873125],[75.758698,26.872818]]},"properties":{"category":"median"}},{"type":"Feature","geometry":{"type":"LineString","coordinates":[[75.773552,26.849456],[75.773692,26.849507],[75.773498,26.850019],[75.773439,26.850003]]},"properties":{"category":"structures"}},{"type":"Feature","geometry":{"type":"LineString","coordinates":[[75.773426,26.850084],[75.773485,26.850108],[75.773298,26.850633],[75.773234,26.850619]]},"properties":{"category":"structures"}},{"type":"Feature","geometry":{"type":"LineString","coordinates":[[75.773259,26.850704],[75.773415,26.850742],[75.773584,26.851789],[75.773558,26.851805]]},"properties":{"category":"structures"}},{"type":"Feature","geometry":{"type":"LineString","coordinates":[[75.773491,26.851904],[75.773607,26.851948],[75.773484,26.852494],[75.773362,26.853427],[75.773228,26.853412]]},"properties":{"category":"structures"}},{"type":"Feature","geometry":{"type":"LineString","coordinates":[[75.773286,26.853498],[75.773352,26.853506],[75.773217,26.854402],[75.773033,26.854363]]},"properties":{"category":"structures"}},{"type":"Feature","geometry":{"type":"LineString","coordinates":[[75.773002,26.854569],[75.773154,26.854575],[75.77315,26.8548],[75.772993,26.855645],[75.772832,26.855621]]},"properties":{"category":"structures"}},{"type":"Feature","geometry":{"type":"LineString","coordinates":[[75.772782,26.855808],[75.772876,26.855818],[75.772906,26.856145],[75.772704,26.856166]]},"properties":{"category":"structures"}},{"type":"Feature","geometry":{"type":"LineString","coordinates":[[75.772878,26.856287],[75.772922,26.856626],[75.772783,26.856641]]},"properties":{"category":"structures"}},{"type":"Feature","geometry":{"type":"LineString","coordinates":[[75.772856,26.856702],[75.77293,26.856702],[75.773054,26.857781],[75.772999,26.857785]]},"properties":{"category":"structures"}},{"type":"Feature","geometry":{"type":"LineString","coordinates":[[75.773018,26.857863],[75.77307,26.857869],[75.773137,26.858427],[75.773048,26.858432]]},"properties":{"category":"structures"}},{"type":"Feature","geometry":{"type":"LineString","coordinates":[[75.773082,26.85851],[75.773152,26.858506],[75.773189,26.858829],[75.773042,26.858842]]},"properties":{"category":"structures"}},{"type":"Feature","geometry":{"type":"LineString","coordinates":[[75.773201,26.858992],[75.773355,26.860328],[75.773287,26.860331]]},"properties":{"category":"structures"}},{"type":"Feature","geometry":{"type":"LineString","coordinates":[[75.773285,26.860432],[75.773379,26.860426],[75.773522,26.861636],[75.773382,26.861642]]},"properties":{"category":"structures"}},{"type":"Feature","geometry":{"type":"LineString","coordinates":[[75.773392,26.861815],[75.773544,26.861802],[75.773585,26.862127],[75.773456,26.862141]]},"properties":{"category":"structures"}},{"type":"Feature","geometry":{"type":"LineString","coordinates":[[75.773401,26.862221],[75.77355,26.862205],[75.773571,26.86239],[75.773613,26.862389],[75.77373,26.863429],[75.773726,26.863385],[75.77373,26.863429],[75.773538,26.863826],[75.773446,26.863762]]},"properties":{"category":"structures"}},{"type":"Feature","geometry":{"type":"LineString","coordinates":[[75.773342,26.863827],[75.773456,26.863912],[75.773319,26.864156],[75.773179,26.864068]]},"properties":{"category":"structures"}},{"type":"Feature","geometry":{"type":"LineString","coordinates":[[75.773319,26.864156],[75.773015,26.86456],[75.772852,26.864425]]},"properties":{"category":"structures"}},{"type":"Feature","geometry":{"type":"LineString","coordinates":[[75.772827,26.864863],[75.772845,26.864845],[75.772823,26.864825]]},"properties":{"category":"structures"}},{"type":"Feature","geometry":{"type":"LineString","coordinates":[[75.772827,26.864863],[75.772805,26.864844]]},"properties":{"category":"structures"}},{"type":"Feature","geometry":{"type":"LineString","coordinates":[[75.772823,26.864825],[75.772805,26.864844]]},"properties":{"category":"structures"}},{"type":"Feature","geometry":{"type":"LineString","coordinates":[[75.77376,26.849467],[75.773736,26.849458],[75.773725,26.84948],[75.773749,26.849488]]},"properties":{"category":"structures"}},{"type":"Feature","geometry":{"type":"LineString","coordinates":[[75.773777,26.852712],[75.773751,26.852939],[75.77418,26.85301]]},"properties":{"category":"structures"}},{"type":"Feature","geometry":{"type":"LineString","coordinates":[[75.773751,26.852939],[75.773723,26.853066],[75.774166,26.853117],[75.77418,26.85301]]},"properties":{"category":"structures"}},{"type":"Feature","geometry":{"type":"LineString","coordinates":[[75.773664,26.853488],[75.773689,26.853327],[75.774018,26.853362],[75.77399,26.85353]]},"properties":{"category":"structures"}},{"type":"Feature","geometry":{"type":"LineString","coordinates":[[75.773985,26.853607],[75.773663,26.853568],[75.773598,26.853893],[75.773942,26.853931]]},"properties":{"category":"structures"}},{"type":"Feature","geometry":{"type":"LineString","coordinates":[[75.773774,26.854016],[75.773584,26.853995],[75.773372,26.855236],[75.773601,26.855277]]},"properties":{"category":"structures"}},{"type":"Feature","geometry":{"type":"LineString","coordinates":[[75.773421,26.856378],[75.773191,26.856351],[75.773172,26.856584],[75.773222,26.856637],[75.773409,26.856662]]},"properties":{"category":"structures"}},{"type":"Feature","geometry":{"type":"LineString","coordinates":[[75.773426,26.856747],[75.773234,26.856719],[75.773275,26.857069],[75.773455,26.857078]]},"properties":{"category":"structures"}},{"type":"Feature","geometry":{"type":"LineString","coordinates":[[75.77349,26.857162],[75.773288,26.857151],[75.773341,26.857673],[75.773544,26.857646]]},"properties":{"category":"structures"}},{"type":"Feature","geometry":{"type":"LineString","coordinates":[[75.773599,26.858285],[75.773416,26.858306],[75.773456,26.858627],[75.773657,26.858605]]},"properties":{"category":"structures"}},{"type":"Feature","geometry":{"type":"LineString","coordinates":[[75.774255,26.863576],[75.773972,26.863595],[75.774057,26.864113],[75.774082,26.864236],[75.774133,26.864311],[75.774394,26.864282]]},"properties":{"category":"structures"}},{"type":"Feature","geometry":{"type":"LineString","coordinates":[[75.773976,26.86452],[75.773611,26.864337],[75.773744,26.864117],[75.773949,26.864227]]},"properties":{"category":"structures"}},{"type":"Feature","geometry":{"type":"LineString","coordinates":[[75.77454,26.849499],[75.774313,26.84934],[75.774714,26.848931]]},"properties":{"category":"structures"}},{"type":"Feature","geometry":{"type":"LineString","coordinates":[[75.775156,26.848621],[75.775084,26.84856],[75.774714,26.848931],[75.774874,26.849068]]},"properties":{"category":"structures"}},{"type":"Feature","geometry":{"type":"LineString","coordinates":[[75.774313,26.84934],[75.774079,26.849573],[75.774094,26.849613],[75.774228,26.849641]]},"properties":{"category":"structures"}},{"type":"Feature","geometry":{"type":"LineString","coordinates":[[75.774178,26.851551],[75.773863,26.851536],[75.773723,26.850755],[75.773696,26.85064],[75.773663,26.850637],[75.773748,26.85031],[75.774012,26.850362]]},"properties":{"category":"structures"}},{"type":"Feature","geometry":{"type":"LineString","coordinates":[[75.773863,26.851536],[75.773903,26.851925],[75.773862,26.852225],[75.774077,26.852245]]},"properties":{"category":"structures"}},{"type":"Feature","geometry":{"type":"LineString","coordinates":[[75.774055,26.852735],[75.773777,26.852712],[75.773788,26.852639],[75.773812,26.852644],[75.773866,26.852334],[75.774154,26.852362]]},"properties":{"category":"structures"}},{"type":"Feature","geometry":{"type":"LineString","coordinates":[[75.773554,26.855335],[75.77336,26.855315],[75.773214,26.856078],[75.773197,26.856189],[75.773387,26.856221]]},"properties":{"category":"structures"}},{"type":"Feature","geometry":{"type":"LineString","coordinates":[[75.773509,26.857733],[75.773349,26.857753],[75.773409,26.858225],[75.773656,26.8582]]},"properties":{"category":"structures"}},{"type":"Feature","geometry":{"type":"LineString","coordinates":[[75.773626,26.858691],[75.773467,26.858711],[75.773478,26.858802],[75.77351,26.859014],[75.773673,26.859015]]},"properties":{"category":"structures"}},{"type":"Feature","geometry":{"type":"LineString","coordinates":[[75.77382,26.859072],[75.773515,26.85911],[75.773575,26.859606],[75.773818,26.859569]]},"properties":{"category":"structures"}},{"type":"Feature","geometry":{"type":"LineString","coordinates":[[75.77537,26.848778],[75.77521,26.848459],[75.775301,26.848369],[75.775327,26.848389],[75.775752,26.847974],[75.775974,26.848141]]},"properties":{"category":"structures"}},{"type":"Feature","geometry":{"type":"LineString","coordinates":[[75.773575,26.859606],[75.773718,26.860866],[75.773736,26.860865],[75.773715,26.860962],[75.77385,26.861843],[75.77384,26.861976],[75.773867,26.861974],[75.773875,26.862135],[75.773957,26.862127],[75.77398,26.862219],[75.773987,26.862281],[75.773894,26.862299],[75.774019,26.863377],[75.77403,26.863437],[75.774118,26.863428]]},"properties":{"category":"structures"}},{"type":"Feature","geometry":{"type":"LineString","coordinates":[[75.774213,26.850265],[75.774057,26.850282],[75.773802,26.85024],[75.773978,26.849667],[75.774415,26.849763]]},"properties":{"category":"structures"}},{"type":"Feature","geometry":{"type":"LineString","coordinates":[[75.773724,26.850302],[75.773735,26.850303]]},"properties":{"category":"structures"}},{"type":"Feature","geometry":{"type":"LineString","coordinates":[[75.773611,26.864337],[75.773531,26.864358],[75.773058,26.864956],[75.773496,26.865125]]},"properties":{"category":"structures"}},{"type":"Feature","geometry":{"type":"LineString","coordinates":[[75.773741,26.863247],[75.773735,26.863247]]},"properties":{"category":"structures"}},{"type":"Feature","geometry":{"type":"LineString","coordinates":[[75.772759,26.864724],[75.772845,26.864796],[75.772638,26.865066],[75.772375,26.865335],[75.771251,26.866238],[75.770446,26.8667],[75.770077,26.86638]]},"properties":{"category":"structures"}},{"type":"Feature","geometry":{"type":"LineString","coordinates":[[75.768241,26.867145],[75.768171,26.867196]]},"properties":{"category":"structures"}},{"type":"Feature","geometry":{"type":"LineString","coordinates":[[75.769395,26.848223],[75.769555,26.847886],[75.769948,26.848041],[75.7699,26.848162]]},"properties":{"category":"structures"}},{"type":"Feature","geometry":{"type":"LineString","coordinates":[[75.769965,26.848198],[75.769997,26.848134],[75.770036,26.848149],[75.770065,26.848093],[75.771785,26.848734],[75.77171,26.848905]]},"properties":{"category":"structures"}},{"type":"Feature","geometry":{"type":"LineString","coordinates":[[75.771802,26.848974],[75.771899,26.848775],[75.772231,26.848902],[75.772165,26.849063]]},"properties":{"category":"structures"}},{"type":"Feature","geometry":{"type":"LineString","coordinates":[[75.772246,26.849066],[75.772314,26.848932],[75.773462,26.849363],[75.773375,26.849581]]},"properties":{"category":"structures"}},{"type":"Feature","geometry":{"type":"LineString","coordinates":[[75.773477,26.849611],[75.773552,26.849456]]},"properties":{"category":"structures"}},{"type":"Feature","geometry":{"type":"LineString","coordinates":[[75.769285,26.84784],[75.768331,26.847451],[75.768274,26.847577]]},"properties":{"category":"structures"}},{"type":"Feature","geometry":{"type":"LineString","coordinates":[[75.768209,26.847555],[75.768263,26.847424],[75.767979,26.847322],[75.767917,26.847464]]},"properties":{"category":"structures"}},{"type":"Feature","geometry":{"type":"LineString","coordinates":[[75.767829,26.84744],[75.767899,26.847281],[75.767094,26.846992],[75.767033,26.847131]]},"properties":{"category":"structures"}},{"type":"Feature","geometry":{"type":"LineString","coordinates":[[75.766981,26.847088],[75.767032,26.846974],[75.766732,26.846854],[75.766675,26.846978]]},"properties":{"category":"structures"}},{"type":"Feature","geometry":{"type":"LineString","coordinates":[[75.7666,26.84697],[75.766654,26.846825],[75.765403,26.846371],[75.765358,26.846487]]},"properties":{"category":"structures"}},{"type":"Feature","geometry":{"type":"LineString","coordinates":[[75.76528,26.846469],[75.765332,26.846345],[75.765022,26.846232],[75.764962,26.846354]]},"properties":{"category":"structures"}},{"type":"Feature","geometry":{"type":"LineString","coordinates":[[75.767789,26.840143],[75.767902,26.839889],[75.769133,26.840313],[75.769118,26.840449],[75.770058,26.840816],[75.769998,26.841432],[75.769682,26.841311]]},"properties":{"category":"structures"}},{"type":"Feature","geometry":{"type":"LineString","coordinates":[[75.770302,26.841004],[75.770343,26.840925],[75.770455,26.840882],[75.770704,26.840907],[75.771198,26.840862],[75.7728,26.840633],[75.772925,26.841312],[75.77283,26.841324]]},"properties":{"category":"structures"}},{"type":"Feature","geometry":{"type":"LineString","coordinates":[[75.77289,26.840612],[75.774122,26.840452],[75.774165,26.840467],[75.773991,26.840792]]},"properties":{"category":"structures"}},{"type":"Feature","geometry":{"type":"LineString","coordinates":[[75.774469,26.840408],[75.774469,26.840408]]},"properties":{"category":"structures"}},{"type":"Feature","geometry":{"type":"LineString","coordinates":[[75.776964,26.840988],[75.777132,26.840963],[75.777533,26.843497],[75.777235,26.843535],[75.777219,26.843401]]},"properties":{"category":"structures"}},{"type":"Feature","geometry":{"type":"LineString","coordinates":[[75.775835,26.847738],[75.776159,26.847277],[75.776133,26.84727],[75.77616,26.84718],[75.776764,26.84592],[75.776833,26.845931],[75.77684,26.846111]]},"properties":{"category":"structures"}},{"type":"Feature","geometry":{"type":"LineString","coordinates":[[75.777079,26.845931],[75.777078,26.84548],[75.777127,26.845327]]},"properties":{"category":"structures"}},{"type":"Feature","geometry":{"type":"LineString","coordinates":[[75.777007,26.845329],[75.777707,26.843805],[75.777749,26.843654],[75.777676,26.842979],[75.77744,26.841522]]},"properties":{"category":"structures"}},{"type":"Feature","geometry":{"type":"LineString","coordinates":[[75.777528,26.841512],[75.777411,26.840823],[75.777426,26.84075],[75.777424,26.840795],[75.777413,26.840675],[75.777412,26.840723],[75.777386,26.840658],[75.77729,26.840107],[75.777335,26.840055]]},"properties":{"category":"structures"}},{"type":"Feature","geometry":{"type":"LineString","coordinates":[[75.77699,26.843644],[75.77745,26.843595],[75.777478,26.843662],[75.777339,26.843964],[75.776321,26.844098]]},"properties":{"category":"structures"}},{"type":"Feature","geometry":{"type":"LineString","coordinates":[[75.776725,26.845175],[75.776834,26.84522],[75.775837,26.84733],[75.775769,26.847304]]},"properties":{"category":"structures"}},{"type":"Feature","geometry":{"type":"LineString","coordinates":[[75.775723,26.847405],[75.775805,26.847433],[75.775739,26.847571],[75.775573,26.84775],[75.775544,26.847722]]},"properties":{"category":"structures"}},{"type":"Feature","geometry":{"type":"LineString","coordinates":[[75.775514,26.847749],[75.775545,26.847776],[75.775115,26.8482],[75.775063,26.848157]]},"properties":{"category":"structures"}},{"type":"Feature","geometry":{"type":"LineString","coordinates":[[75.775063,26.848195],[75.775095,26.848218],[75.77432,26.848965],[75.774158,26.849114],[75.774143,26.849102]]},"properties":{"category":"structures"}},{"type":"Feature","geometry":{"type":"LineString","coordinates":[[75.77413,26.84912],[75.774145,26.849133],[75.774059,26.849218],[75.774037,26.849204],[75.773972,26.849303],[75.773929,26.849318],[75.773703,26.84923]]},"properties":{"category":"structures"}},{"type":"Feature","geometry":{"type":"LineString","coordinates":[[75.773703,26.84923],[75.773737,26.849167]]},"properties":{"category":"structures"}},{"type":"Feature","geometry":{"type":"LineString","coordinates":[[75.775835,26.847738],[75.775996,26.847654]]},"properties":{"category":"structures"}},{"type":"Feature","geometry":{"type":"LineString","coordinates":[[75.776864,26.839443],[75.776785,26.839549],[75.776023,26.839627],[75.775339,26.839741],[75.77537,26.839669]]},"properties":{"category":"structures"}},{"type":"Feature","geometry":{"type":"LineString","coordinates":[[75.775269,26.839668],[75.775236,26.839754],[75.77462,26.839838],[75.77468,26.839704]]},"properties":{"category":"structures"}},{"type":"Feature","geometry":{"type":"LineString","coordinates":[[75.774544,26.83971],[75.774497,26.839873],[75.774274,26.83991],[75.774213,26.839888],[75.773999,26.839928],[75.773917,26.839908],[75.77396,26.839929],[75.773917,26.839915],[75.773528,26.839985],[75.773566,26.839865]]},"properties":{"category":"structures"}},{"type":"Feature","geometry":{"type":"LineString","coordinates":[[75.769718,26.840441],[75.76973,26.840415]]},"properties":{"category":"structures"}},{"type":"Feature","geometry":{"type":"LineString","coordinates":[[75.769718,26.840441],[75.769682,26.84043]]},"properties":{"category":"structures"}},{"type":"Feature","geometry":{"type":"LineString","coordinates":[[75.76973,26.840415],[75.769693,26.840404]]},"properties":{"category":"structures"}},{"type":"Feature","geometry":{"type":"LineString","coordinates":[[75.769682,26.84043],[75.769693,26.840404]]},"properties":{"category":"structures"}},{"type":"Feature","geometry":{"type":"LineString","coordinates":[[75.77011,26.840723],[75.77011,26.840723]]},"properties":{"category":"structures"}},{"type":"Feature","geometry":{"type":"LineString","coordinates":[[75.770067,26.84072],[75.770058,26.840816]]},"properties":{"category":"structures"}},{"type":"Feature","geometry":{"type":"LineString","coordinates":[[75.769363,26.840494],[75.769374,26.84047],[75.769755,26.840614],[75.769744,26.840638]]},"properties":{"category":"structures"}},{"type":"Feature","geometry":{"type":"LineString","coordinates":[[75.770302,26.841004],[75.770307,26.841492],[75.770489,26.841621],[75.771202,26.841529],[75.771231,26.841494],[75.771341,26.841484],[75.771231,26.8415],[75.771375,26.841506],[75.772354,26.841388],[75.772405,26.84138],[75.772403,26.84136]]},"properties":{"category":"structures"}},{"type":"Feature","geometry":{"type":"LineString","coordinates":[[75.77283,26.841324],[75.772806,26.841172],[75.772494,26.841213],[75.772515,26.841351],[75.772403,26.84136]]},"properties":{"category":"structures"}},{"type":"Feature","geometry":{"type":"LineString","coordinates":[[75.773,26.841288],[75.77289,26.840612]]},"properties":{"category":"structures"}},{"type":"Feature","geometry":{"type":"LineString","coordinates":[[75.773,26.841288],[75.773916,26.841173]]},"properties":{"category":"structures"}},{"type":"Feature","geometry":{"type":"LineString","coordinates":[[75.773503,26.841223],[75.773459,26.840855],[75.773991,26.840792]]},"properties":{"category":"structures"}},{"type":"Feature","geometry":{"type":"LineString","coordinates":[[75.776027,26.84806],[75.775853,26.847929],[75.776102,26.847815]]},"properties":{"category":"structures"}},{"type":"Feature","geometry":{"type":"LineString","coordinates":[[75.777389,26.843582],[75.777501,26.843599],[75.777539,26.843659],[75.77741,26.843953],[75.777341,26.843962]]},"properties":{"category":"structures"}},{"type":"Feature","geometry":{"type":"LineString","coordinates":[[75.775837,26.84733],[75.775865,26.847339],[75.775919,26.847231],[75.776142,26.846691]]},"properties":{"category":"structures"}},{"type":"Feature","geometry":{"type":"LineString","coordinates":[[75.77683,26.839571],[75.776792,26.839576],[75.776784,26.83955]]},"properties":{"category":"structures"}},{"type":"Feature","geometry":{"type":"LineString","coordinates":[[75.77683,26.839571],[75.776823,26.839544]]},"properties":{"category":"structures"}},{"type":"Feature","geometry":{"type":"LineString","coordinates":[[75.776784,26.83955],[75.776823,26.839544]]},"properties":{"category":"structures"}},{"type":"Feature","geometry":{"type":"LineString","coordinates":[[75.773434,26.839936],[75.773399,26.839998],[75.7729,26.840058],[75.772827,26.840032],[75.772836,26.83995]]},"properties":{"category":"structures"}},{"type":"Feature","geometry":{"type":"LineString","coordinates":[[75.772712,26.839956],[75.772656,26.840075],[75.772471,26.840016],[75.772431,26.840098],[75.772247,26.840026],[75.772298,26.839919]]},"properties":{"category":"structures"}},{"type":"Feature","geometry":{"type":"LineString","coordinates":[[75.77208,26.840172],[75.771766,26.840207],[75.771849,26.840004]]},"properties":{"category":"structures"}},{"type":"Feature","geometry":{"type":"LineString","coordinates":[[75.771721,26.840045],[75.771664,26.840159],[75.771241,26.840007]]},"properties":{"category":"structures"}},{"type":"Feature","geometry":{"type":"LineString","coordinates":[[75.771614,26.840195],[75.771507,26.840161]]},"properties":{"category":"structures"}},{"type":"Feature","geometry":{"type":"LineString","coordinates":[[75.771608,26.840209],[75.771504,26.840175]]},"properties":{"category":"structures"}},{"type":"Feature","geometry":{"type":"LineString","coordinates":[[75.771608,26.840209],[75.77158,26.84026],[75.770984,26.840329],[75.770928,26.840319],[75.770956,26.840239]]},"properties":{"category":"structures"}},{"type":"Feature","geometry":{"type":"LineString","coordinates":[[75.771054,26.840295],[75.770956,26.840259],[75.770983,26.840202]]},"properties":{"category":"structures"}},{"type":"Feature","geometry":{"type":"LineString","coordinates":[[75.770983,26.840202],[75.771085,26.840244],[75.771054,26.840295]]},"properties":{"category":"structures"}},{"type":"Feature","geometry":{"type":"LineString","coordinates":[[75.770956,26.840259],[75.770949,26.840282],[75.771044,26.840316],[75.771054,26.840295]]},"properties":{"category":"structures"}},{"type":"Feature","geometry":{"type":"LineString","coordinates":[[75.771106,26.8403],[75.771192,26.840287],[75.771181,26.84023],[75.771099,26.840244]]},"properties":{"category":"structures"}},{"type":"Feature","geometry":{"type":"LineString","coordinates":[[75.771246,26.840263],[75.771273,26.840262],[75.771245,26.840242]]},"properties":{"category":"structures"}},{"type":"Feature","geometry":{"type":"LineString","coordinates":[[75.771291,26.840226],[75.771319,26.84023],[75.771325,26.840205],[75.771293,26.8402]]},"properties":{"category":"structures"}},{"type":"Feature","geometry":{"type":"LineString","coordinates":[[75.770843,26.840266],[75.77073,26.840228],[75.770781,26.840117],[75.770893,26.840159]]},"properties":{"category":"structures"}},{"type":"Feature","geometry":{"type":"LineString","coordinates":[[75.770654,26.840161],[75.770598,26.84027],[75.770229,26.840138],[75.770279,26.840002]]},"properties":{"category":"structures"}},{"type":"Feature","geometry":{"type":"LineString","coordinates":[[75.770183,26.840005],[75.770134,26.840098],[75.769335,26.839807],[75.769393,26.839683]]},"properties":{"category":"structures"}},{"type":"Feature","geometry":{"type":"LineString","coordinates":[[75.769376,26.839685],[75.769316,26.839798],[75.768615,26.83954],[75.768706,26.839331]]},"properties":{"category":"structures"}},{"type":"Feature","geometry":{"type":"LineString","coordinates":[[75.768587,26.83936],[75.768515,26.839524],[75.768145,26.83939]]},"properties":{"category":"structures"}},{"type":"Feature","geometry":{"type":"LineString","coordinates":[[75.777668,26.839459],[75.777199,26.839501],[75.777228,26.839035]]},"properties":{"category":"structures"}},{"type":"Feature","geometry":{"type":"LineString","coordinates":[[75.775335,26.839767],[75.775237,26.839775]]},"properties":{"category":"structures"}},{"type":"Feature","geometry":{"type":"LineString","coordinates":[[75.773434,26.839936],[75.77352,26.839965]]},"properties":{"category":"structures"}},{"type":"Feature","geometry":{"type":"LineString","coordinates":[[75.772819,26.84007],[75.772675,26.840082]]},"properties":{"category":"structures"}},{"type":"Feature","geometry":{"type":"LineString","coordinates":[[75.776964,26.840988],[75.776828,26.841007],[75.776845,26.841102]]},"properties":{"category":"structures"}},{"type":"Feature","geometry":{"type":"LineString","coordinates":[[75.776828,26.841007],[75.776748,26.84102]]},"properties":{"category":"structures"}},{"type":"Feature","geometry":{"type":"LineString","coordinates":[[75.776748,26.84102],[75.776761,26.841106]]},"properties":{"category":"structures"}},{"type":"Feature","geometry":{"type":"LineString","coordinates":[[75.776748,26.84102],[75.775848,26.841136],[75.775874,26.841294]]},"properties":{"category":"structures"}},{"type":"Feature","geometry":{"type":"LineString","coordinates":[[75.775777,26.84136],[75.77573,26.841155],[75.775382,26.841197],[75.775398,26.841287]]},"properties":{"category":"structures"}},{"type":"Feature","geometry":{"type":"LineString","coordinates":[[75.775379,26.841291],[75.775359,26.8412],[75.7735,26.841444],[75.773543,26.841679]]},"properties":{"category":"structures"}},{"type":"Feature","geometry":{"type":"LineString","coordinates":[[75.77348,26.841692],[75.773434,26.841451],[75.77313,26.84148],[75.773155,26.841661]]},"properties":{"category":"structures"}},{"type":"Feature","geometry":{"type":"LineString","coordinates":[[75.772865,26.841564],[75.772678,26.841595],[75.772672,26.841542],[75.772038,26.841634],[75.772053,26.841747]]},"properties":{"category":"structures"}},{"type":"Feature","geometry":{"type":"LineString","coordinates":[[75.771999,26.841743],[75.771982,26.84164],[75.771755,26.841663],[75.771782,26.84183]]},"properties":{"category":"structures"}},{"type":"Feature","geometry":{"type":"LineString","coordinates":[[75.771726,26.841828],[75.7717,26.841676],[75.771379,26.841715],[75.771406,26.841893]]},"properties":{"category":"structures"}},{"type":"Feature","geometry":{"type":"LineString","coordinates":[[75.771315,26.841933],[75.771285,26.841734],[75.770368,26.841852],[75.770465,26.842443]]},"properties":{"category":"structures"}},{"type":"Feature","geometry":{"type":"LineString","coordinates":[[75.769714,26.866806],[75.769617,26.866888],[75.76955,26.86683],[75.76936,26.867003],[75.769323,26.866998],[75.76927,26.867046],[75.769189,26.866961]]},"properties":{"category":"structures"}},{"type":"Feature","geometry":{"type":"LineString","coordinates":[[75.769048,26.866942],[75.769057,26.867107],[75.768287,26.867204],[75.768241,26.867145]]},"properties":{"category":"structures"}},{"type":"Feature","geometry":{"type":"LineString","coordinates":[[75.768171,26.867196],[75.768192,26.867215],[75.767757,26.867271],[75.767651,26.867164]]},"properties":{"category":"structures"}},{"type":"Feature","geometry":{"type":"LineString","coordinates":[[75.76757,26.867219],[75.767637,26.867275],[75.766635,26.867234]]},"properties":{"category":"structures"}},{"type":"Feature","geometry":{"type":"LineString","coordinates":[[75.766601,26.867233],[75.764966,26.867176],[75.764976,26.866982]]},"properties":{"category":"structures"}},{"type":"Feature","geometry":{"type":"LineString","coordinates":[[75.766601,26.867233],[75.766607,26.867135]]},"properties":{"category":"structures"}},{"type":"Feature","geometry":{"type":"LineString","coordinates":[[75.766635,26.867234],[75.766638,26.867159]]},"properties":{"category":"structures"}},{"type":"Feature","geometry":{"type":"LineString","coordinates":[[75.764852,26.867078],[75.764848,26.867171],[75.764542,26.867159],[75.764553,26.86702]]},"properties":{"category":"structures"}},{"type":"Feature","geometry":{"type":"LineString","coordinates":[[75.764504,26.867011],[75.764494,26.867154],[75.764064,26.867145],[75.764077,26.867002]]},"properties":{"category":"structures"}},{"type":"Feature","geometry":{"type":"LineString","coordinates":[[75.764024,26.866981],[75.763595,26.867247],[75.763542,26.867186]]},"properties":{"category":"structures"}},{"type":"Feature","geometry":{"type":"LineString","coordinates":[[75.763507,26.867211],[75.763548,26.867273],[75.763131,26.867547],[75.763058,26.867449]]},"properties":{"category":"structures"}},{"type":"Feature","geometry":{"type":"LineString","coordinates":[[75.762848,26.867548],[75.762914,26.867646],[75.762452,26.86796],[75.762319,26.867903]]},"properties":{"category":"structures"}},{"type":"Feature","geometry":{"type":"LineString","coordinates":[[75.762298,26.867979],[75.76238,26.868014],[75.762147,26.868256],[75.761997,26.868188]]},"properties":{"category":"structures"}},{"type":"Feature","geometry":{"type":"LineString","coordinates":[[75.76189,26.868242],[75.76206,26.868324],[75.761822,26.868558],[75.761699,26.868512]]},"properties":{"category":"structures"}},{"type":"Feature","geometry":{"type":"LineString","coordinates":[[75.761505,26.868527],[75.761753,26.868614],[75.761514,26.868862],[75.761338,26.868784]]},"properties":{"category":"structures"}},{"type":"Feature","geometry":{"type":"LineString","coordinates":[[75.761269,26.868844],[75.761421,26.868907],[75.76123,26.869173],[75.761057,26.869096]]},"properties":{"category":"structures"}},{"type":"Feature","geometry":{"type":"LineString","coordinates":[[75.76093,26.869165],[75.761077,26.869225],[75.760972,26.869387],[75.760895,26.869444],[75.760926,26.869408],[75.760897,26.869449],[75.760913,26.869474],[75.760512,26.870115]]},"properties":{"category":"structures"}},{"type":"Feature","geometry":{"type":"LineString","coordinates":[[75.76033,26.870602],[75.760233,26.870867],[75.760081,26.870811]]},"properties":{"category":"structures"}},{"type":"Feature","geometry":{"type":"LineString","coordinates":[[75.760056,26.870886],[75.760217,26.870946],[75.760093,26.871214],[75.759968,26.871167]]},"properties":{"category":"structures"}},{"type":"Feature","geometry":{"type":"LineString","coordinates":[[75.759957,26.871251],[75.760053,26.871293],[75.759962,26.871573],[75.759821,26.871518]]},"properties":{"category":"structures"}},{"type":"Feature","geometry":{"type":"LineString","coordinates":[[75.75981,26.871585],[75.759943,26.87164],[75.759912,26.871786],[75.759869,26.871931],[75.759735,26.871884]]},"properties":{"category":"structures"}},{"type":"Feature","geometry":{"type":"LineString","coordinates":[[75.759632,26.871943],[75.759849,26.872035],[75.75975,26.872281],[75.75962,26.872231]]},"properties":{"category":"structures"}},{"type":"Feature","geometry":{"type":"LineString","coordinates":[[75.75975,26.872281],[75.759717,26.872364]]},"properties":{"category":"structures"}},{"type":"Feature","geometry":{"type":"LineString","coordinates":[[75.759587,26.87231],[75.759717,26.872364],[75.759649,26.872652],[75.759489,26.872597]]},"properties":{"category":"structures"}},{"type":"Feature","geometry":{"type":"LineString","coordinates":[[75.759445,26.872653],[75.759625,26.872729],[75.759552,26.873021]]},"properties":{"category":"structures"}},{"type":"Feature","geometry":{"type":"LineString","coordinates":[[75.759142,26.8731],[75.759517,26.873239],[75.759465,26.873465],[75.759263,26.873403]]},"properties":{"category":"structures"}},{"type":"Feature","geometry":{"type":"LineString","coordinates":[[75.759306,26.873502],[75.759449,26.873541],[75.759264,26.874036],[75.759135,26.873995]]},"properties":{"category":"structures"}},{"type":"Feature","geometry":{"type":"LineString","coordinates":[[75.759136,26.874056],[75.759239,26.874087],[75.759148,26.874357],[75.758989,26.874312]]},"properties":{"category":"structures"}},{"type":"Feature","geometry":{"type":"LineString","coordinates":[[75.758991,26.874367],[75.759125,26.874408],[75.758881,26.875102],[75.758761,26.875077]]},"properties":{"category":"structures"}},{"type":"Feature","geometry":{"type":"LineString","coordinates":[[75.75875,26.875136],[75.758834,26.875164],[75.758749,26.875436],[75.75861,26.875398]]},"properties":{"category":"structures"}},{"type":"Feature","geometry":{"type":"LineString","coordinates":[[75.758611,26.875469],[75.758767,26.875501],[75.758665,26.875739],[75.758478,26.875711]]},"properties":{"category":"structures"}},{"type":"Feature","geometry":{"type":"LineString","coordinates":[[75.758511,26.875805],[75.758651,26.875836],[75.75846,26.876398],[75.758278,26.876348]]},"properties":{"category":"structures"}},{"type":"Feature","geometry":{"type":"LineString","coordinates":[[75.758302,26.876477],[75.758436,26.876508],[75.757637,26.878102],[75.757485,26.878052],[75.75747,26.878088],[75.756965,26.877868],[75.757053,26.87768]]},"properties":{"category":"structures"}},{"type":"Feature","geometry":{"type":"LineString","coordinates":[[75.774683,26.839958],[75.774712,26.839961]]},"properties":{"category":"structures"}},{"type":"Feature","geometry":{"type":"LineString","coordinates":[[75.774679,26.839977],[75.774712,26.839961]]},"properties":{"category":"structures"}},{"type":"Feature","geometry":{"type":"LineString","coordinates":[[75.774712,26.839961],[75.774712,26.839986],[75.774679,26.839977]]},"properties":{"category":"structures"}},{"type":"Feature","geometry":{"type":"LineString","coordinates":[[75.771801,26.840231],[75.771801,26.840231]]},"properties":{"category":"structures"}},{"type":"Feature","geometry":{"type":"LineString","coordinates":[[75.770042,26.840987],[75.770071,26.840992],[75.770062,26.841068],[75.770034,26.841066]]},"properties":{"category":"structures"}},{"type":"Feature","geometry":{"type":"LineString","coordinates":[[75.770008,26.841335],[75.77004,26.841338],[75.770031,26.841429],[75.769998,26.841426]]},"properties":{"category":"structures"}},{"type":"Feature","geometry":{"type":"LineString","coordinates":[[75.772778,26.840528],[75.772805,26.840525]]},"properties":{"category":"structures"}},{"type":"Feature","geometry":{"type":"LineString","coordinates":[[75.77714,26.843464],[75.777144,26.843545],[75.776569,26.84362],[75.776552,26.843503]]},"properties":{"category":"structures"}},{"type":"Feature","geometry":{"type":"LineString","coordinates":[[75.776488,26.843554],[75.776498,26.843629],[75.776252,26.84366],[75.776239,26.843579]]},"properties":{"category":"structures"}},{"type":"Feature","geometry":{"type":"LineString","coordinates":[[75.776141,26.843574],[75.77614,26.843671],[75.774726,26.843861],[75.774714,26.843778]]},"properties":{"category":"structures"}},{"type":"Feature","geometry":{"type":"LineString","coordinates":[[75.774647,26.843798],[75.774655,26.843867],[75.773966,26.843967],[75.773954,26.843861]]},"properties":{"category":"structures"}},{"type":"Feature","geometry":{"type":"LineString","coordinates":[[75.773893,26.843895],[75.773894,26.843967],[75.773827,26.843979],[75.773425,26.844035],[75.773418,26.84397]]},"properties":{"category":"structures"}},{"type":"Feature","geometry":{"type":"LineString","coordinates":[[75.773397,26.843976],[75.773401,26.844033],[75.772882,26.844099],[75.772871,26.844021]]},"properties":{"category":"structures"}},{"type":"Feature","geometry":{"type":"LineString","coordinates":[[75.772798,26.844065],[75.772803,26.844111],[75.772148,26.844195],[75.772141,26.844099]]},"properties":{"category":"structures"}},{"type":"Feature","geometry":{"type":"LineString","coordinates":[[75.772021,26.844079],[75.772025,26.844183],[75.771306,26.844145],[75.771319,26.844002]]},"properties":{"category":"structures"}},{"type":"Feature","geometry":{"type":"LineString","coordinates":[[75.771293,26.844037],[75.771286,26.844146],[75.771107,26.844139],[75.771085,26.843962]]},"properties":{"category":"structures"}},{"type":"Feature","geometry":{"type":"LineString","coordinates":[[75.771011,26.843991],[75.771015,26.844092],[75.770756,26.844111],[75.770737,26.843879],[75.770706,26.843881],[75.770594,26.843222],[75.770796,26.843189]]},"properties":{"category":"structures"}},{"type":"Feature","geometry":{"type":"LineString","coordinates":[[75.770815,26.843086],[75.770575,26.843118],[75.770465,26.842443]]},"properties":{"category":"structures"}},{"type":"Feature","geometry":{"type":"LineString","coordinates":[[75.77699,26.843644],[75.776283,26.843739],[75.776321,26.844098]]},"properties":{"category":"structures"}},{"type":"Feature","geometry":{"type":"LineString","coordinates":[[75.776174,26.843896],[75.776154,26.84378],[75.774603,26.843978],[75.774602,26.844017],[75.774421,26.844038],[75.774433,26.844132]]},"properties":{"category":"structures"}},{"type":"Feature","geometry":{"type":"LineString","coordinates":[[75.774304,26.844127],[75.774296,26.844067],[75.774257,26.844028],[75.774069,26.844044],[75.773817,26.844113],[75.772941,26.844201],[75.772937,26.844226],[75.772793,26.844236],[75.772882,26.844237],[75.772771,26.844222],[75.772099,26.844303],[75.772065,26.844421],[75.772029,26.844455]]},"properties":{"category":"structures"}},{"type":"Feature","geometry":{"type":"LineString","coordinates":[[75.771947,26.844453],[75.771624,26.84435],[75.771576,26.844454]]},"properties":{"category":"structures"}},{"type":"Feature","geometry":{"type":"LineString","coordinates":[[75.771518,26.844435],[75.771571,26.84432],[75.771433,26.844262],[75.77141,26.844313],[75.771191,26.844251],[75.770788,26.844236],[75.770773,26.84428],[75.770898,26.84497],[75.770692,26.845409],[75.770764,26.845436]]},"properties":{"category":"structures"}},{"type":"Feature","geometry":{"type":"LineString","coordinates":[[75.770761,26.845461],[75.770678,26.84543],[75.770235,26.846378],[75.770504,26.846482]]},"properties":{"category":"structures"}},{"type":"Feature","geometry":{"type":"LineString","coordinates":[[75.776698,26.846062],[75.776669,26.846051],[75.776605,26.846192],[75.776632,26.846201]]},"properties":{"category":"structures"}},{"type":"Feature","geometry":{"type":"LineString","coordinates":[[75.775115,26.8482],[75.775117,26.848233],[75.77513,26.848214],[75.775095,26.848218]]},"properties":{"category":"structures"}},{"type":"Feature","geometry":{"type":"Point","coordinates":[75.7770597,26.8459083]},"properties":{"category":"structures"}},{"type":"Feature","geometry":{"type":"Point","coordinates":[75.7770419,26.845864]},"properties":{"category":"structures"}},{"type":"Feature","geometry":{"type":"LineString","coordinates":[[75.77185,26.865804],[75.771815,26.865813],[75.771832,26.865795]]},"properties":{"category":"structures"}},{"type":"Feature","geometry":{"type":"LineString","coordinates":[[75.769655,26.866984],[75.76978,26.866951],[75.769652,26.866967]]},"properties":{"category":"structures"}},{"type":"Feature","geometry":{"type":"LineString","coordinates":[[75.762444,26.867957],[75.76238,26.868014]]},"properties":{"category":"structures"}},{"type":"Feature","geometry":{"type":"LineString","coordinates":[[75.762118,26.86825],[75.762043,26.868316]]},"properties":{"category":"structures"}},{"type":"Feature","geometry":{"type":"LineString","coordinates":[[75.761812,26.868554],[75.761753,26.868614]]},"properties":{"category":"structures"}},{"type":"Feature","geometry":{"type":"LineString","coordinates":[[75.760233,26.870867],[75.760211,26.870944]]},"properties":{"category":"structures"}},{"type":"Feature","geometry":{"type":"LineString","coordinates":[[75.760093,26.871214],[75.760053,26.871293]]},"properties":{"category":"structures"}},{"type":"Feature","geometry":{"type":"LineString","coordinates":[[75.759962,26.871573],[75.759935,26.871636]]},"properties":{"category":"structures"}},{"type":"Feature","geometry":{"type":"LineString","coordinates":[[75.759869,26.871931],[75.759824,26.872024]]},"properties":{"category":"structures"}},{"type":"Feature","geometry":{"type":"LineString","coordinates":[[75.759644,26.872651],[75.759619,26.872727]]},"properties":{"category":"structures"}},{"type":"Feature","geometry":{"type":"LineString","coordinates":[[75.75949,26.873355],[75.759518,26.87336],[75.759503,26.873425],[75.759476,26.87342]]},"properties":{"category":"structures"}},{"type":"Feature","geometry":{"type":"LineString","coordinates":[[75.759465,26.873465],[75.759446,26.873541]]},"properties":{"category":"structures"}},{"type":"Feature","geometry":{"type":"LineString","coordinates":[[75.759264,26.874036],[75.759239,26.874087]]},"properties":{"category":"structures"}},{"type":"Feature","geometry":{"type":"LineString","coordinates":[[75.759141,26.874355],[75.759123,26.874407]]},"properties":{"category":"structures"}},{"type":"Feature","geometry":{"type":"LineString","coordinates":[[75.758881,26.875102],[75.758834,26.875164]]},"properties":{"category":"structures"}},{"type":"Feature","geometry":{"type":"LineString","coordinates":[[75.758781,26.875446],[75.758767,26.875501]]},"properties":{"category":"structures"}},{"type":"Feature","geometry":{"type":"LineString","coordinates":[[75.758665,26.875739],[75.758651,26.875836]]},"properties":{"category":"structures"}},{"type":"Feature","geometry":{"type":"LineString","coordinates":[[75.757902,26.878231],[75.758042,26.878007],[75.758211,26.877625],[75.758452,26.877547]]},"properties":{"category":"structures"}},{"type":"Feature","geometry":{"type":"LineString","coordinates":[[75.758855,26.876614],[75.758737,26.876583],[75.758824,26.876308],[75.75901,26.876347]]},"properties":{"category":"structures"}},{"type":"Feature","geometry":{"type":"LineString","coordinates":[[75.759016,26.876269],[75.75885,26.876232],[75.759218,26.875022],[75.759496,26.875092]]},"properties":{"category":"structures"}},{"type":"Feature","geometry":{"type":"LineString","coordinates":[[75.759445,26.874971],[75.759251,26.874916],[75.759477,26.8743],[75.759942,26.874395]]},"properties":{"category":"structures"}},{"type":"Feature","geometry":{"type":"LineString","coordinates":[[75.759743,26.874069],[75.759578,26.874037],[75.759621,26.873874]]},"properties":{"category":"structures"}},{"type":"Feature","geometry":{"type":"LineString","coordinates":[[75.760062,26.873535],[75.759762,26.873498],[75.759807,26.87336],[75.759781,26.873419],[75.759787,26.873334],[75.759827,26.873129],[75.760164,26.871874],[75.760604,26.870719],[75.761179,26.869653],[75.761222,26.869636],[75.761283,26.869539],[75.761213,26.869631],[75.761285,26.869515],[75.761264,26.869496],[75.761318,26.869431],[75.761347,26.86945]]},"properties":{"category":"structures"}},{"type":"Feature","geometry":{"type":"LineString","coordinates":[[75.762074,26.868901],[75.762105,26.868662],[75.762481,26.868305],[75.762611,26.868474]]},"properties":{"category":"structures"}},{"type":"Feature","geometry":{"type":"LineString","coordinates":[[75.762481,26.868305],[75.76284,26.868017],[75.76309,26.86786],[75.763182,26.86797]]},"properties":{"category":"structures"}},{"type":"Feature","geometry":{"type":"LineString","coordinates":[[75.763284,26.867982],[75.763163,26.867816],[75.763691,26.867508],[75.764032,26.867407],[75.765845,26.867476],[75.765834,26.867688]]},"properties":{"category":"structures"}},{"type":"Feature","geometry":{"type":"LineString","coordinates":[[75.765957,26.867606],[75.765964,26.86748],[75.767184,26.86752],[75.767178,26.867697]]},"properties":{"category":"structures"}},{"type":"Feature","geometry":{"type":"LineString","coordinates":[[75.7673,26.867674],[75.7673,26.867525],[75.767776,26.867543],[75.768792,26.867409],[75.768857,26.867688]]},"properties":{"category":"structures"}},{"type":"Feature","geometry":{"type":"LineString","coordinates":[[75.76901,26.867564],[75.768977,26.867431],[75.769854,26.86728],[75.769853,26.867254],[75.769966,26.867268],[75.769904,26.867272],[75.769965,26.867262],[75.769938,26.867163],[75.770571,26.866964],[75.770738,26.866876],[75.77078,26.866892],[75.770858,26.866858],[75.770772,26.866883],[75.770893,26.866805],[75.771485,26.866576],[75.771515,26.866399],[75.771792,26.866166],[75.771994,26.866302],[75.772049,26.866437]]},"properties":{"category":"structures"}},{"type":"Feature","geometry":{"type":"LineString","coordinates":[[75.759621,26.873874],[75.759668,26.873732],[75.759647,26.873722],[75.759593,26.873869]]},"properties":{"category":"structures"}},{"type":"Feature","geometry":{"type":"LineString","coordinates":[[75.768065,26.867501],[75.768061,26.867472],[75.768182,26.867461],[75.768186,26.867487]]},"properties":{"category":"structures"}},{"type":"Feature","geometry":{"type":"LineString","coordinates":[[75.772296,26.866032],[75.772217,26.865871],[75.772567,26.865592],[75.7725,26.865634],[75.77274,26.865402],[75.772978,26.865096],[75.773206,26.865197]]},"properties":{"category":"structures"}},{"type":"Feature","geometry":{"type":"Point","coordinates":[75.7740042,26.8634808]},"properties":{"category":"structures"}},{"type":"Feature","geometry":{"type":"LineString","coordinates":[[75.74781,26.876586],[75.748701,26.876934],[75.748787,26.876755]]},"properties":{"category":"structures"}},{"type":"Feature","geometry":{"type":"LineString","coordinates":[[75.748889,26.87676],[75.748776,26.876979],[75.749104,26.877109],[75.749171,26.876981]]},"properties":{"category":"structures"}},{"type":"Feature","geometry":{"type":"LineString","coordinates":[[75.749279,26.876984],[75.749196,26.877157],[75.749531,26.877291],[75.749626,26.877094]]},"properties":{"category":"structures"}},{"type":"Feature","geometry":{"type":"LineString","coordinates":[[75.749732,26.877101],[75.74964,26.877319],[75.750015,26.877435],[75.750101,26.877242]]},"properties":{"category":"structures"}},{"type":"Feature","geometry":{"type":"LineString","coordinates":[[75.750217,26.877253],[75.750119,26.87747],[75.750354,26.877542],[75.750438,26.877326]]},"properties":{"category":"structures"}},{"type":"Feature","geometry":{"type":"LineString","coordinates":[[75.750664,26.877436],[75.750616,26.877621],[75.75121,26.877739],[75.752211,26.877821],[75.752229,26.877617]]},"properties":{"category":"structures"}},{"type":"Feature","geometry":{"type":"LineString","coordinates":[[75.7479,26.877052],[75.747902,26.87697],[75.747984,26.876966],[75.7491,26.877371],[75.750172,26.877697],[75.75015,26.877757],[75.750277,26.877764],[75.750368,26.877823],[75.750367,26.87798],[75.750548,26.877977],[75.750679,26.877844],[75.750537,26.877972],[75.750679,26.877844],[75.751306,26.877955],[75.752613,26.878056],[75.753153,26.878069],[75.7543,26.877951],[75.756205,26.877877],[75.756422,26.877919],[75.75738,26.878248],[75.757491,26.878353],[75.757506,26.878495]]},"properties":{"category":"structures"}},{"type":"Feature","geometry":{"type":"LineString","coordinates":[[75.748701,26.876934],[75.748776,26.876979]]},"properties":{"category":"structures"}},{"type":"Feature","geometry":{"type":"LineString","coordinates":[[75.749104,26.877109],[75.749196,26.877157]]},"properties":{"category":"structures"}},{"type":"Feature","geometry":{"type":"LineString","coordinates":[[75.756965,26.877868],[75.756878,26.877837],[75.756929,26.877868],[75.756875,26.877843],[75.756848,26.877866],[75.756623,26.877787],[75.756454,26.877688],[75.756152,26.877653],[75.756155,26.877694],[75.756033,26.877682],[75.756024,26.877631],[75.755955,26.877641],[75.755953,26.877493]]},"properties":{"category":"structures"}},{"type":"Feature","geometry":{"type":"LineString","coordinates":[[75.756366,26.8777],[75.756252,26.877689],[75.756254,26.87767],[75.756367,26.877681]]},"properties":{"category":"structures"}},{"type":"Feature","geometry":{"type":"LineString","coordinates":[[75.755863,26.877594],[75.755839,26.877659],[75.755863,26.877706],[75.755434,26.87771],[75.755437,26.877425]]},"properties":{"category":"structures"}},{"type":"Feature","geometry":{"type":"LineString","coordinates":[[75.755325,26.877437],[75.755319,26.877728],[75.754931,26.877735],[75.754926,26.877545]]},"properties":{"category":"structures"}},{"type":"Feature","geometry":{"type":"LineString","coordinates":[[75.754816,26.877524],[75.754824,26.87774],[75.753303,26.877799],[75.753339,26.877624]]},"properties":{"category":"structures"}},{"type":"Feature","geometry":{"type":"LineString","coordinates":[[75.753221,26.877751],[75.753218,26.877895],[75.75294,26.877859],[75.752849,26.87779],[75.752889,26.877486],[75.753065,26.8775]]},"properties":{"category":"structures"}},{"type":"Feature","geometry":{"type":"LineString","coordinates":[[75.751718,26.877799],[75.751719,26.877793]]},"properties":{"category":"structures"}},{"type":"Feature","geometry":{"type":"LineString","coordinates":[[75.756229,26.877683],[75.756224,26.87767]]},"properties":{"category":"structures"}},{"type":"Feature","geometry":{"type":"LineString","coordinates":[[75.769717,26.847484],[75.769624,26.847683],[75.770524,26.848008],[75.770608,26.84783]]},"properties":{"category":"structures"}},{"type":"Feature","geometry":{"type":"LineString","coordinates":[[75.770667,26.847855],[75.770593,26.848015],[75.770989,26.848166],[75.770974,26.848195],[75.771988,26.848578],[75.772085,26.8484]]},"properties":{"category":"structures"}},{"type":"Feature","geometry":{"type":"LineString","coordinates":[[75.772147,26.848487],[75.772116,26.848573],[75.772397,26.848684],[75.772375,26.84873],[75.773063,26.848986],[75.773139,26.848831]]},"properties":{"category":"structures"}},{"type":"Feature","geometry":{"type":"LineString","coordinates":[[75.77316,26.848847],[75.773089,26.848997],[75.773678,26.84922],[75.773724,26.849131]]},"properties":{"category":"structures"}},{"type":"Feature","geometry":{"type":"LineString","coordinates":[[75.769523,26.847352],[75.76939,26.847628],[75.768071,26.847119],[75.768156,26.846958]]},"properties":{"category":"structures"}},{"type":"Feature","geometry":{"type":"LineString","coordinates":[[75.767959,26.846898],[75.767882,26.84705],[75.766563,26.846559],[75.766649,26.846393]]},"properties":{"category":"structures"}},{"type":"Feature","geometry":{"type":"LineString","coordinates":[[75.766571,26.846382],[75.766497,26.846538],[75.76623,26.846434],[75.766294,26.846301]]},"properties":{"category":"structures"}},{"type":"Feature","geometry":{"type":"LineString","coordinates":[[75.766216,26.846287],[75.766159,26.846411],[75.765109,26.846039]]},"properties":{"category":"structures"}},{"type":"Feature","geometry":{"type":"LineString","coordinates":[[75.769286,26.84784],[75.769164,26.848094],[75.769091,26.848063]]},"properties":{"category":"structures"}},{"type":"Feature","geometry":{"type":"LineString","coordinates":[[75.769057,26.848155],[75.769153,26.848194],[75.768569,26.849424],[75.768384,26.849349]]},"properties":{"category":"structures"}},{"type":"Feature","geometry":{"type":"LineString","coordinates":[[75.76985,26.841588],[75.770106,26.841683],[75.770143,26.841954],[75.770036,26.841908]]},"properties":{"category":"structures"}},{"type":"Feature","geometry":{"type":"LineString","coordinates":[[75.770056,26.841986],[75.770155,26.842017],[75.770262,26.842686],[75.770127,26.842637]]},"properties":{"category":"structures"}},{"type":"Feature","geometry":{"type":"LineString","coordinates":[[75.770164,26.84273],[75.770281,26.842773],[75.770357,26.843223],[75.770274,26.843412]]},"properties":{"category":"structures"}},{"type":"Feature","geometry":{"type":"LineString","coordinates":[[75.770351,26.843409],[75.770371,26.843375],[75.77038,26.843393],[75.770459,26.843872],[75.770298,26.843889]]},"properties":{"category":"structures"}},{"type":"Feature","geometry":{"type":"LineString","coordinates":[[75.770393,26.843456],[75.770412,26.843453],[75.77039,26.843432]]},"properties":{"category":"structures"}},{"type":"Feature","geometry":{"type":"LineString","coordinates":[[75.770409,26.84397],[75.770464,26.843964],[75.770484,26.844194],[75.770354,26.844205]]},"properties":{"category":"structures"}},{"type":"Feature","geometry":{"type":"LineString","coordinates":[[75.770492,26.84421],[75.770524,26.844223],[75.770536,26.844197],[75.7705,26.844183]]},"properties":{"category":"structures"}},{"type":"Feature","geometry":{"type":"LineString","coordinates":[[75.770381,26.844349],[75.770496,26.844342],[75.770578,26.844795],[75.77047,26.844813]]},"properties":{"category":"structures"}},{"type":"Feature","geometry":{"type":"LineString","coordinates":[[75.770578,26.844795],[75.770576,26.845107],[75.770524,26.845145],[75.770406,26.845382]]},"properties":{"category":"structures"}},{"type":"Feature","geometry":{"type":"LineString","coordinates":[[75.770371,26.845538],[75.770235,26.845816],[75.770092,26.845759]]},"properties":{"category":"structures"}},{"type":"Feature","geometry":{"type":"LineString","coordinates":[[75.77007,26.845843],[75.770208,26.845889],[75.769551,26.847285],[75.769386,26.847213]]},"properties":{"category":"structures"}},{"type":"Feature","geometry":{"type":"LineString","coordinates":[[75.769523,26.847352],[75.76939,26.847304]]},"properties":{"category":"structures"}},{"type":"Feature","geometry":{"type":"LineString","coordinates":[[75.768493,26.849509],[75.768524,26.849521],[75.768398,26.849798],[75.768276,26.849757]]},"properties":{"category":"structures"}},{"type":"Feature","geometry":{"type":"LineString","coordinates":[[75.768197,26.849884],[75.768298,26.849927],[75.768111,26.850306],[75.768004,26.850268]]},"properties":{"category":"structures"}},{"type":"Feature","geometry":{"type":"LineString","coordinates":[[75.767996,26.850405],[75.768113,26.850453],[75.768088,26.850568],[75.767563,26.851658],[75.767512,26.851755],[75.767364,26.851692]]},"properties":{"category":"structures"}},{"type":"Feature","geometry":{"type":"LineString","coordinates":[[75.767359,26.851782],[75.767458,26.851821],[75.767396,26.851926],[75.767426,26.851938],[75.76736,26.852074],[75.767212,26.852012]]},"properties":{"category":"structures"}},{"type":"Feature","geometry":{"type":"LineString","coordinates":[[75.767299,26.852322],[75.766865,26.853168],[75.766742,26.853113]]},"properties":{"category":"structures"}},{"type":"Feature","geometry":{"type":"LineString","coordinates":[[75.766753,26.853224],[75.766818,26.853248],[75.766171,26.854567],[75.766162,26.854884],[75.765974,26.854886]]},"properties":{"category":"structures"}},{"type":"Feature","geometry":{"type":"LineString","coordinates":[[75.766045,26.855035],[75.766163,26.855042],[75.76616,26.855314],[75.766028,26.855313]]},"properties":{"category":"structures"}},{"type":"Feature","geometry":{"type":"LineString","coordinates":[[75.766045,26.855388],[75.766162,26.855387],[75.766158,26.856004],[75.766,26.856004]]},"properties":{"category":"structures"}},{"type":"Feature","geometry":{"type":"LineString","coordinates":[[75.766099,26.856074],[75.766167,26.856073],[75.766148,26.857348],[75.766011,26.857348]]},"properties":{"category":"structures"}},{"type":"Feature","geometry":{"type":"LineString","coordinates":[[75.766065,26.857802],[75.766139,26.857866],[75.766049,26.858158],[75.765899,26.858031]]},"properties":{"category":"structures"}},{"type":"Feature","geometry":{"type":"LineString","coordinates":[[75.766028,26.858179],[75.766057,26.858203],[75.766076,26.858184]]},"properties":{"category":"structures"}},{"type":"Feature","geometry":{"type":"LineString","coordinates":[[75.766028,26.858179],[75.766046,26.85816]]},"properties":{"category":"structures"}},{"type":"Feature","geometry":{"type":"LineString","coordinates":[[75.766046,26.85816],[75.766076,26.858184]]},"properties":{"category":"structures"}},{"type":"Feature","geometry":{"type":"LineString","coordinates":[[75.765901,26.858136],[75.766004,26.858242],[75.765644,26.858561],[75.765531,26.858449]]},"properties":{"category":"structures"}},{"type":"Feature","geometry":{"type":"LineString","coordinates":[[75.765114,26.858462],[75.765372,26.858846]]},"properties":{"category":"structures"}},{"type":"Feature","geometry":{"type":"LineString","coordinates":[[75.765043,26.859291],[75.765168,26.859163],[75.765144,26.859141],[75.765021,26.859275]]},"properties":{"category":"structures"}},{"type":"Feature","geometry":{"type":"LineString","coordinates":[[75.764903,26.859375],[75.764932,26.859407],[75.763972,26.860263],[75.763816,26.860443],[75.763662,26.860557],[75.763466,26.860369]]},"properties":{"category":"structures"}},{"type":"Feature","geometry":{"type":"LineString","coordinates":[[75.763149,26.860757],[75.763402,26.860946],[75.763091,26.861277],[75.763034,26.861231]]},"properties":{"category":"structures"}},{"type":"Feature","geometry":{"type":"LineString","coordinates":[[75.762961,26.861288],[75.763035,26.861343],[75.762815,26.861559],[75.762731,26.861491]]},"properties":{"category":"structures"}},{"type":"Feature","geometry":{"type":"LineString","coordinates":[[75.762691,26.861547],[75.762771,26.861608],[75.762548,26.86184],[75.762477,26.861781]]},"properties":{"category":"structures"}},{"type":"Feature","geometry":{"type":"LineString","coordinates":[[75.762403,26.861837],[75.762403,26.861837]]},"properties":{"category":"structures"}},{"type":"Feature","geometry":{"type":"LineString","coordinates":[[75.762268,26.861928],[75.762338,26.86204],[75.762182,26.862132],[75.761325,26.862568],[75.761278,26.862475]]},"properties":{"category":"structures"}},{"type":"Feature","geometry":{"type":"LineString","coordinates":[[75.761212,26.862539],[75.761248,26.86261],[75.760909,26.862743],[75.760853,26.862635]]},"properties":{"category":"structures"}},{"type":"Feature","geometry":{"type":"LineString","coordinates":[[75.760769,26.862681],[75.760816,26.862775],[75.760245,26.862994],[75.760168,26.862838]]},"properties":{"category":"structures"}},{"type":"Feature","geometry":{"type":"LineString","coordinates":[[75.760578,26.862871],[75.760592,26.862895],[75.760419,26.862959],[75.760408,26.862935]]},"properties":{"category":"structures"}},{"type":"Feature","geometry":{"type":"LineString","coordinates":[[75.760093,26.862975],[75.760111,26.863052],[75.75985,26.863157],[75.759813,26.863074]]},"properties":{"category":"structures"}},{"type":"Feature","geometry":{"type":"LineString","coordinates":[[75.759753,26.863097],[75.759788,26.863177],[75.759506,26.863286],[75.759477,26.86322]]},"properties":{"category":"structures"}},{"type":"Feature","geometry":{"type":"LineString","coordinates":[[75.759382,26.863196],[75.759429,26.863284],[75.758875,26.863505],[75.758743,26.863789],[75.758649,26.863751]]},"properties":{"category":"structures"}},{"type":"Feature","geometry":{"type":"LineString","coordinates":[[75.758656,26.863835],[75.758707,26.863859],[75.758584,26.864106],[75.758512,26.864079]]},"properties":{"category":"structures"}},{"type":"Feature","geometry":{"type":"LineString","coordinates":[[75.758501,26.864142],[75.758552,26.86417],[75.758472,26.864332],[75.75841,26.864307]]},"properties":{"category":"structures"}},{"type":"Feature","geometry":{"type":"LineString","coordinates":[[75.758367,26.864356],[75.758448,26.864391],[75.758321,26.864644]]},"properties":{"category":"structures"}},{"type":"Feature","geometry":{"type":"LineString","coordinates":[[75.758148,26.864804],[75.758131,26.864859],[75.758197,26.864885],[75.758107,26.86507],[75.758029,26.865037]]},"properties":{"category":"structures"}},{"type":"Feature","geometry":{"type":"LineString","coordinates":[[75.757977,26.865096],[75.758006,26.865109],[75.757983,26.865155],[75.758052,26.865194],[75.757986,26.86532],[75.757908,26.865289],[75.757877,26.865349],[75.757814,26.865321]]},"properties":{"category":"structures"}},{"type":"Feature","geometry":{"type":"LineString","coordinates":[[75.757801,26.865379],[75.757852,26.865398],[75.757833,26.865444],[75.757897,26.865486],[75.757839,26.865608],[75.757765,26.865577],[75.757732,26.865634]]},"properties":{"category":"structures"}},{"type":"Feature","geometry":{"type":"LineString","coordinates":[[75.757705,26.865695],[75.757686,26.865751],[75.757759,26.865779],[75.757688,26.865909],[75.75762,26.865886],[75.757588,26.865939],[75.757557,26.865924]]},"properties":{"category":"structures"}},{"type":"Feature","geometry":{"type":"LineString","coordinates":[[75.757528,26.865977],[75.757556,26.865992],[75.757531,26.866045],[75.75761,26.866075],[75.757549,26.866205],[75.757465,26.866183],[75.757434,26.866213]]},"properties":{"category":"structures"}},{"type":"Feature","geometry":{"type":"LineString","coordinates":[[75.75741,26.866284],[75.757394,26.866336],[75.757464,26.86638],[75.757389,26.866544],[75.757317,26.866519]]},"properties":{"category":"structures"}},{"type":"Feature","geometry":{"type":"LineString","coordinates":[[75.757234,26.866576],[75.757255,26.866585],[75.757238,26.866639],[75.757318,26.86667],[75.757251,26.866802],[75.757179,26.866768],[75.757126,26.866812]]},"properties":{"category":"structures"}},{"type":"Feature","geometry":{"type":"LineString","coordinates":[[75.757101,26.866881],[75.757075,26.866938],[75.757161,26.866976],[75.757108,26.867103],[75.757016,26.867065],[75.756981,26.867126],[75.756958,26.867115]]},"properties":{"category":"structures"}},{"type":"Feature","geometry":{"type":"LineString","coordinates":[[75.756952,26.867177],[75.756931,26.867228],[75.757005,26.867268],[75.756923,26.867454],[75.756832,26.867415]]},"properties":{"category":"structures"}},{"type":"Feature","geometry":{"type":"LineString","coordinates":[[75.756749,26.867567],[75.756787,26.867583],[75.756565,26.868014],[75.756502,26.867989]]},"properties":{"category":"structures"}},{"type":"Feature","geometry":{"type":"LineString","coordinates":[[75.756496,26.868029],[75.756544,26.868054],[75.756504,26.868137],[75.756444,26.868111]]},"properties":{"category":"structures"}},{"type":"Feature","geometry":{"type":"LineString","coordinates":[[75.756417,26.868173],[75.756474,26.868199],[75.756425,26.868297],[75.75637,26.868274]]},"properties":{"category":"structures"}},{"type":"Feature","geometry":{"type":"LineString","coordinates":[[75.756361,26.868303],[75.756415,26.868327],[75.756268,26.868613],[75.756226,26.868595]]},"properties":{"category":"structures"}},{"type":"Feature","geometry":{"type":"LineString","coordinates":[[75.756216,26.868626],[75.756257,26.868641],[75.756196,26.868765]]},"properties":{"category":"structures"}},{"type":"Feature","geometry":{"type":"LineString","coordinates":[[75.756183,26.868952],[75.756159,26.868996],[75.756181,26.869005],[75.756032,26.8693],[75.75596,26.86927]]},"properties":{"category":"structures"}},{"type":"Feature","geometry":{"type":"LineString","coordinates":[[75.755957,26.869334],[75.756006,26.869357],[75.755837,26.869699],[75.755756,26.869663]]},"properties":{"category":"structures"}},{"type":"Feature","geometry":{"type":"LineString","coordinates":[[75.755754,26.869724],[75.755815,26.869747],[75.755645,26.870086],[75.755546,26.870043]]},"properties":{"category":"structures"}},{"type":"Feature","geometry":{"type":"LineString","coordinates":[[75.755567,26.870111],[75.755621,26.870132],[75.755542,26.870291],[75.755468,26.870259]]},"properties":{"category":"structures"}},{"type":"Feature","geometry":{"type":"LineString","coordinates":[[75.755496,26.870291],[75.755533,26.870306],[75.75546,26.870478],[75.755387,26.870446]]},"properties":{"category":"structures"}},{"type":"Feature","geometry":{"type":"LineString","coordinates":[[75.755387,26.870511],[75.755428,26.870526],[75.755353,26.870682],[75.755289,26.870654]]},"properties":{"category":"structures"}},{"type":"Feature","geometry":{"type":"LineString","coordinates":[[75.75529,26.870678],[75.755341,26.870703],[75.755261,26.870864],[75.755201,26.870839]]},"properties":{"category":"structures"}},{"type":"Feature","geometry":{"type":"LineString","coordinates":[[75.755178,26.870892],[75.755231,26.870917],[75.755154,26.871077],[75.755117,26.871062],[75.755048,26.871197]]},"properties":{"category":"structures"}},{"type":"Feature","geometry":{"type":"LineString","coordinates":[[75.75496,26.87144],[75.754808,26.871741],[75.754714,26.871704]]},"properties":{"category":"structures"}},{"type":"Feature","geometry":{"type":"LineString","coordinates":[[75.754714,26.871777],[75.754769,26.871799],[75.754543,26.872267],[75.754502,26.872248]]},"properties":{"category":"structures"}},{"type":"Feature","geometry":{"type":"LineString","coordinates":[[75.754499,26.872263],[75.754532,26.87228],[75.754473,26.872397],[75.754433,26.872383]]},"properties":{"category":"structures"}},{"type":"Feature","geometry":{"type":"LineString","coordinates":[[75.754437,26.872402],[75.754465,26.872417],[75.754377,26.872592],[75.754297,26.872558]]},"properties":{"category":"structures"}},{"type":"Feature","geometry":{"type":"LineString","coordinates":[[75.7543,26.872645],[75.754346,26.872662],[75.75422,26.872916],[75.754134,26.87288]]},"properties":{"category":"structures"}},{"type":"Feature","geometry":{"type":"LineString","coordinates":[[75.754126,26.872981],[75.754172,26.873005],[75.753995,26.87336],[75.753891,26.873315]]},"properties":{"category":"structures"}},{"type":"Feature","geometry":{"type":"LineString","coordinates":[[75.753886,26.873403],[75.753967,26.873434],[75.753351,26.874687],[75.753222,26.874971],[75.75325,26.874982],[75.753232,26.875032],[75.753113,26.874987]]},"properties":{"category":"structures"}},{"type":"Feature","geometry":{"type":"LineString","coordinates":[[75.753019,26.875065],[75.753142,26.875107],[75.752941,26.875597],[75.752775,26.876299],[75.752651,26.876274]]},"properties":{"category":"structures"}},{"type":"Feature","geometry":{"type":"LineString","coordinates":[[75.752714,26.876361],[75.752799,26.876373],[75.752749,26.876649],[75.752635,26.876637]]},"properties":{"category":"structures"}},{"type":"Feature","geometry":{"type":"LineString","coordinates":[[75.752678,26.876741],[75.75273,26.876749],[75.752675,26.877378],[75.752496,26.87736]]},"properties":{"category":"structures"}},{"type":"Feature","geometry":{"type":"LineString","coordinates":[[75.752555,26.877453],[75.752674,26.87747],[75.752645,26.877654],[75.752229,26.877617]]},"properties":{"category":"structures"}},{"type":"Feature","geometry":{"type":"LineString","coordinates":[[75.769395,26.848223],[75.768584,26.849941],[75.768979,26.850094]]},"properties":{"category":"structures"}},{"type":"Feature","geometry":{"type":"LineString","coordinates":[[75.768595,26.850124],[75.768551,26.850219],[75.768666,26.850259],[75.768582,26.850439],[75.768509,26.850414],[75.768462,26.850531],[75.768521,26.850551],[75.768364,26.850827],[75.768614,26.850916]]},"properties":{"category":"structures"}},{"type":"Feature","geometry":{"type":"LineString","coordinates":[[75.768449,26.851001],[75.768271,26.850933],[75.767615,26.852216],[75.767946,26.852355]]},"properties":{"category":"structures"}},{"type":"Feature","geometry":{"type":"LineString","coordinates":[[75.767594,26.85244],[75.767517,26.852407],[75.767335,26.85274],[75.767512,26.852818]]},"properties":{"category":"structures"}},{"type":"Feature","geometry":{"type":"LineString","coordinates":[[75.767324,26.852989],[75.767266,26.852972],[75.76722,26.853061],[75.767188,26.853046],[75.766929,26.853548],[75.76715,26.853636]]},"properties":{"category":"structures"}},{"type":"Feature","geometry":{"type":"LineString","coordinates":[[75.767042,26.853679],[75.766897,26.853621],[75.76642,26.854568],[75.766407,26.854835],[75.766598,26.854832]]},"properties":{"category":"structures"}},{"type":"Feature","geometry":{"type":"LineString","coordinates":[[75.766493,26.854915],[75.766405,26.854913],[75.766395,26.856454]]},"properties":{"category":"structures"}},{"type":"Feature","geometry":{"type":"LineString","coordinates":[[75.766392,26.85661],[75.766388,26.858112],[75.766376,26.858032],[75.766345,26.858214],[75.766289,26.85831],[75.765752,26.858896],[75.765814,26.859001]]},"properties":{"category":"structures"}},{"type":"Feature","geometry":{"type":"LineString","coordinates":[[75.765057,26.860061],[75.764904,26.859914],[75.764475,26.860294],[75.764745,26.860532]]},"properties":{"category":"structures"}},{"type":"Feature","geometry":{"type":"LineString","coordinates":[[75.764023,26.860631],[75.764132,26.860515],[75.764111,26.860506],[75.764004,26.860617]]},"properties":{"category":"structures"}},{"type":"Feature","geometry":{"type":"LineString","coordinates":[[75.763853,26.861464],[75.763575,26.861202],[75.763355,26.861406],[75.763502,26.861528]]},"properties":{"category":"structures"}},{"type":"Feature","geometry":{"type":"LineString","coordinates":[[75.76328,26.861523],[75.763214,26.861471],[75.762401,26.862255],[75.762524,26.862369]]},"properties":{"category":"structures"}},{"type":"Feature","geometry":{"type":"LineString","coordinates":[[75.762381,26.862461],[75.762267,26.862362],[75.762123,26.862463],[75.761225,26.862848],[75.761302,26.862994]]},"properties":{"category":"structures"}},{"type":"Feature","geometry":{"type":"LineString","coordinates":[[75.76121,26.862996],[75.761154,26.862881],[75.760864,26.862993],[75.760931,26.863115]]},"properties":{"category":"structures"}},{"type":"Feature","geometry":{"type":"LineString","coordinates":[[75.76084,26.863124],[75.76079,26.863018],[75.760253,26.86323],[75.760302,26.863331]]},"properties":{"category":"structures"}},{"type":"Feature","geometry":{"type":"LineString","coordinates":[[75.760256,26.863315],[75.760228,26.863238],[75.760108,26.863284],[75.760156,26.863376]]},"properties":{"category":"structures"}},{"type":"Feature","geometry":{"type":"LineString","coordinates":[[75.760121,26.86337],[75.76008,26.863293],[75.759108,26.863667],[75.759035,26.863715],[75.759202,26.863823]]},"properties":{"category":"structures"}},{"type":"Feature","geometry":{"type":"LineString","coordinates":[[75.759141,26.863866],[75.758993,26.863785],[75.758646,26.864509],[75.758567,26.864688],[75.758726,26.864746]]},"properties":{"category":"structures"}},{"type":"Feature","geometry":{"type":"LineString","coordinates":[[75.758512,26.864944],[75.758492,26.864998],[75.758427,26.864975],[75.758309,26.865213],[75.758361,26.865237],[75.758232,26.865447],[75.758184,26.865438],[75.758123,26.865565],[75.758183,26.865594],[75.758127,26.865687],[75.758068,26.865678],[75.758009,26.865802],[75.758048,26.865822],[75.758015,26.865928],[75.757945,26.865901],[75.757879,26.86604],[75.758028,26.866107]]},"properties":{"category":"structures"}},{"type":"Feature","geometry":{"type":"LineString","coordinates":[[75.757905,26.866145],[75.757881,26.866181],[75.757821,26.866164],[75.757753,26.866308],[75.757796,26.866329],[75.757783,26.866379],[75.757893,26.866417]]},"properties":{"category":"structures"}},{"type":"Feature","geometry":{"type":"LineString","coordinates":[[75.757707,26.866402],[75.757621,26.866542],[75.757694,26.866572],[75.757637,26.866679],[75.757577,26.866657],[75.757507,26.866794],[75.757564,26.866821],[75.757519,26.866923],[75.757463,26.866889],[75.757396,26.867027],[75.75746,26.86705],[75.757408,26.86715],[75.757342,26.867123],[75.757274,26.867264],[75.757334,26.867289],[75.757292,26.867379],[75.757231,26.867357],[75.757175,26.867472],[75.757244,26.867503],[75.757203,26.867571],[75.757347,26.86763]]},"properties":{"category":"structures"}},{"type":"Feature","geometry":{"type":"LineString","coordinates":[[75.757182,26.867686],[75.757132,26.867666],[75.757083,26.867736],[75.757148,26.867762]]},"properties":{"category":"structures"}},{"type":"Feature","geometry":{"type":"LineString","coordinates":[[75.757143,26.867774],[75.757078,26.867749],[75.756935,26.868052],[75.757008,26.868077]]},"properties":{"category":"structures"}},{"type":"Feature","geometry":{"type":"LineString","coordinates":[[75.756966,26.868092],[75.756925,26.868075],[75.756695,26.868534],[75.756823,26.86858]]},"properties":{"category":"structures"}},{"type":"Feature","geometry":{"type":"LineString","coordinates":[[75.756739,26.868618],[75.756663,26.868591],[75.756504,26.868915],[75.756569,26.868943]]},"properties":{"category":"structures"}},{"type":"Feature","geometry":{"type":"LineString","coordinates":[[75.756396,26.869042],[75.756346,26.869144],[75.756395,26.869164]]},"properties":{"category":"structures"}},{"type":"Feature","geometry":{"type":"LineString","coordinates":[[75.756375,26.869168],[75.756341,26.869155],[75.756286,26.869271],[75.756335,26.86929]]},"properties":{"category":"structures"}},{"type":"Feature","geometry":{"type":"LineString","coordinates":[[75.756306,26.869295],[75.756276,26.869284],[75.756249,26.869351],[75.756284,26.869365]]},"properties":{"category":"structures"}},{"type":"Feature","geometry":{"type":"LineString","coordinates":[[75.756269,26.869378],[75.75624,26.869367],[75.756211,26.869431],[75.756256,26.869448]]},"properties":{"category":"structures"}},{"type":"Feature","geometry":{"type":"LineString","coordinates":[[75.756239,26.869457],[75.756201,26.869442],[75.756146,26.86956],[75.756183,26.869574]]},"properties":{"category":"structures"}},{"type":"Feature","geometry":{"type":"LineString","coordinates":[[75.756171,26.869585],[75.756138,26.869571],[75.756076,26.869696],[75.756124,26.869714]]},"properties":{"category":"structures"}},{"type":"Feature","geometry":{"type":"LineString","coordinates":[[75.756116,26.869718],[75.756073,26.869701],[75.756015,26.869822],[75.756073,26.869845]]},"properties":{"category":"structures"}},{"type":"Feature","geometry":{"type":"LineString","coordinates":[[75.756047,26.869847],[75.756011,26.869832],[75.755955,26.869952],[75.756002,26.869973]]},"properties":{"category":"structures"}},{"type":"Feature","geometry":{"type":"LineString","coordinates":[[75.755993,26.869982],[75.755949,26.869961],[75.755889,26.87008],[75.755939,26.870098]]},"properties":{"category":"structures"}},{"type":"Feature","geometry":{"type":"LineString","coordinates":[[75.755928,26.870106],[75.755886,26.87009],[75.755837,26.870184],[75.755925,26.870219]]},"properties":{"category":"structures"}},{"type":"Feature","geometry":{"type":"LineString","coordinates":[[75.755863,26.870279],[75.755805,26.870257],[75.755763,26.870345],[75.755817,26.870364]]},"properties":{"category":"structures"}},{"type":"Feature","geometry":{"type":"LineString","coordinates":[[75.755808,26.870378],[75.755758,26.870359],[75.755699,26.870475],[75.755742,26.870492]]},"properties":{"category":"structures"}},{"type":"Feature","geometry":{"type":"LineString","coordinates":[[75.755725,26.870498],[75.755694,26.870485],[75.755635,26.870607],[75.755688,26.870625]]},"properties":{"category":"structures"}},{"type":"Feature","geometry":{"type":"LineString","coordinates":[[75.755678,26.870639],[75.755628,26.87062],[75.755573,26.870737],[75.755601,26.870748]]},"properties":{"category":"structures"}},{"type":"Feature","geometry":{"type":"LineString","coordinates":[[75.755587,26.870757],[75.755567,26.87075],[75.755513,26.870866],[75.75555,26.870881]]},"properties":{"category":"structures"}},{"type":"Feature","geometry":{"type":"LineString","coordinates":[[75.75554,26.870894],[75.755505,26.870879],[75.755447,26.871],[75.755471,26.87101]]},"properties":{"category":"structures"}},{"type":"Feature","geometry":{"type":"LineString","coordinates":[[75.755466,26.871019],[75.755441,26.871011],[75.755385,26.871125],[75.755404,26.871131]]},"properties":{"category":"structures"}},{"type":"Feature","geometry":{"type":"LineString","coordinates":[[75.755396,26.871141],[75.755378,26.871132],[75.755279,26.871346],[75.755366,26.871379]]},"properties":{"category":"structures"}},{"type":"Feature","geometry":{"type":"LineString","coordinates":[[75.755155,26.871528],[75.754717,26.872388],[75.754857,26.872445]]},"properties":{"category":"structures"}},{"type":"Feature","geometry":{"type":"LineString","coordinates":[[75.754773,26.872467],[75.754705,26.872442],[75.75458,26.8727],[75.754672,26.872736]]},"properties":{"category":"structures"}},{"type":"Feature","geometry":{"type":"LineString","coordinates":[[75.754622,26.872785],[75.754551,26.872752],[75.754269,26.873333],[75.754398,26.873389]]},"properties":{"category":"structures"}},{"type":"Feature","geometry":{"type":"LineString","coordinates":[[75.754323,26.873417],[75.754234,26.87339],[75.754107,26.873641],[75.754238,26.873699]]},"properties":{"category":"structures"}},{"type":"Feature","geometry":{"type":"LineString","coordinates":[[75.754184,26.873749],[75.75409,26.873718],[75.753646,26.874591],[75.753761,26.87464]]},"properties":{"category":"structures"}},{"type":"Feature","geometry":{"type":"LineString","coordinates":[[75.753706,26.874799],[75.753651,26.874781],[75.753574,26.874945],[75.753497,26.874918],[75.753412,26.875096],[75.753541,26.875148]]},"properties":{"category":"structures"}},{"type":"Feature","geometry":{"type":"LineString","coordinates":[[75.753468,26.875234],[75.753359,26.875191],[75.753151,26.875705],[75.753078,26.876059],[75.753263,26.876094]]},"properties":{"category":"structures"}},{"type":"Feature","geometry":{"type":"LineString","coordinates":[[75.75323,26.876126],[75.753058,26.876104],[75.752899,26.877403],[75.753168,26.877416]]},"properties":{"category":"structures"}},{"type":"Feature","geometry":{"type":"LineString","coordinates":[[75.753538,26.874838],[75.753509,26.874822],[75.753573,26.874701],[75.753603,26.874719]]},"properties":{"category":"structures"}},{"type":"Feature","geometry":{"type":"LineString","coordinates":[[75.770333,26.846535],[75.77019,26.846475],[75.769717,26.847484]]},"properties":{"category":"structures"}},{"type":"Feature","geometry":{"type":"LineString","coordinates":[[75.770235,26.845816],[75.770236,26.845879],[75.77025,26.845838],[75.770208,26.845889]]},"properties":{"category":"structures"}},{"type":"Feature","geometry":{"type":"LineString","coordinates":[[75.768569,26.849424],[75.768524,26.849521]]},"properties":{"category":"structures"}},{"type":"Feature","geometry":{"type":"LineString","coordinates":[[75.76612,26.857474],[75.766145,26.857475],[75.766146,26.857448],[75.766122,26.857447]]},"properties":{"category":"structures"}},{"type":"Feature","geometry":{"type":"LineString","coordinates":[[75.766114,26.857672],[75.76614,26.857648],[75.766114,26.857649]]},"properties":{"category":"structures"}},{"type":"Feature","geometry":{"type":"LineString","coordinates":[[75.765587,26.858629],[75.7656,26.858591]]},"properties":{"category":"structures"}},{"type":"Feature","geometry":{"type":"LineString","coordinates":[[75.765609,26.858618],[75.7656,26.858591]]},"properties":{"category":"structures"}},{"type":"Feature","geometry":{"type":"LineString","coordinates":[[75.765587,26.858629],[75.765609,26.858618]]},"properties":{"category":"structures"}},{"type":"Feature","geometry":{"type":"LineString","coordinates":[[75.763421,26.860854],[75.763437,26.860839],[75.763459,26.860861],[75.763441,26.860873]]},"properties":{"category":"structures"}},{"type":"Feature","geometry":{"type":"LineString","coordinates":[[75.762488,26.861905],[75.762505,26.861921],[75.762489,26.861942],[75.762473,26.861924]]},"properties":{"category":"structures"}},{"type":"Feature","geometry":{"type":"LineString","coordinates":[[75.760299,26.862998],[75.760313,26.86297],[75.760289,26.862979]]},"properties":{"category":"structures"}},{"type":"Feature","geometry":{"type":"LineString","coordinates":[[75.759345,26.863317],[75.759375,26.863305]]},"properties":{"category":"structures"}},{"type":"Feature","geometry":{"type":"LineString","coordinates":[[75.759146,26.863412],[75.759111,26.863426],[75.759138,26.863397]]},"properties":{"category":"structures"}},{"type":"Feature","geometry":{"type":"LineString","coordinates":[[75.758876,26.863511],[75.758906,26.863528],[75.758922,26.863511],[75.7589,26.863496]]},"properties":{"category":"structures"}},{"type":"Feature","geometry":{"type":"LineString","coordinates":[[75.758554,26.864241],[75.758519,26.864238]]},"properties":{"category":"structures"}},{"type":"Feature","geometry":{"type":"Point","coordinates":[75.7568892,26.8675837]},"properties":{"category":"structures"}},{"type":"Feature","geometry":{"type":"LineString","coordinates":[[75.753966,26.873489],[75.753943,26.87348],[75.753955,26.873458],[75.753977,26.873468]]},"properties":{"category":"structures"}},{"type":"Feature","geometry":{"type":"LineString","coordinates":[[75.753462,26.874462],[75.753492,26.874477],[75.753431,26.874605],[75.753398,26.874592]]},"properties":{"category":"structures"}},{"type":"Feature","geometry":{"type":"LineString","coordinates":[[75.752775,26.876299],[75.752777,26.87637]]},"properties":{"category":"structures"}},{"type":"Feature","geometry":{"type":"LineString","coordinates":[[75.752749,26.876649],[75.752725,26.876748]]},"properties":{"category":"structures"}},{"type":"Feature","geometry":{"type":"LineString","coordinates":[[75.752899,26.877403],[75.752888,26.877452]]},"properties":{"category":"structures"}},{"type":"Feature","geometry":{"type":"LineString","coordinates":[[75.753083,26.87606],[75.75307,26.876105]]},"properties":{"category":"structures"}},{"type":"Feature","geometry":{"type":"LineString","coordinates":[[75.754269,26.873333],[75.754234,26.87339]]},"properties":{"category":"structures"}},{"type":"Feature","geometry":{"type":"LineString","coordinates":[[75.75458,26.8727],[75.754551,26.872752]]},"properties":{"category":"structures"}},{"type":"Feature","geometry":{"type":"LineString","coordinates":[[75.754717,26.872388],[75.754716,26.872446]]},"properties":{"category":"structures"}},{"type":"Feature","geometry":{"type":"LineString","coordinates":[[75.755263,26.871406],[75.755243,26.871383],[75.755269,26.871386]]},"properties":{"category":"structures"}},{"type":"Feature","geometry":{"type":"LineString","coordinates":[[75.755838,26.870185],[75.755805,26.870257]]},"properties":{"category":"structures"}},{"type":"Feature","geometry":{"type":"LineString","coordinates":[[75.757056,26.867693],[75.757066,26.867665]]},"properties":{"category":"structures"}},{"type":"Feature","geometry":{"type":"LineString","coordinates":[[75.758413,26.864895],[75.758442,26.864878],[75.758436,26.864899]]},"properties":{"category":"structures"}},{"type":"Feature","geometry":{"type":"LineString","coordinates":[[75.766387,26.85708],[75.766355,26.857081],[75.766356,26.85692],[75.766389,26.85692]]},"properties":{"category":"structures"}},{"type":"Feature","geometry":{"type":"LineString","coordinates":[[75.766362,26.856811],[75.766362,26.856769],[75.766391,26.856769],[75.76639,26.856811]]},"properties":{"category":"structures"}},{"type":"Feature","geometry":{"type":"LineString","coordinates":[[75.768979,26.850094],[75.769049,26.849925]]},"properties":{"category":"structures"}},{"type":"Feature","geometry":{"type":"LineString","coordinates":[[75.769154,26.849919],[75.769058,26.850117],[75.770814,26.850798],[75.770848,26.850741]]},"properties":{"category":"structures"}},{"type":"Feature","geometry":{"type":"LineString","coordinates":[[75.770944,26.850754],[75.770909,26.850834],[75.772144,26.851286],[75.77216,26.851251],[75.772117,26.851234],[75.772259,26.850928]]},"properties":{"category":"structures"}},{"type":"Feature","geometry":{"type":"LineString","coordinates":[[75.77227,26.85123],[75.772228,26.851315],[75.772661,26.851482]]},"properties":{"category":"structures"}},{"type":"Feature","geometry":{"type":"LineString","coordinates":[[75.772661,26.851482],[75.773558,26.851805]]},"properties":{"category":"structures"}},{"type":"Feature","geometry":{"type":"LineString","coordinates":[[75.773491,26.851904],[75.773199,26.851793],[75.773169,26.851902]]},"properties":{"category":"structures"}},{"type":"Feature","geometry":{"type":"LineString","coordinates":[[75.773052,26.851788],[75.773062,26.851745],[75.772721,26.851616],[75.77269,26.851737]]},"properties":{"category":"structures"}},{"type":"Feature","geometry":{"type":"LineString","coordinates":[[75.772623,26.851707],[75.772641,26.851583],[75.771683,26.851224],[75.771711,26.851236],[75.771683,26.851224],[75.771623,26.851336]]},"properties":{"category":"structures"}},{"type":"Feature","geometry":{"type":"LineString","coordinates":[[75.771524,26.851303],[75.771572,26.851183],[75.770661,26.850864],[75.769017,26.850221],[75.768941,26.850373]]},"properties":{"category":"structures"}},{"type":"Feature","geometry":{"type":"LineString","coordinates":[[75.768904,26.850331],[75.768934,26.85025],[75.768595,26.850124]]},"properties":{"category":"structures"}},{"type":"Feature","geometry":{"type":"LineString","coordinates":[[75.772641,26.851583],[75.772721,26.851616]]},"properties":{"category":"structures"}},{"type":"Feature","geometry":{"type":"LineString","coordinates":[[75.773062,26.851745],[75.773199,26.851793]]},"properties":{"category":"structures"}},{"type":"Feature","geometry":{"type":"LineString","coordinates":[[75.773033,26.854363],[75.772862,26.854352],[75.772874,26.854264]]},"properties":{"category":"structures"}},{"type":"Feature","geometry":{"type":"LineString","coordinates":[[75.772862,26.854352],[75.772772,26.854337]]},"properties":{"category":"structures"}},{"type":"Feature","geometry":{"type":"LineString","coordinates":[[75.772787,26.854275],[75.772772,26.854337],[75.772588,26.854317],[75.772601,26.854236],[75.772461,26.854224],[75.772478,26.854119]]},"properties":{"category":"structures"}},{"type":"Feature","geometry":{"type":"LineString","coordinates":[[75.772461,26.854224],[75.772342,26.854193]]},"properties":{"category":"structures"}},{"type":"Feature","geometry":{"type":"LineString","coordinates":[[75.772351,26.854134],[75.772342,26.854193],[75.772216,26.854152],[75.772253,26.85404]]},"properties":{"category":"structures"}},{"type":"Feature","geometry":{"type":"LineString","coordinates":[[75.77221,26.854124],[75.772133,26.854092]]},"properties":{"category":"structures"}},{"type":"Feature","geometry":{"type":"LineString","coordinates":[[75.772177,26.854019],[75.772129,26.854095],[75.771419,26.853802],[75.771454,26.853732]]},"properties":{"category":"structures"}},{"type":"Feature","geometry":{"type":"LineString","coordinates":[[75.771417,26.853706],[75.771383,26.853784],[75.770539,26.853435],[75.77062,26.85328]]},"properties":{"category":"structures"}},{"type":"Feature","geometry":{"type":"LineString","coordinates":[[75.770494,26.853294],[75.770437,26.853394],[75.770159,26.853276],[75.770217,26.853173]]},"properties":{"category":"structures"}},{"type":"Feature","geometry":{"type":"LineString","coordinates":[[75.770147,26.85316],[75.770102,26.853252],[75.769096,26.852834],[75.769183,26.852675]]},"properties":{"category":"structures"}},{"type":"Feature","geometry":{"type":"LineString","coordinates":[[75.769077,26.852685],[75.769018,26.852805],[75.768005,26.852381],[75.768086,26.852226]]},"properties":{"category":"structures"}},{"type":"Feature","geometry":{"type":"LineString","coordinates":[[75.767946,26.852355],[75.768034,26.85219]]},"properties":{"category":"structures"}},{"type":"Feature","geometry":{"type":"LineString","coordinates":[[75.773002,26.854569],[75.772822,26.854547],[75.772805,26.854648]]},"properties":{"category":"structures"}},{"type":"Feature","geometry":{"type":"LineString","coordinates":[[75.772719,26.854665],[75.772737,26.85456],[75.7725,26.8545],[75.771957,26.854261],[75.771922,26.854333]]},"properties":{"category":"structures"}},{"type":"Feature","geometry":{"type":"LineString","coordinates":[[75.771915,26.854312],[75.771939,26.85426],[75.771522,26.854083],[75.77148,26.85417]]},"properties":{"category":"structures"}},{"type":"Feature","geometry":{"type":"LineString","coordinates":[[75.771462,26.854155],[75.771504,26.854075],[75.771303,26.853991],[75.771251,26.854095]]},"properties":{"category":"structures"}},{"type":"Feature","geometry":{"type":"LineString","coordinates":[[75.771229,26.854086],[75.771277,26.853983],[75.771162,26.853926],[75.771116,26.85402]]},"properties":{"category":"structures"}},{"type":"Feature","geometry":{"type":"LineString","coordinates":[[75.77103,26.854002],[75.771079,26.853896],[75.770803,26.853778],[75.770745,26.853908]]},"properties":{"category":"structures"}},{"type":"Feature","geometry":{"type":"LineString","coordinates":[[75.770657,26.853854],[75.770711,26.85374],[75.770064,26.853472],[75.769998,26.8536]]},"properties":{"category":"structures"}},{"type":"Feature","geometry":{"type":"LineString","coordinates":[[75.76993,26.853541],[75.769978,26.853439],[75.76887,26.852975],[75.768787,26.853143]]},"properties":{"category":"structures"}},{"type":"Feature","geometry":{"type":"LineString","coordinates":[[75.768727,26.853097],[75.768811,26.85295],[75.767594,26.85244]]},"properties":{"category":"structures"}},{"type":"Feature","geometry":{"type":"LineString","coordinates":[[75.771397,26.853751],[75.771427,26.853768]]},"properties":{"category":"structures"}},{"type":"Feature","geometry":{"type":"LineString","coordinates":[[75.770104,26.853247],[75.77016,26.853273]]},"properties":{"category":"structures"}},{"type":"Feature","geometry":{"type":"LineString","coordinates":[[75.769022,26.852797],[75.769098,26.852832]]},"properties":{"category":"structures"}},{"type":"Feature","geometry":{"type":"LineString","coordinates":[[75.767187,26.852003],[75.767173,26.852035],[75.767126,26.852021],[75.766358,26.851721],[75.76642,26.851587]]},"properties":{"category":"structures"}},{"type":"Feature","geometry":{"type":"LineString","coordinates":[[75.766321,26.851589],[75.766271,26.851687],[75.765187,26.851272],[75.765275,26.8511]]},"properties":{"category":"structures"}},{"type":"Feature","geometry":{"type":"LineString","coordinates":[[75.765191,26.851065],[75.765105,26.851237],[75.764824,26.851132],[75.76491,26.850952]]},"properties":{"category":"structures"}},{"type":"Feature","geometry":{"type":"LineString","coordinates":[[75.764815,26.85094],[75.764748,26.851101],[75.76417,26.850881],[75.764273,26.850667]]},"properties":{"category":"structures"}},{"type":"Feature","geometry":{"type":"LineString","coordinates":[[75.764194,26.850711],[75.764121,26.850861],[75.763485,26.850617],[75.763591,26.850394]]},"properties":{"category":"structures"}},{"type":"Feature","geometry":{"type":"LineString","coordinates":[[75.763454,26.85049],[75.763413,26.85059],[75.763098,26.850469]]},"properties":{"category":"structures"}},{"type":"Feature","geometry":{"type":"LineString","coordinates":[[75.763016,26.850729],[75.763042,26.850668],[75.763347,26.850785],[75.763292,26.850893]]},"properties":{"category":"structures"}},{"type":"Feature","geometry":{"type":"LineString","coordinates":[[75.763368,26.850929],[75.763418,26.850816],[75.764539,26.851247],[75.764482,26.851366]]},"properties":{"category":"structures"}},{"type":"Feature","geometry":{"type":"LineString","coordinates":[[75.764648,26.851423],[75.764702,26.851309],[75.765291,26.851532],[75.765211,26.851681]]},"properties":{"category":"structures"}},{"type":"Feature","geometry":{"type":"LineString","coordinates":[[75.765302,26.851699],[75.765364,26.851568],[75.76687,26.852143],[75.766825,26.852256]]},"properties":{"category":"structures"}},{"type":"Feature","geometry":{"type":"LineString","coordinates":[[75.766917,26.852305],[75.766966,26.852186],[75.767299,26.852322]]},"properties":{"category":"structures"}},{"type":"Feature","geometry":{"type":"LineString","coordinates":[[75.772704,26.856166],[75.772542,26.856181],[75.772533,26.856119]]},"properties":{"category":"structures"}},{"type":"Feature","geometry":{"type":"LineString","coordinates":[[75.772509,26.856123],[75.772513,26.856183],[75.772161,26.85622],[75.772155,26.856169]]},"properties":{"category":"structures"}},{"type":"Feature","geometry":{"type":"LineString","coordinates":[[75.772124,26.856181],[75.772121,26.85622],[75.771554,26.856274],[75.771544,26.856175]]},"properties":{"category":"structures"}},{"type":"Feature","geometry":{"type":"LineString","coordinates":[[75.771464,26.856179],[75.771467,26.856281],[75.770542,26.856361],[75.770531,26.856255]]},"properties":{"category":"structures"}},{"type":"Feature","geometry":{"type":"LineString","coordinates":[[75.770479,26.856283],[75.770484,26.856367],[75.770261,26.856384],[75.770255,26.856285]]},"properties":{"category":"structures"}},{"type":"Feature","geometry":{"type":"LineString","coordinates":[[75.770169,26.856309],[75.770171,26.856406],[75.769864,26.856445],[75.769865,26.856305]]},"properties":{"category":"structures"}},{"type":"Feature","geometry":{"type":"LineString","coordinates":[[75.769747,26.856323],[75.769745,26.856442],[75.769441,26.856444],[75.76944,26.856338]]},"properties":{"category":"structures"}},{"type":"Feature","geometry":{"type":"LineString","coordinates":[[75.769372,26.856339],[75.76937,26.856456],[75.76925,26.856456],[75.76925,26.856393]]},"properties":{"category":"structures"}},{"type":"Feature","geometry":{"type":"LineString","coordinates":[[75.769234,26.856396],[75.769233,26.856455],[75.769003,26.856451],[75.769006,26.856375]]},"properties":{"category":"structures"}},{"type":"Feature","geometry":{"type":"LineString","coordinates":[[75.768988,26.856387],[75.768985,26.85645],[75.768749,26.856456],[75.768636,26.856452],[75.768637,26.856417],[75.7684,26.856419],[75.7684,26.856451],[75.768257,26.856451],[75.768257,26.856393]]},"properties":{"category":"structures"}},{"type":"Feature","geometry":{"type":"LineString","coordinates":[[75.76824,26.856396],[75.768236,26.85645],[75.767857,26.856449],[75.767856,26.856341]]},"properties":{"category":"structures"}},{"type":"Feature","geometry":{"type":"LineString","coordinates":[[75.767774,26.856377],[75.767774,26.856447],[75.767484,26.856448],[75.767487,26.856345]]},"properties":{"category":"structures"}},{"type":"Feature","geometry":{"type":"LineString","coordinates":[[75.767358,26.856316],[75.767362,26.85645],[75.766854,26.856456],[75.766853,26.856336]]},"properties":{"category":"structures"}},{"type":"Feature","geometry":{"type":"LineString","coordinates":[[75.766733,26.856345],[75.76673,26.856455],[75.766395,26.856454]]},"properties":{"category":"structures"}},{"type":"Feature","geometry":{"type":"LineString","coordinates":[[75.766392,26.85661],[75.768761,26.856612],[75.768796,26.856989]]},"properties":{"category":"structures"}},{"type":"Feature","geometry":{"type":"LineString","coordinates":[[75.768947,26.856821],[75.768936,26.856628],[75.769309,26.856598],[75.769323,26.856737]]},"properties":{"category":"structures"}},{"type":"Feature","geometry":{"type":"LineString","coordinates":[[75.769399,26.85671],[75.769382,26.856597],[75.769769,26.856589],[75.769785,26.856777]]},"properties":{"category":"structures"}},{"type":"Feature","geometry":{"type":"LineString","coordinates":[[75.769866,26.856759],[75.769856,26.85661],[75.771142,26.856482],[75.77116,26.856644]]},"properties":{"category":"structures"}},{"type":"Feature","geometry":{"type":"LineString","coordinates":[[75.771271,26.856617],[75.771264,26.856472],[75.771383,26.856458],[75.771537,26.856445],[75.771549,26.856591]]},"properties":{"category":"structures"}},{"type":"Feature","geometry":{"type":"LineString","coordinates":[[75.771653,26.856556],[75.771644,26.856414],[75.772878,26.856287]]},"properties":{"category":"structures"}},{"type":"Feature","geometry":{"type":"LineString","coordinates":[[75.773042,26.858842],[75.771943,26.858942],[75.771927,26.858798]]},"properties":{"category":"structures"}},{"type":"Feature","geometry":{"type":"LineString","coordinates":[[75.771821,26.858844],[75.771826,26.858952],[75.771527,26.858986],[75.771513,26.858878]]},"properties":{"category":"structures"}},{"type":"Feature","geometry":{"type":"LineString","coordinates":[[75.76937,26.856456],[75.769441,26.856444]]},"properties":{"category":"structures"}},{"type":"Feature","geometry":{"type":"LineString","coordinates":[[75.767774,26.856447],[75.767857,26.85645]]},"properties":{"category":"structures"}},{"type":"Feature","geometry":{"type":"LineString","coordinates":[[75.77143,26.858921],[75.771432,26.858991],[75.770282,26.859105],[75.770277,26.859032]]},"properties":{"category":"structures"}},{"type":"Feature","geometry":{"type":"LineString","coordinates":[[75.769994,26.85913],[75.769927,26.859096],[75.769724,26.859095],[75.769571,26.859136],[75.769522,26.859185],[75.769307,26.859214],[75.76929,26.859054]]},"properties":{"category":"structures"}},{"type":"Feature","geometry":{"type":"LineString","coordinates":[[75.769994,26.85913],[75.770282,26.859105]]},"properties":{"category":"structures"}},{"type":"Feature","geometry":{"type":"LineString","coordinates":[[75.769138,26.859112],[75.76915,26.859192],[75.769065,26.859199],[75.769058,26.859122]]},"properties":{"category":"structures"}},{"type":"Feature","geometry":{"type":"LineString","coordinates":[[75.769129,26.859237],[75.767901,26.859414],[75.767884,26.859301]]},"properties":{"category":"structures"}},{"type":"Feature","geometry":{"type":"LineString","coordinates":[[75.767785,26.859341],[75.767803,26.85943],[75.766912,26.859568],[75.766966,26.859556],[75.766416,26.8599],[75.765814,26.859001]]},"properties":{"category":"structures"}},{"type":"Feature","geometry":{"type":"LineString","coordinates":[[75.773201,26.858992],[75.772839,26.859023],[75.772855,26.859136]]},"properties":{"category":"structures"}},{"type":"Feature","geometry":{"type":"LineString","coordinates":[[75.772741,26.85913],[75.772731,26.859033],[75.771626,26.859138],[75.771644,26.859286]]},"properties":{"category":"structures"}},{"type":"Feature","geometry":{"type":"LineString","coordinates":[[75.771601,26.859281],[75.771586,26.859141],[75.771265,26.85917],[75.771283,26.859311]]},"properties":{"category":"structures"}},{"type":"Feature","geometry":{"type":"LineString","coordinates":[[75.771198,26.85932],[75.771195,26.859183],[75.770713,26.859225],[75.770739,26.859409]]},"properties":{"category":"structures"}},{"type":"Feature","geometry":{"type":"LineString","coordinates":[[75.770622,26.859386],[75.770599,26.859233],[75.769051,26.859403],[75.769027,26.85943],[75.769058,26.859723]]},"properties":{"category":"structures"}},{"type":"Feature","geometry":{"type":"LineString","coordinates":[[75.769027,26.85943],[75.768997,26.859433],[75.769002,26.859477],[75.769032,26.859475]]},"properties":{"category":"structures"}},{"type":"Feature","geometry":{"type":"LineString","coordinates":[[75.768896,26.859624],[75.768844,26.859402],[75.768118,26.859513],[75.768152,26.859744]]},"properties":{"category":"structures"}},{"type":"Feature","geometry":{"type":"LineString","coordinates":[[75.768006,26.859705],[75.767976,26.859562],[75.767314,26.859692],[75.767352,26.859848]]},"properties":{"category":"structures"}},{"type":"Feature","geometry":{"type":"LineString","coordinates":[[75.767278,26.859838],[75.767226,26.859676],[75.767039,26.8597],[75.766508,26.860037],[75.766811,26.860479],[75.767599,26.861204],[75.767532,26.860916]]},"properties":{"category":"structures"}},{"type":"Feature","geometry":{"type":"LineString","coordinates":[[75.767662,26.861141],[75.767693,26.861291],[75.767724,26.861284],[75.767745,26.861375],[75.768209,26.861307]]},"properties":{"category":"structures"}},{"type":"Feature","geometry":{"type":"LineString","coordinates":[[75.776814,26.826794],[75.776887,26.826905],[75.776722,26.827007],[75.776608,26.82707],[75.776533,26.826955]]},"properties":{"category":"structures"}},{"type":"Feature","geometry":{"type":"LineString","coordinates":[[75.776237,26.827109],[75.776331,26.82725],[75.776608,26.82707]]},"properties":{"category":"structures"}},{"type":"Feature","geometry":{"type":"LineString","coordinates":[[75.776158,26.82715],[75.776264,26.827323],[75.775941,26.827569],[75.775628,26.82786],[75.774906,26.828619],[75.77484,26.828512]]},"properties":{"category":"structures"}},{"type":"Feature","geometry":{"type":"LineString","coordinates":[[75.774747,26.828581],[75.774836,26.828723],[75.774614,26.828952],[75.77445,26.829029],[75.774415,26.828969]]},"properties":{"category":"structures"}},{"type":"Feature","geometry":{"type":"LineString","coordinates":[[75.774323,26.829085],[75.774369,26.829192],[75.774292,26.829251],[75.774242,26.82916]]},"properties":{"category":"structures"}},{"type":"Feature","geometry":{"type":"LineString","coordinates":[[75.774213,26.829249],[75.774242,26.829329],[75.774133,26.82939],[75.774088,26.829306]]},"properties":{"category":"structures"}},{"type":"Feature","geometry":{"type":"LineString","coordinates":[[75.77387,26.829396],[75.773961,26.829561],[75.773908,26.829594],[75.773465,26.829585]]},"properties":{"category":"structures"}},{"type":"Feature","geometry":{"type":"LineString","coordinates":[[75.773787,26.8297],[75.773478,26.829687],[75.773454,26.829832],[75.773647,26.829877]]},"properties":{"category":"structures"}},{"type":"Feature","geometry":{"type":"LineString","coordinates":[[75.773433,26.829884],[75.773576,26.829924],[75.773503,26.830022],[75.773431,26.830067],[75.773372,26.830047]]},"properties":{"category":"structures"}},{"type":"Feature","geometry":{"type":"LineString","coordinates":[[75.773306,26.830107],[75.773296,26.830201],[75.772898,26.830617],[75.772676,26.830831],[75.772608,26.830787]]},"properties":{"category":"structures"}},{"type":"Feature","geometry":{"type":"LineString","coordinates":[[75.77253,26.830825],[75.772626,26.830874],[75.772069,26.831424],[75.771508,26.832053],[75.771419,26.831984]]},"properties":{"category":"structures"}},{"type":"Feature","geometry":{"type":"LineString","coordinates":[[75.771175,26.832029],[75.771371,26.832162],[75.770733,26.832792],[75.770151,26.833578],[75.769888,26.83346]]},"properties":{"category":"structures"}},{"type":"Feature","geometry":{"type":"LineString","coordinates":[[75.769874,26.833587],[75.770076,26.833652],[75.769873,26.834097],[75.769684,26.834033]]},"properties":{"category":"structures"}},{"type":"Feature","geometry":{"type":"LineString","coordinates":[[75.769648,26.83419],[75.769787,26.834243],[75.769098,26.835783],[75.768763,26.83567]]},"properties":{"category":"structures"}},{"type":"Feature","geometry":{"type":"LineString","coordinates":[[75.768763,26.83567],[75.768643,26.835953],[75.768962,26.836072]]},"properties":{"category":"structures"}},{"type":"Feature","geometry":{"type":"LineString","coordinates":[[75.768746,26.836082],[75.768934,26.836148],[75.768641,26.836799],[75.76835,26.836687]]},"properties":{"category":"structures"}},{"type":"Feature","geometry":{"type":"LineString","coordinates":[[75.76837,26.836823],[75.768601,26.836901],[75.768362,26.837431],[75.768338,26.83742],[75.768314,26.837463],[75.767636,26.83714]]},"properties":{"category":"structures"}},{"type":"Feature","geometry":{"type":"LineString","coordinates":[[75.767863,26.837417],[75.768295,26.837614],[75.768258,26.837644],[75.767917,26.838438],[75.767815,26.838391]]},"properties":{"category":"structures"}},{"type":"Feature","geometry":{"type":"LineString","coordinates":[[75.767786,26.838499],[75.767877,26.838539],[75.767679,26.838969],[75.767473,26.838897]]},"properties":{"category":"structures"}},{"type":"Feature","geometry":{"type":"LineString","coordinates":[[75.767123,26.839676],[75.767319,26.839754],[75.767131,26.840163],[75.76692,26.840085]]},"properties":{"category":"structures"}},{"type":"Feature","geometry":{"type":"LineString","coordinates":[[75.766909,26.840185],[75.767084,26.840246],[75.766791,26.840886],[75.766572,26.840766]]},"properties":{"category":"structures"}},{"type":"Feature","geometry":{"type":"LineString","coordinates":[[75.766623,26.840905],[75.766915,26.841069],[75.766826,26.841248]]},"properties":{"category":"structures"}},{"type":"Feature","geometry":{"type":"LineString","coordinates":[[75.766836,26.841214],[75.766671,26.841135],[75.766274,26.841997],[75.765822,26.841923]]},"properties":{"category":"structures"}},{"type":"Feature","geometry":{"type":"LineString","coordinates":[[75.765865,26.842791],[75.765731,26.84309],[75.765777,26.84311],[75.765385,26.843974],[75.765165,26.843893]]},"properties":{"category":"structures"}},{"type":"Feature","geometry":{"type":"LineString","coordinates":[[75.765184,26.843995],[75.765368,26.844055],[75.765228,26.84434],[75.765106,26.844288]]},"properties":{"category":"structures"}},{"type":"Feature","geometry":{"type":"LineString","coordinates":[[75.764932,26.844455],[75.765146,26.844542],[75.764866,26.845126],[75.764803,26.845119],[75.764765,26.84534],[75.764552,26.845841],[75.76445,26.845904],[75.764317,26.845741]]},"properties":{"category":"structures"}},{"type":"Feature","geometry":{"type":"LineString","coordinates":[[75.764263,26.846134],[75.76434,26.846215],[75.76424,26.846291],[75.764165,26.84619]]},"properties":{"category":"structures"}},{"type":"Feature","geometry":{"type":"LineString","coordinates":[[75.764194,26.846322],[75.764276,26.846352],[75.76417,26.8466],[75.763884,26.846483],[75.763745,26.846794],[75.764054,26.846909],[75.763957,26.847116],[75.763936,26.847109],[75.763906,26.84716],[75.763787,26.847112]]},"properties":{"category":"structures"}},{"type":"Feature","geometry":{"type":"LineString","coordinates":[[75.7639,26.847207],[75.7639,26.847207]]},"properties":{"category":"structures"}},{"type":"Feature","geometry":{"type":"LineString","coordinates":[[75.763852,26.847319],[75.763631,26.847836],[75.763421,26.847763]]},"properties":{"category":"structures"}},{"type":"Feature","geometry":{"type":"LineString","coordinates":[[75.763494,26.847903],[75.763599,26.847933],[75.763476,26.848229],[75.76345,26.848216],[75.763312,26.848551],[75.763172,26.848794],[75.762992,26.848522]]},"properties":{"category":"structures"}},{"type":"Feature","geometry":{"type":"LineString","coordinates":[[75.762911,26.848695],[75.763112,26.848995],[75.763021,26.849117],[75.76277,26.849021]]},"properties":{"category":"structures"}},{"type":"Feature","geometry":{"type":"LineString","coordinates":[[75.76276,26.849256],[75.762932,26.849327],[75.762563,26.850089],[75.762517,26.850145],[75.762373,26.850156]]},"properties":{"category":"structures"}},{"type":"Feature","geometry":{"type":"LineString","coordinates":[[75.762175,26.850399],[75.76244,26.850354],[75.762475,26.850381],[75.762465,26.850426],[75.762365,26.850639],[75.76231,26.850637],[75.762266,26.850784],[75.762203,26.850762],[75.762194,26.851005],[75.761812,26.8518],[75.761757,26.851536],[75.761673,26.851554],[75.761718,26.851813],[75.761594,26.851836]]},"properties":{"category":"structures"}},{"type":"Feature","geometry":{"type":"LineString","coordinates":[[75.761599,26.851951],[75.761759,26.851931],[75.761346,26.852823],[75.761173,26.852851]]},"properties":{"category":"structures"}},{"type":"Feature","geometry":{"type":"LineString","coordinates":[[75.761314,26.852894],[75.760937,26.852964],[75.760959,26.853125],[75.761198,26.853084]]},"properties":{"category":"structures"}},{"type":"Feature","geometry":{"type":"LineString","coordinates":[[75.760959,26.853125],[75.761015,26.853367],[75.760643,26.853426]]},"properties":{"category":"structures"}},{"type":"Feature","geometry":{"type":"LineString","coordinates":[[75.760823,26.853508],[75.76106,26.853469],[75.760995,26.853649],[75.760915,26.853824],[75.760677,26.853878]]},"properties":{"category":"structures"}},{"type":"Feature","geometry":{"type":"LineString","coordinates":[[75.760647,26.854097],[75.760709,26.854087],[75.760704,26.854112],[75.760653,26.854121]]},"properties":{"category":"structures"}},{"type":"Feature","geometry":{"type":"LineString","coordinates":[[75.760623,26.854234],[75.760465,26.854325],[75.760386,26.854409],[75.760341,26.854368]]},"properties":{"category":"structures"}},{"type":"Feature","geometry":{"type":"LineString","coordinates":[[75.760141,26.854599],[75.760141,26.854599]]},"properties":{"category":"structures"}},{"type":"Feature","geometry":{"type":"LineString","coordinates":[[75.759829,26.854704],[75.759925,26.854789],[75.759491,26.855172],[75.759288,26.854988]]},"properties":{"category":"structures"}},{"type":"Feature","geometry":{"type":"LineString","coordinates":[[75.759276,26.855084],[75.75943,26.855232],[75.758943,26.855677],[75.758911,26.855408]]},"properties":{"category":"structures"}},{"type":"Feature","geometry":{"type":"LineString","coordinates":[[75.758835,26.855449],[75.75887,26.855715],[75.758772,26.855745],[75.758724,26.855606]]},"properties":{"category":"structures"}},{"type":"Feature","geometry":{"type":"LineString","coordinates":[[75.758566,26.855708],[75.758683,26.855923],[75.758276,26.856249],[75.758161,26.856091]]},"properties":{"category":"structures"}},{"type":"Feature","geometry":{"type":"LineString","coordinates":[[75.758711,26.856074],[75.75867,26.855996],[75.75859,26.856027],[75.758622,26.856064],[75.758471,26.856195],[75.75851,26.856241]]},"properties":{"category":"structures"}},{"type":"Feature","geometry":{"type":"LineString","coordinates":[[75.758035,26.856325],[75.758099,26.856412],[75.757981,26.856525],[75.75754,26.856904],[75.757499,26.856835]]},"properties":{"category":"structures"}},{"type":"Feature","geometry":{"type":"LineString","coordinates":[[75.757436,26.856888],[75.757489,26.856962],[75.75703,26.85737],[75.756956,26.857268]]},"properties":{"category":"structures"}},{"type":"Feature","geometry":{"type":"LineString","coordinates":[[75.756884,26.857334],[75.756948,26.857426],[75.756433,26.857957],[75.756298,26.857715]]},"properties":{"category":"structures"}},{"type":"Feature","geometry":{"type":"LineString","coordinates":[[75.75627,26.8578],[75.75639,26.858008],[75.756177,26.858331],[75.756094,26.858211]]},"properties":{"category":"structures"}},{"type":"Feature","geometry":{"type":"LineString","coordinates":[[75.755976,26.858361],[75.75605,26.858476],[75.755903,26.858753],[75.755845,26.858726]]},"properties":{"category":"structures"}},{"type":"Feature","geometry":{"type":"LineString","coordinates":[[75.755827,26.858777],[75.755886,26.858804],[75.755658,26.859241],[75.755585,26.85921]]},"properties":{"category":"structures"}},{"type":"Feature","geometry":{"type":"LineString","coordinates":[[75.755693,26.859342],[75.75572,26.859274],[75.755762,26.859291],[75.755736,26.859357]]},"properties":{"category":"structures"}},{"type":"Feature","geometry":{"type":"LineString","coordinates":[[75.755555,26.859283],[75.755629,26.859313],[75.755372,26.859832],[75.755225,26.860115],[75.75514,26.860081]]},"properties":{"category":"structures"}},{"type":"Feature","geometry":{"type":"LineString","coordinates":[[75.755137,26.86032],[75.755155,26.860286],[75.755266,26.860331],[75.755248,26.860366]]},"properties":{"category":"structures"}},{"type":"Feature","geometry":{"type":"LineString","coordinates":[[75.754987,26.860331],[75.755055,26.860359],[75.755018,26.860411],[75.754994,26.860401],[75.754828,26.860712],[75.754672,26.860649]]},"properties":{"category":"structures"}},{"type":"Feature","geometry":{"type":"LineString","coordinates":[[75.754618,26.860792],[75.754775,26.860857],[75.754574,26.861265],[75.7544,26.861193]]},"properties":{"category":"structures"}},{"type":"Feature","geometry":{"type":"LineString","coordinates":[[75.754459,26.861315],[75.754592,26.861377],[75.754414,26.861759],[75.754292,26.861708]]},"properties":{"category":"structures"}},{"type":"Feature","geometry":{"type":"LineString","coordinates":[[75.754264,26.861791],[75.754359,26.861831],[75.754258,26.862037],[75.754201,26.862009]]},"properties":{"category":"structures"}},{"type":"Feature","geometry":{"type":"LineString","coordinates":[[75.754258,26.862037],[75.753981,26.862575],[75.753912,26.862542]]},"properties":{"category":"structures"}},{"type":"Feature","geometry":{"type":"LineString","coordinates":[[75.753879,26.862606],[75.75395,26.862648],[75.753501,26.863564],[75.753334,26.86356]]},"properties":{"category":"structures"}},{"type":"Feature","geometry":{"type":"LineString","coordinates":[[75.753332,26.86382],[75.753387,26.86384],[75.75294,26.864685],[75.752654,26.865315],[75.752183,26.86524],[75.752183,26.865415],[75.752559,26.865492],[75.752458,26.865692],[75.752123,26.865631]]},"properties":{"category":"structures"}},{"type":"Feature","geometry":{"type":"LineString","coordinates":[[75.752287,26.865714],[75.752438,26.86574],[75.752197,26.866227],[75.752118,26.866197]]},"properties":{"category":"structures"}},{"type":"Feature","geometry":{"type":"LineString","coordinates":[[75.752088,26.86631],[75.75215,26.866335],[75.752003,26.866644],[75.751627,26.867397],[75.751572,26.867388]]},"properties":{"category":"structures"}},{"type":"Feature","geometry":{"type":"LineString","coordinates":[[75.751443,26.867567],[75.751541,26.867572],[75.751288,26.868101],[75.75109,26.868075]]},"properties":{"category":"structures"}},{"type":"Feature","geometry":{"type":"LineString","coordinates":[[75.751138,26.868248],[75.751208,26.868251],[75.751162,26.868336],[75.751089,26.868328]]},"properties":{"category":"structures"}},{"type":"Feature","geometry":{"type":"LineString","coordinates":[[75.751162,26.868336],[75.751061,26.868518],[75.750937,26.86852]]},"properties":{"category":"structures"}},{"type":"Feature","geometry":{"type":"LineString","coordinates":[[75.750872,26.86877],[75.750948,26.868764],[75.75081,26.869047],[75.750763,26.869058],[75.750435,26.869723],[75.750317,26.869671]]},"properties":{"category":"structures"}},{"type":"Feature","geometry":{"type":"LineString","coordinates":[[75.750262,26.869738],[75.750365,26.869786],[75.750049,26.87044],[75.749957,26.870649],[75.749989,26.870672],[75.749711,26.871274],[75.749217,26.872285],[75.749105,26.872229]]},"properties":{"category":"structures"}},{"type":"Feature","geometry":{"type":"LineString","coordinates":[[75.748949,26.872413],[75.749124,26.872485],[75.749066,26.872587],[75.749084,26.872595],[75.74902,26.872705],[75.74899,26.872691],[75.748912,26.872864],[75.748932,26.872876],[75.748054,26.874694],[75.747813,26.874612]]},"properties":{"category":"structures"}},{"type":"Feature","geometry":{"type":"LineString","coordinates":[[75.74794,26.874832],[75.747987,26.874847],[75.747822,26.875207],[75.74778,26.875191]]},"properties":{"category":"structures"}},{"type":"Feature","geometry":{"type":"LineString","coordinates":[[75.74782,26.875254],[75.747907,26.875298],[75.747807,26.875499],[75.747699,26.875452]]},"properties":{"category":"structures"}},{"type":"Feature","geometry":{"type":"LineString","coordinates":[[75.747618,26.875535],[75.747646,26.875546],[75.747331,26.876276],[75.747317,26.876465],[75.747248,26.876486],[75.747238,26.876531],[75.747073,26.8765]]},"properties":{"category":"structures"}},{"type":"Feature","geometry":{"type":"LineString","coordinates":[[75.747156,26.876596],[75.747224,26.876611],[75.74727,26.876785],[75.747231,26.876794]]},"properties":{"category":"structures"}},{"type":"Feature","geometry":{"type":"LineString","coordinates":[[75.74724,26.876817],[75.747265,26.876808],[75.747327,26.876969],[75.747298,26.876976]]},"properties":{"category":"structures"}},{"type":"Feature","geometry":{"type":"LineString","coordinates":[[75.747327,26.876969],[75.747367,26.877078],[75.747334,26.877087]]},"properties":{"category":"structures"}},{"type":"Feature","geometry":{"type":"LineString","coordinates":[[75.747241,26.87716],[75.747362,26.877168],[75.747698,26.877955],[75.747531,26.877944]]},"properties":{"category":"structures"}},{"type":"Feature","geometry":{"type":"LineString","coordinates":[[75.74766,26.878033],[75.74774,26.87803],[75.747967,26.878437],[75.748064,26.878686],[75.747866,26.878677]]},"properties":{"category":"structures"}},{"type":"Feature","geometry":{"type":"LineString","coordinates":[[75.748064,26.878686],[75.748098,26.878994],[75.748047,26.879188],[75.748002,26.879226],[75.747797,26.879228]]},"properties":{"category":"structures"}},{"type":"Feature","geometry":{"type":"LineString","coordinates":[[75.775945,26.827684],[75.775997,26.82765],[75.776018,26.827668],[75.775969,26.827705]]},"properties":{"category":"structures"}},{"type":"Feature","geometry":{"type":"LineString","coordinates":[[75.776699,26.827245],[75.77616,26.827634],[75.775391,26.828404]]},"properties":{"category":"structures"}},{"type":"Feature","geometry":{"type":"LineString","coordinates":[[75.776796,26.827372],[75.776343,26.827691],[75.776098,26.827906],[75.77543,26.828587]]},"properties":{"category":"structures"}},{"type":"Feature","geometry":{"type":"LineString","coordinates":[[75.767884,26.838423],[75.767836,26.838521]]},"properties":{"category":"structures"}},{"type":"Feature","geometry":{"type":"LineString","coordinates":[[75.759446,26.85533],[75.759491,26.855285],[75.759538,26.855325],[75.759497,26.855367]]},"properties":{"category":"structures"}},{"type":"Feature","geometry":{"type":"LineString","coordinates":[[75.775847,26.828486],[75.774764,26.829593],[75.774952,26.829742]]},"properties":{"category":"structures"}},{"type":"Feature","geometry":{"type":"LineString","coordinates":[[75.777431,26.827095],[75.777455,26.827136],[75.777135,26.827358],[75.77669,26.827604],[75.775986,26.82826],[75.775968,26.828282],[75.776124,26.828414]]},"properties":{"category":"structures"}},{"type":"Feature","geometry":{"type":"LineString","coordinates":[[75.77485,26.829718],[75.774777,26.829675],[75.774706,26.829741],[75.774759,26.82978]]},"properties":{"category":"structures"}},{"type":"Feature","geometry":{"type":"LineString","coordinates":[[75.774733,26.82979],[75.774711,26.829773],[75.774567,26.82991],[75.774646,26.82998]]},"properties":{"category":"structures"}},{"type":"Feature","geometry":{"type":"LineString","coordinates":[[75.774399,26.830123],[75.774255,26.830022],[75.773396,26.830886],[75.7737,26.831109],[75.77354,26.83125],[75.773247,26.831038],[75.772311,26.831999],[75.772507,26.832148]]},"properties":{"category":"structures"}},{"type":"Feature","geometry":{"type":"LineString","coordinates":[[75.772356,26.832225],[75.772203,26.83212],[75.771316,26.833015],[75.771236,26.832968],[75.770984,26.83323],[75.770646,26.833654],[75.771002,26.833797]]},"properties":{"category":"structures"}},{"type":"Feature","geometry":{"type":"LineString","coordinates":[[75.772311,26.831999],[75.772203,26.83212]]},"properties":{"category":"structures"}},{"type":"Feature","geometry":{"type":"LineString","coordinates":[[75.770621,26.833774],[75.77055,26.833751],[75.770313,26.834216],[75.770489,26.834288]]},"properties":{"category":"structures"}},{"type":"Feature","geometry":{"type":"LineString","coordinates":[[75.770344,26.834346],[75.770265,26.834321],[75.770192,26.834457],[75.770196,26.834499],[75.769357,26.8363],[75.769479,26.836349]]},"properties":{"category":"structures"}},{"type":"Feature","geometry":{"type":"LineString","coordinates":[[75.769431,26.83633],[75.769294,26.836617],[75.769488,26.836685]]},"properties":{"category":"structures"}},{"type":"Feature","geometry":{"type":"LineString","coordinates":[[75.769395,26.836764],[75.769167,26.836682],[75.768867,26.837349],[75.768965,26.83738]]},"properties":{"category":"structures"}},{"type":"Feature","geometry":{"type":"LineString","coordinates":[[75.769086,26.837549],[75.768992,26.837516],[75.76888,26.837762],[75.768999,26.837803]]},"properties":{"category":"structures"}},{"type":"Feature","geometry":{"type":"LineString","coordinates":[[75.76889,26.837847],[75.768847,26.837835],[75.768496,26.838596],[75.768611,26.838639]]},"properties":{"category":"structures"}},{"type":"Feature","geometry":{"type":"LineString","coordinates":[[75.768537,26.83864],[75.768493,26.83862],[75.768145,26.83939]]},"properties":{"category":"structures"}},{"type":"Feature","geometry":{"type":"LineString","coordinates":[[75.768073,26.83926],[75.768185,26.839296]]},"properties":{"category":"structures"}},{"type":"Feature","geometry":{"type":"LineString","coordinates":[[75.76888,26.837762],[75.768847,26.837835]]},"properties":{"category":"structures"}},{"type":"Feature","geometry":{"type":"LineString","coordinates":[[75.767789,26.840143],[75.767603,26.840561],[75.767728,26.840598]]},"properties":{"category":"structures"}},{"type":"Feature","geometry":{"type":"LineString","coordinates":[[75.767601,26.84078],[75.76751,26.840744],[75.767421,26.84095],[75.767517,26.840986]]},"properties":{"category":"structures"}},{"type":"Feature","geometry":{"type":"LineString","coordinates":[[75.767483,26.841041],[75.767392,26.841012],[75.767353,26.841084],[75.766634,26.842677],[75.766751,26.842724]]},"properties":{"category":"structures"}},{"type":"Feature","geometry":{"type":"LineString","coordinates":[[75.766675,26.842771],[75.766602,26.842746],[75.766497,26.842973],[75.766638,26.843026]]},"properties":{"category":"structures"}},{"type":"Feature","geometry":{"type":"LineString","coordinates":[[75.766563,26.843107],[75.766452,26.843073],[75.766096,26.843856],[75.767978,26.84455],[75.768107,26.844277]]},"properties":{"category":"structures"}},{"type":"Feature","geometry":{"type":"LineString","coordinates":[[75.766217,26.844014],[75.766049,26.843954],[75.765651,26.844832],[75.765825,26.844898]]},"properties":{"category":"structures"}},{"type":"Feature","geometry":{"type":"LineString","coordinates":[[75.765673,26.845261],[75.765485,26.845204],[75.76527,26.845682],[75.765488,26.845761]]},"properties":{"category":"structures"}},{"type":"Feature","geometry":{"type":"LineString","coordinates":[[75.765386,26.845808],[75.765238,26.845756],[75.765109,26.846039]]},"properties":{"category":"structures"}},{"type":"Feature","geometry":{"type":"LineString","coordinates":[[75.764962,26.846354],[75.764379,26.847639],[75.764521,26.847686]]},"properties":{"category":"structures"}},{"type":"Feature","geometry":{"type":"LineString","coordinates":[[75.764503,26.847712],[75.764393,26.84767],[75.7643,26.84788],[75.764433,26.847925]]},"properties":{"category":"structures"}},{"type":"Feature","geometry":{"type":"LineString","coordinates":[[75.764342,26.848003],[75.76423,26.847966],[75.76388,26.848736],[75.764078,26.84881]]},"properties":{"category":"structures"}},{"type":"Feature","geometry":{"type":"LineString","coordinates":[[75.764045,26.848974],[75.763895,26.848908],[75.763875,26.848948],[75.763808,26.848921],[75.763098,26.850469]]},"properties":{"category":"structures"}},{"type":"Feature","geometry":{"type":"LineString","coordinates":[[75.763016,26.850729],[75.763005,26.850757],[75.762962,26.850743],[75.762499,26.851714],[75.762657,26.851778]]},"properties":{"category":"structures"}},{"type":"Feature","geometry":{"type":"LineString","coordinates":[[75.762557,26.851863],[75.762449,26.851816],[75.762293,26.852161],[75.762327,26.852189],[75.762287,26.852236],[75.762303,26.852272],[75.762248,26.852268],[75.761951,26.852924],[75.762143,26.852999]]},"properties":{"category":"structures"}},{"type":"Feature","geometry":{"type":"LineString","coordinates":[[75.761991,26.853054],[75.761898,26.853024],[75.761555,26.853759],[75.761588,26.853772],[75.761548,26.853863],[75.761683,26.853908]]},"properties":{"category":"structures"}},{"type":"Feature","geometry":{"type":"LineString","coordinates":[[75.761641,26.854001],[75.761509,26.853943],[75.761412,26.854114],[75.761377,26.854104],[75.761283,26.854277],[75.76145,26.854353],[75.761409,26.854426],[75.761734,26.854717]]},"properties":{"category":"structures"}},{"type":"Feature","geometry":{"type":"LineString","coordinates":[[75.761855,26.855216],[75.761163,26.854583],[75.761072,26.854567],[75.761001,26.854649],[75.761044,26.85459],[75.760942,26.854648],[75.760708,26.854856],[75.760706,26.854908],[75.760654,26.854951],[75.760695,26.854898],[75.760613,26.854945],[75.759928,26.855554],[75.760002,26.855614],[75.759834,26.855776],[75.759887,26.855711],[75.759711,26.855865],[75.75965,26.855807],[75.759391,26.856031],[75.759718,26.856286]]},"properties":{"category":"structures"}},{"type":"Feature","geometry":{"type":"LineString","coordinates":[[75.759068,26.856314],[75.758991,26.856381],[75.759211,26.856585],[75.761034,26.858224],[75.761105,26.858166],[75.761166,26.858222],[75.761141,26.858254],[75.76126,26.858333],[75.761639,26.858702],[75.761676,26.858732],[75.76171,26.858703],[75.761777,26.858764],[75.761705,26.858707],[75.761764,26.858766],[75.761702,26.858823],[75.762246,26.859312],[75.762444,26.859443],[75.762544,26.859579],[75.763202,26.860171],[75.763466,26.860369]]},"properties":{"category":"structures"}},{"type":"Feature","geometry":{"type":"LineString","coordinates":[[75.758847,26.85677],[75.758674,26.856638],[75.757494,26.857728],[75.757619,26.85783]]},"properties":{"category":"structures"}},{"type":"Feature","geometry":{"type":"LineString","coordinates":[[75.757535,26.857847],[75.757417,26.857774],[75.757175,26.858028],[75.757283,26.858112]]},"properties":{"category":"structures"}},{"type":"Feature","geometry":{"type":"LineString","coordinates":[[75.757184,26.858128],[75.757117,26.858079],[75.756877,26.85833],[75.756966,26.858398]]},"properties":{"category":"structures"}},{"type":"Feature","geometry":{"type":"LineString","coordinates":[[75.75692,26.858469],[75.756824,26.858396],[75.756548,26.8588],[75.756399,26.859083],[75.756585,26.859176]]},"properties":{"category":"structures"}},{"type":"Feature","geometry":{"type":"LineString","coordinates":[[75.756512,26.859211],[75.756355,26.859154],[75.7562,26.859463],[75.756346,26.859522]]},"properties":{"category":"structures"}},{"type":"Feature","geometry":{"type":"LineString","coordinates":[[75.756261,26.859602],[75.756178,26.859577],[75.756061,26.859831],[75.756304,26.859936],[75.756171,26.860177],[75.755908,26.860071]]},"properties":{"category":"structures"}},{"type":"Feature","geometry":{"type":"LineString","coordinates":[[75.756034,26.860237],[75.755862,26.860167],[75.755667,26.860547],[75.755661,26.860601],[75.755667,26.860547],[75.755562,26.860767],[75.755737,26.860836]]},"properties":{"category":"structures"}},{"type":"Feature","geometry":{"type":"LineString","coordinates":[[75.755684,26.860907],[75.755528,26.860838],[75.754926,26.862047],[75.755109,26.862122]]},"properties":{"category":"structures"}},{"type":"Feature","geometry":{"type":"LineString","coordinates":[[75.754981,26.862161],[75.754891,26.86213],[75.754745,26.862424],[75.754919,26.862488]]},"properties":{"category":"structures"}},{"type":"Feature","geometry":{"type":"LineString","coordinates":[[75.754847,26.862541],[75.754706,26.862493],[75.754413,26.863094],[75.75475,26.863224],[75.754799,26.863126]]},"properties":{"category":"structures"}},{"type":"Feature","geometry":{"type":"LineString","coordinates":[[75.754654,26.863424],[75.754323,26.863284],[75.754177,26.863577],[75.754372,26.863652]]},"properties":{"category":"structures"}},{"type":"Feature","geometry":{"type":"LineString","coordinates":[[75.754231,26.86368],[75.754138,26.863647],[75.753995,26.863938],[75.754198,26.864022]]},"properties":{"category":"structures"}},{"type":"Feature","geometry":{"type":"LineString","coordinates":[[75.754121,26.864081],[75.753958,26.864019],[75.753693,26.864555],[75.753872,26.864624]]},"properties":{"category":"structures"}},{"type":"Feature","geometry":{"type":"LineString","coordinates":[[75.753785,26.864661],[75.75366,26.864617],[75.753508,26.864912],[75.753707,26.865002]]},"properties":{"category":"structures"}},{"type":"Feature","geometry":{"type":"LineString","coordinates":[[75.753609,26.865051],[75.753467,26.864988],[75.753333,26.86527],[75.75352,26.865347]]},"properties":{"category":"structures"}},{"type":"Feature","geometry":{"type":"LineString","coordinates":[[75.753424,26.865392],[75.753302,26.865336],[75.753177,26.865584],[75.753325,26.865639]]},"properties":{"category":"structures"}},{"type":"Feature","geometry":{"type":"LineString","coordinates":[[75.753223,26.865685],[75.753141,26.865657],[75.753021,26.865909],[75.75319,26.86598]]},"properties":{"category":"structures"}},{"type":"Feature","geometry":{"type":"LineString","coordinates":[[75.753101,26.866059],[75.752968,26.866006],[75.752879,26.866234],[75.752836,26.866276],[75.752854,26.866285],[75.752862,26.866228],[75.752836,26.866276],[75.752341,26.867298],[75.754665,26.868224],[75.754716,26.868204],[75.754771,26.868095]]},"properties":{"category":"structures"}},{"type":"Feature","geometry":{"type":"LineString","coordinates":[[75.752617,26.867539],[75.752316,26.867421],[75.752026,26.867929],[75.751783,26.868417],[75.752053,26.868531]]},"properties":{"category":"structures"}},{"type":"Feature","geometry":{"type":"LineString","coordinates":[[75.751872,26.868551],[75.751742,26.8685],[75.751623,26.868737],[75.751814,26.868817]]},"properties":{"category":"structures"}},{"type":"Feature","geometry":{"type":"LineString","coordinates":[[75.751782,26.868885],[75.751588,26.868815],[75.751466,26.869061],[75.751692,26.869153]]},"properties":{"category":"structures"}},{"type":"Feature","geometry":{"type":"LineString","coordinates":[[75.751593,26.869206],[75.751427,26.869134],[75.751307,26.869377],[75.75154,26.869472]]},"properties":{"category":"structures"}},{"type":"Feature","geometry":{"type":"LineString","coordinates":[[75.751433,26.869506],[75.751271,26.869451],[75.751147,26.869692],[75.751376,26.869783]]},"properties":{"category":"structures"}},{"type":"Feature","geometry":{"type":"LineString","coordinates":[[75.751178,26.869937],[75.751049,26.869885],[75.750929,26.870141],[75.751086,26.870201]]},"properties":{"category":"structures"}},{"type":"Feature","geometry":{"type":"LineString","coordinates":[[75.75104,26.870268],[75.750893,26.870214],[75.750499,26.870991],[75.750748,26.871095]]},"properties":{"category":"structures"}},{"type":"Feature","geometry":{"type":"LineString","coordinates":[[75.750637,26.871146],[75.75046,26.871071],[75.750317,26.871371],[75.750538,26.871447]]},"properties":{"category":"structures"}},{"type":"Feature","geometry":{"type":"LineString","coordinates":[[75.75043,26.871473],[75.750291,26.871441],[75.749962,26.87224],[75.750149,26.872301]]},"properties":{"category":"structures"}},{"type":"Feature","geometry":{"type":"LineString","coordinates":[[75.749928,26.872294],[75.749885,26.87238],[75.74991,26.872389],[75.749951,26.872306]]},"properties":{"category":"structures"}},{"type":"Feature","geometry":{"type":"LineString","coordinates":[[75.749888,26.872422],[75.749925,26.872411],[75.749912,26.872433]]},"properties":{"category":"structures"}},{"type":"Feature","geometry":{"type":"LineString","coordinates":[[75.749954,26.872533],[75.749794,26.872478],[75.749483,26.873122],[75.749667,26.873182]]},"properties":{"category":"structures"}},{"type":"Feature","geometry":{"type":"LineString","coordinates":[[75.749574,26.873248],[75.749446,26.873196],[75.7493,26.873496],[75.749537,26.873589]]},"properties":{"category":"structures"}},{"type":"Feature","geometry":{"type":"LineString","coordinates":[[75.749395,26.873647],[75.749251,26.87359],[75.748791,26.874551],[75.749036,26.874656]]},"properties":{"category":"structures"}},{"type":"Feature","geometry":{"type":"LineString","coordinates":[[75.748949,26.874698],[75.748758,26.874622],[75.748532,26.87509],[75.748741,26.875162]]},"properties":{"category":"structures"}},{"type":"Feature","geometry":{"type":"LineString","coordinates":[[75.748631,26.875207],[75.748497,26.875159],[75.748279,26.875611],[75.748509,26.87569]]},"properties":{"category":"structures"}},{"type":"Feature","geometry":{"type":"LineString","coordinates":[[75.748384,26.875731],[75.748244,26.875694],[75.748057,26.876064],[75.748269,26.876141]]},"properties":{"category":"structures"}},{"type":"Feature","geometry":{"type":"LineString","coordinates":[[75.748175,26.876186],[75.748026,26.876135],[75.74781,26.876586]]},"properties":{"category":"structures"}},{"type":"Feature","geometry":{"type":"LineString","coordinates":[[75.7479,26.877052],[75.74791,26.877112],[75.748002,26.877248],[75.748472,26.878188],[75.748712,26.878571],[75.748608,26.878682],[75.748881,26.878859]]},"properties":{"category":"structures"}},{"type":"Feature","geometry":{"type":"LineString","coordinates":[[75.767606,26.840679],[75.767533,26.840659],[75.767497,26.840697]]},"properties":{"category":"structures"}},{"type":"Feature","geometry":{"type":"LineString","coordinates":[[75.766634,26.842677],[75.766602,26.842746]]},"properties":{"category":"structures"}},{"type":"Feature","geometry":{"type":"LineString","coordinates":[[75.766096,26.843856],[75.766056,26.843957]]},"properties":{"category":"structures"}},{"type":"Feature","geometry":{"type":"LineString","coordinates":[[75.764383,26.847663],[75.764339,26.847662],[75.764244,26.847882],[75.764305,26.847919]]},"properties":{"category":"structures"}},{"type":"Feature","geometry":{"type":"LineString","coordinates":[[75.763026,26.850601],[75.762972,26.850642],[75.762468,26.851717],[75.762478,26.851745],[75.762563,26.851776]]},"properties":{"category":"structures"}},{"type":"Feature","geometry":{"type":"LineString","coordinates":[[75.762507,26.851787],[75.76245,26.851779],[75.762416,26.851828],[75.761913,26.85292],[75.761949,26.852956]]},"properties":{"category":"structures"}},{"type":"Feature","geometry":{"type":"LineString","coordinates":[[75.76195,26.853],[75.761895,26.852981],[75.761869,26.85302],[75.761488,26.853856],[75.761608,26.853911]]},"properties":{"category":"structures"}},{"type":"Feature","geometry":{"type":"LineString","coordinates":[[75.748057,26.876064],[75.748026,26.876135]]},"properties":{"category":"structures"}},{"type":"Feature","geometry":{"type":"LineString","coordinates":[[75.750499,26.870991],[75.75046,26.871071]]},"properties":{"category":"structures"}},{"type":"Feature","geometry":{"type":"LineString","coordinates":[[75.754177,26.863577],[75.754138,26.863647]]},"properties":{"category":"structures"}},{"type":"Feature","geometry":{"type":"LineString","coordinates":[[75.766217,26.844014],[75.766362,26.844063],[75.766322,26.844162]]},"properties":{"category":"structures"}},{"type":"Feature","geometry":{"type":"LineString","coordinates":[[75.766417,26.844147],[75.766436,26.844091],[75.768174,26.844739],[75.76812,26.844851]]},"properties":{"category":"structures"}},{"type":"Feature","geometry":{"type":"LineString","coordinates":[[75.768196,26.844876],[75.768251,26.844766],[75.770371,26.845538]]},"properties":{"category":"structures"}},{"type":"Feature","geometry":{"type":"LineString","coordinates":[[75.76812,26.844452],[75.768063,26.84458],[75.768345,26.844684],[75.768372,26.844671],[75.768476,26.844737],[75.769477,26.845098],[75.769502,26.84503]]},"properties":{"category":"structures"}},{"type":"Feature","geometry":{"type":"LineString","coordinates":[[75.76957,26.845029],[75.769532,26.845116],[75.769936,26.845268],[75.770167,26.845304],[75.770406,26.845382]]},"properties":{"category":"structures"}},{"type":"Feature","geometry":{"type":"LineString","coordinates":[[75.766127,26.843906],[75.76793,26.844581],[75.767979,26.844583],[75.768006,26.844543]]},"properties":{"category":"structures"}},{"type":"Feature","geometry":{"type":"LineString","coordinates":[[75.770051,26.845296],[75.77,26.845398]]},"properties":{"category":"structures"}},{"type":"Feature","geometry":{"type":"LineString","coordinates":[[75.766075,26.843921],[75.766369,26.844025],[75.766382,26.844084]]},"properties":{"category":"structures"}},{"type":"Feature","geometry":{"type":"LineString","coordinates":[[75.766413,26.844096],[75.766451,26.844062],[75.766582,26.844104],[75.768099,26.844673],[75.768183,26.844717],[75.768176,26.844786]]},"properties":{"category":"structures"}},{"type":"Feature","geometry":{"type":"LineString","coordinates":[[75.77197,26.858997],[75.771907,26.85897],[75.771899,26.858908]]},"properties":{"category":"structures"}},{"type":"Feature","geometry":{"type":"LineString","coordinates":[[75.77186,26.858909],[75.771839,26.85901]]},"properties":{"category":"structures"}},{"type":"Feature","geometry":{"type":"LineString","coordinates":[[75.767802,26.859424],[75.7679,26.859406]]},"properties":{"category":"structures"}},{"type":"Feature","geometry":{"type":"LineString","coordinates":[[75.77019,26.859107],[75.770183,26.859044]]},"properties":{"category":"structures"}},{"type":"Feature","geometry":{"type":"LineString","coordinates":[[75.771432,26.858984],[75.771525,26.858975]]},"properties":{"category":"structures"}},{"type":"Feature","geometry":{"type":"LineString","coordinates":[[75.771826,26.858947],[75.771943,26.858941]]},"properties":{"category":"structures"}},{"type":"Feature","geometry":{"type":"LineString","coordinates":[[75.772731,26.859033],[75.772839,26.859023]]},"properties":{"category":"structures"}},{"type":"Feature","geometry":{"type":"LineString","coordinates":[[75.771195,26.859183],[75.771265,26.85917]]},"properties":{"category":"structures"}},{"type":"Feature","geometry":{"type":"LineString","coordinates":[[75.761734,26.854717],[75.762255,26.855196],[75.762409,26.855073]]},"properties":{"category":"structures"}},{"type":"Feature","geometry":{"type":"LineString","coordinates":[[75.762504,26.855193],[75.76238,26.855306],[75.762594,26.855503],[75.762688,26.855424]]},"properties":{"category":"structures"}},{"type":"Feature","geometry":{"type":"LineString","coordinates":[[75.762736,26.855488],[75.762653,26.855558],[75.763293,26.85614],[75.763439,26.856016]]},"properties":{"category":"structures"}},{"type":"Feature","geometry":{"type":"LineString","coordinates":[[75.763555,26.85609],[75.763414,26.856186],[75.763492,26.856255],[75.763467,26.856301],[75.764814,26.857547],[75.765322,26.85822],[75.765494,26.858074]]},"properties":{"category":"structures"}},{"type":"Feature","geometry":{"type":"LineString","coordinates":[[75.765531,26.858449],[75.765901,26.858136]]},"properties":{"category":"structures"}},{"type":"Feature","geometry":{"type":"LineString","coordinates":[[75.765114,26.858462],[75.764668,26.857798],[75.762138,26.855474],[75.761908,26.855267],[75.761887,26.855288],[75.761837,26.855243],[75.761892,26.855279],[75.761842,26.855231],[75.761855,26.855216]]},"properties":{"category":"structures"}},{"type":"Feature","geometry":{"type":"LineString","coordinates":[[75.765579,26.859161],[75.766216,26.860122]]},"properties":{"category":"structures"}},{"type":"Feature","geometry":{"type":"LineString","coordinates":[[75.76658,26.860754],[75.766636,26.860707],[75.767573,26.861552],[75.767469,26.861647]]},"properties":{"category":"structures"}},{"type":"Feature","geometry":{"type":"LineString","coordinates":[[75.76758,26.861699],[75.767667,26.861617],[75.769569,26.862385],[75.769524,26.862426]]},"properties":{"category":"structures"}},{"type":"Feature","geometry":{"type":"LineString","coordinates":[[75.769636,26.862461],[75.769677,26.862426],[75.770259,26.86268],[75.772084,26.864166],[75.771892,26.864288]]},"properties":{"category":"structures"}},{"type":"Feature","geometry":{"type":"LineString","coordinates":[[75.772413,26.864428],[75.772759,26.864724]]},"properties":{"category":"structures"}},{"type":"Feature","geometry":{"type":"LineString","coordinates":[[75.772852,26.864425],[75.772396,26.864057],[75.772595,26.863841]]},"properties":{"category":"structures"}},{"type":"Feature","geometry":{"type":"LineString","coordinates":[[75.772459,26.863859],[75.772327,26.864004],[75.771767,26.863552],[75.77189,26.863439]]},"properties":{"category":"structures"}},{"type":"Feature","geometry":{"type":"LineString","coordinates":[[75.771786,26.863422],[75.7717,26.8635],[75.771059,26.862978],[75.771194,26.862846]]},"properties":{"category":"structures"}},{"type":"Feature","geometry":{"type":"LineString","coordinates":[[75.771093,26.862847],[75.771004,26.862936],[75.770869,26.862826],[75.770892,26.862796],[75.770759,26.862693],[75.770843,26.862606]]},"properties":{"category":"structures"}},{"type":"Feature","geometry":{"type":"LineString","coordinates":[[75.770697,26.862542],[75.770612,26.862625],[75.770452,26.862499],[75.770481,26.862467],[75.770362,26.862382],[75.770481,26.862258]]},"properties":{"category":"structures"}},{"type":"Feature","geometry":{"type":"LineString","coordinates":[[75.770368,26.862255],[75.770258,26.862371],[75.769251,26.861962],[75.769315,26.861821]]},"properties":{"category":"structures"}},{"type":"Feature","geometry":{"type":"LineString","coordinates":[[75.76918,26.861816],[75.769146,26.861922],[75.769112,26.861912],[75.768059,26.861487],[75.768005,26.861416]]},"properties":{"category":"structures"}},{"type":"Feature","geometry":{"type":"LineString","coordinates":[[75.768005,26.861416],[75.768407,26.861368]]},"properties":{"category":"structures"}},{"type":"Feature","geometry":{"type":"LineString","coordinates":[[75.772127,26.864287],[75.772165,26.86423],[75.772106,26.864273]]},"properties":{"category":"structures"}},{"type":"Feature","geometry":{"type":"LineString","coordinates":[[75.763414,26.856186],[75.763332,26.856106]]},"properties":{"category":"structures"}},{"type":"Feature","geometry":{"type":"LineString","coordinates":[[75.762599,26.855499],[75.762655,26.855556]]},"properties":{"category":"structures"}},{"type":"Feature","geometry":{"type":"LineString","coordinates":[[75.762534,26.855544],[75.762318,26.855349],[75.762366,26.855254]]},"properties":{"category":"structures"}},{"type":"Feature","geometry":{"type":"LineString","coordinates":[[75.758999,26.856535],[75.758976,26.856478],[75.759034,26.856453],[75.75907,26.856487],[75.759032,26.856536]]},"properties":{"category":"structures"}},{"type":"Feature","geometry":{"type":"LineString","coordinates":[[75.759142,26.856649],[75.759211,26.856585]]},"properties":{"category":"structures"}},{"type":"Feature","geometry":{"type":"LineString","coordinates":[[75.761161,26.85832],[75.761108,26.858365],[75.761162,26.85841],[75.761212,26.858362]]},"properties":{"category":"structures"}},{"type":"Feature","geometry":{"type":"LineString","coordinates":[[75.763317,26.860244],[75.76325,26.860337],[75.763373,26.86045],[75.763421,26.860489],[75.763451,26.860464],[75.76351,26.860516],[75.763564,26.860463]]},"properties":{"category":"structures"}},{"type":"Feature","geometry":{"type":"LineString","coordinates":[[75.75886,26.857001],[75.758929,26.856941],[75.759278,26.857253],[75.759122,26.857408]]},"properties":{"category":"structures"}},{"type":"Feature","geometry":{"type":"LineString","coordinates":[[75.759297,26.857359],[75.759341,26.857309],[75.760514,26.858361],[75.760407,26.858479]]},"properties":{"category":"structures"}},{"type":"Feature","geometry":{"type":"LineString","coordinates":[[75.760526,26.858467],[75.760576,26.858413],[75.760794,26.858606],[75.760725,26.858679]]},"properties":{"category":"structures"}},{"type":"Feature","geometry":{"type":"LineString","coordinates":[[75.761196,26.859073],[75.761238,26.859027],[75.761464,26.85921],[75.761385,26.859293]]},"properties":{"category":"structures"}},{"type":"Feature","geometry":{"type":"LineString","coordinates":[[75.76146,26.859331],[75.761528,26.859265],[75.762242,26.859913],[75.762157,26.859994]]},"properties":{"category":"structures"}},{"type":"Feature","geometry":{"type":"LineString","coordinates":[[75.762257,26.860022],[75.762311,26.85997],[75.762541,26.860174],[75.762443,26.860271]]},"properties":{"category":"structures"}},{"type":"Feature","geometry":{"type":"LineString","coordinates":[[75.762528,26.860299],[75.762593,26.860227],[75.763112,26.860695],[75.762997,26.860816]]},"properties":{"category":"structures"}},{"type":"Feature","geometry":{"type":"LineString","coordinates":[[75.763046,26.860857],[75.763149,26.860757]]},"properties":{"category":"structures"}},{"type":"Feature","geometry":{"type":"LineString","coordinates":[[75.758859,26.85678],[75.758866,26.856786]]},"properties":{"category":"structures"}},{"type":"Feature","geometry":{"type":"LineString","coordinates":[[75.758847,26.85677],[75.758815,26.856798]]},"properties":{"category":"structures"}},{"type":"Feature","geometry":{"type":"LineString","coordinates":[[75.758885,26.856907],[75.758927,26.856942]]},"properties":{"category":"structures"}},{"type":"Feature","geometry":{"type":"LineString","coordinates":[[75.763853,26.861464],[75.763867,26.861476]]},"properties":{"category":"structures"}},{"type":"Feature","geometry":{"type":"LineString","coordinates":[[75.763867,26.861476],[75.76391,26.861438]]},"properties":{"category":"structures"}},{"type":"Feature","geometry":{"type":"LineString","coordinates":[[75.76391,26.861438],[75.76406,26.861568]]},"properties":{"category":"structures"}},{"type":"Feature","geometry":{"type":"LineString","coordinates":[[75.76406,26.861568],[75.764344,26.861819]]},"properties":{"category":"structures"}},{"type":"Feature","geometry":{"type":"LineString","coordinates":[[75.764344,26.861819],[75.764516,26.861972]]},"properties":{"category":"structures"}},{"type":"Feature","geometry":{"type":"LineString","coordinates":[[75.764516,26.861972],[75.764684,26.862131]]},"properties":{"category":"structures"}},{"type":"Feature","geometry":{"type":"LineString","coordinates":[[75.764684,26.862131],[75.764602,26.862201]]},"properties":{"category":"structures"}},{"type":"Feature","geometry":{"type":"LineString","coordinates":[[75.764699,26.862227],[75.76474,26.862192]]},"properties":{"category":"structures"}},{"type":"Feature","geometry":{"type":"LineString","coordinates":[[75.76474,26.862192],[75.764992,26.862392]]},"properties":{"category":"structures"}},{"type":"Feature","geometry":{"type":"LineString","coordinates":[[75.764992,26.862392],[75.764888,26.862487]]},"properties":{"category":"structures"}},{"type":"Feature","geometry":{"type":"LineString","coordinates":[[75.765006,26.862524],[75.765079,26.862469]]},"properties":{"category":"structures"}},{"type":"Feature","geometry":{"type":"LineString","coordinates":[[75.765079,26.862469],[75.765197,26.862572]]},"properties":{"category":"structures"}},{"type":"Feature","geometry":{"type":"LineString","coordinates":[[75.765197,26.862572],[75.765338,26.862698]]},"properties":{"category":"structures"}},{"type":"Feature","geometry":{"type":"LineString","coordinates":[[75.765338,26.862698],[75.765515,26.862849]]},"properties":{"category":"structures"}},{"type":"Feature","geometry":{"type":"LineString","coordinates":[[75.765515,26.862849],[75.765602,26.862931]]},"properties":{"category":"structures"}},{"type":"Feature","geometry":{"type":"LineString","coordinates":[[75.765602,26.862931],[75.765594,26.862937]]},"properties":{"category":"structures"}},{"type":"Feature","geometry":{"type":"LineString","coordinates":[[75.765594,26.862937],[75.765624,26.862947]]},"properties":{"category":"structures"}},{"type":"Feature","geometry":{"type":"LineString","coordinates":[[75.765624,26.862947],[75.765618,26.862958]]},"properties":{"category":"structures"}},{"type":"Feature","geometry":{"type":"LineString","coordinates":[[75.765618,26.862958],[75.765602,26.862931]]},"properties":{"category":"structures"}},{"type":"Feature","geometry":{"type":"LineString","coordinates":[[75.765602,26.862931],[75.765624,26.862947]]},"properties":{"category":"structures"}},{"type":"Feature","geometry":{"type":"LineString","coordinates":[[75.765624,26.862947],[75.765775,26.863086]]},"properties":{"category":"structures"}},{"type":"Feature","geometry":{"type":"LineString","coordinates":[[75.765775,26.863086],[75.765837,26.863155]]},"properties":{"category":"structures"}},{"type":"Feature","geometry":{"type":"LineString","coordinates":[[75.765837,26.863155],[75.76609,26.863381]]},"properties":{"category":"structures"}},{"type":"Feature","geometry":{"type":"LineString","coordinates":[[75.76609,26.863381],[75.766165,26.863447]]},"properties":{"category":"structures"}},{"type":"Feature","geometry":{"type":"LineString","coordinates":[[75.766165,26.863447],[75.766067,26.863549]]},"properties":{"category":"structures"}},{"type":"Feature","geometry":{"type":"LineString","coordinates":[[75.766235,26.863678],[75.766328,26.863591]]},"properties":{"category":"structures"}},{"type":"Feature","geometry":{"type":"LineString","coordinates":[[75.766328,26.863591],[75.766426,26.863677]]},"properties":{"category":"structures"}},{"type":"Feature","geometry":{"type":"LineString","coordinates":[[75.766426,26.863677],[75.766728,26.863948]]},"properties":{"category":"structures"}},{"type":"Feature","geometry":{"type":"LineString","coordinates":[[75.766728,26.863948],[75.767006,26.864199]]},"properties":{"category":"structures"}},{"type":"Feature","geometry":{"type":"LineString","coordinates":[[75.767006,26.864199],[75.766907,26.8643]]},"properties":{"category":"structures"}},{"type":"Feature","geometry":{"type":"LineString","coordinates":[[75.766969,26.864346],[75.767069,26.864262]]},"properties":{"category":"structures"}},{"type":"Feature","geometry":{"type":"LineString","coordinates":[[75.767069,26.864262],[75.767584,26.864758]]},"properties":{"category":"structures"}},{"type":"Feature","geometry":{"type":"LineString","coordinates":[[75.767584,26.864758],[75.767745,26.864921]]},"properties":{"category":"structures"}},{"type":"Feature","geometry":{"type":"LineString","coordinates":[[75.767745,26.864921],[75.767799,26.864964]]},"properties":{"category":"structures"}},{"type":"Feature","geometry":{"type":"LineString","coordinates":[[75.767799,26.864964],[75.767922,26.865095]]},"properties":{"category":"structures"}},{"type":"Feature","geometry":{"type":"LineString","coordinates":[[75.767922,26.865095],[75.767791,26.865212]]},"properties":{"category":"structures"}},{"type":"Feature","geometry":{"type":"LineString","coordinates":[[75.767915,26.865219],[75.768002,26.86514]]},"properties":{"category":"structures"}},{"type":"Feature","geometry":{"type":"LineString","coordinates":[[75.768038,26.865111],[75.768182,26.865251]]},"properties":{"category":"structures"}},{"type":"Feature","geometry":{"type":"LineString","coordinates":[[75.768182,26.865251],[75.768281,26.865349]]},"properties":{"category":"structures"}},{"type":"Feature","geometry":{"type":"LineString","coordinates":[[75.768281,26.865349],[75.768164,26.865445]]},"properties":{"category":"structures"}},{"type":"Feature","geometry":{"type":"LineString","coordinates":[[75.768267,26.865482],[75.768344,26.865411]]},"properties":{"category":"structures"}},{"type":"Feature","geometry":{"type":"LineString","coordinates":[[75.768344,26.865411],[75.768945,26.865998]]},"properties":{"category":"structures"}},{"type":"Feature","geometry":{"type":"LineString","coordinates":[[75.768945,26.865998],[75.769053,26.866106]]},"properties":{"category":"structures"}},{"type":"Feature","geometry":{"type":"LineString","coordinates":[[75.769053,26.866106],[75.769217,26.86626]]},"properties":{"category":"structures"}},{"type":"Feature","geometry":{"type":"LineString","coordinates":[[75.769217,26.86626],[75.769244,26.866238]]},"properties":{"category":"structures"}},{"type":"Feature","geometry":{"type":"LineString","coordinates":[[75.769244,26.866238],[75.769586,26.866544]]},"properties":{"category":"structures"}},{"type":"Feature","geometry":{"type":"LineString","coordinates":[[75.769515,26.866598],[75.769714,26.866806]]},"properties":{"category":"structures"}},{"type":"Feature","geometry":{"type":"LineString","coordinates":[[75.768838,26.864853],[75.768598,26.865033],[75.767685,26.864214],[75.767745,26.864144]]},"properties":{"category":"structures"}},{"type":"Feature","geometry":{"type":"LineString","coordinates":[[75.767696,26.864046],[75.767597,26.864128],[75.766233,26.862895],[75.766381,26.862769]]},"properties":{"category":"structures"}},{"type":"Feature","geometry":{"type":"LineString","coordinates":[[75.766294,26.862683],[75.766149,26.862821],[75.765758,26.862465],[75.765773,26.862449],[75.765672,26.862384],[75.765547,26.862229],[75.765504,26.862241],[75.764882,26.861667]]},"properties":{"category":"structures"}},{"type":"Feature","geometry":{"type":"LineString","coordinates":[[75.764873,26.86148],[75.765033,26.861353],[75.764853,26.861196],[75.764593,26.861421],[75.763982,26.860871]]},"properties":{"category":"structures"}},{"type":"Feature","geometry":{"type":"LineString","coordinates":[[75.770257,26.845414],[75.770356,26.845431],[75.770272,26.845391]]},"properties":{"category":"structures"}},{"type":"Feature","geometry":{"type":"LineString","coordinates":[[75.762915,26.850626],[75.762915,26.850626]]},"properties":{"category":"structures"}},{"type":"Feature","geometry":{"type":"LineString","coordinates":[[75.762622,26.850744],[75.762622,26.850744]]},"properties":{"category":"structures"}},{"type":"Feature","geometry":{"type":"LineString","coordinates":[[75.768121,26.859397],[75.768162,26.859394]]},"properties":{"category":"structures"}},{"type":"Feature","geometry":{"type":"LineString","coordinates":[[75.767901,26.859414],[75.768073,26.859389],[75.76808,26.859432],[75.767974,26.859445],[75.767967,26.859405]]},"properties":{"category":"structures"}},{"type":"Feature","geometry":{"type":"LineString","coordinates":[[75.752842,26.870436],[75.752909,26.870465],[75.752918,26.870445],[75.752848,26.870417]]},"properties":{"category":"structures"}},{"type":"Feature","geometry":{"type":"LineString","coordinates":[[75.756312,26.871922],[75.75632,26.87193]]},"properties":{"category":"structures"}},{"type":"Feature","geometry":{"type":"LineString","coordinates":[[75.756949,26.872178],[75.756941,26.872177]]},"properties":{"category":"structures"}},{"type":"Feature","geometry":{"type":"LineString","coordinates":[[75.757296,26.872188],[75.757342,26.872162],[75.757285,26.872173]]},"properties":{"category":"structures"}},{"type":"Feature","geometry":{"type":"LineString","coordinates":[[75.757364,26.872359],[75.75736,26.872355]]},"properties":{"category":"structures"}},{"type":"Feature","geometry":{"type":"LineString","coordinates":[[75.757347,26.872377],[75.757342,26.872371]]},"properties":{"category":"structures"}},{"type":"Feature","geometry":{"type":"LineString","coordinates":[[75.757554,26.872429],[75.757566,26.87243]]},"properties":{"category":"structures"}},{"type":"Feature","geometry":{"type":"LineString","coordinates":[[75.757732,26.872491],[75.757741,26.872493]]},"properties":{"category":"structures"}},{"type":"Feature","geometry":{"type":"LineString","coordinates":[[75.757948,26.872575],[75.757959,26.872578]]},"properties":{"category":"structures"}},{"type":"Feature","geometry":{"type":"Point","coordinates":[75.7578768,26.8725637]},"properties":{"category":"structures"}},{"type":"Feature","geometry":{"type":"Point","coordinates":[75.7579145,26.8725783]},"properties":{"category":"structures"}},{"type":"Feature","geometry":{"type":"LineString","coordinates":[[75.75839,26.872591],[75.758386,26.872593]]},"properties":{"category":"structures"}},{"type":"Feature","geometry":{"type":"LineString","coordinates":[[75.758477,26.872807],[75.758533,26.872808],[75.758523,26.872828]]},"properties":{"category":"structures"}},{"type":"Feature","geometry":{"type":"LineString","coordinates":[[75.758603,26.872864],[75.758605,26.872858]]},"properties":{"category":"structures"}},{"type":"Feature","geometry":{"type":"LineString","coordinates":[[75.759217,26.872952],[75.759215,26.872954]]},"properties":{"category":"structures"}},{"type":"Feature","geometry":{"type":"LineString","coordinates":[[75.759426,26.873193],[75.759425,26.873169],[75.759379,26.873171],[75.759381,26.873195]]},"properties":{"category":"structures"}},{"type":"Feature","geometry":{"type":"LineString","coordinates":[[75.758697,26.869854],[75.758714,26.869834],[75.758758,26.869853],[75.758745,26.869877]]},"properties":{"category":"structures"}},{"type":"Feature","geometry":{"type":"LineString","coordinates":[[75.758495,26.869774],[75.758507,26.869754],[75.75857,26.869779],[75.758561,26.869801]]},"properties":{"category":"structures"}},{"type":"Feature","geometry":{"type":"LineString","coordinates":[[75.757679,26.869456],[75.757728,26.869458],[75.757684,26.869445]]},"properties":{"category":"structures"}},{"type":"Feature","geometry":{"type":"LineString","coordinates":[[75.756868,26.869138],[75.756803,26.869118],[75.756813,26.869093],[75.756883,26.869115]]},"properties":{"category":"structures"}},{"type":"Feature","geometry":{"type":"LineString","coordinates":[[75.756524,26.869001],[75.756538,26.868985],[75.756488,26.868958],[75.756475,26.868975]]},"properties":{"category":"structures"}},{"type":"Feature","geometry":{"type":"LineString","coordinates":[[75.755402,26.863542],[75.755411,26.863519],[75.755345,26.863494],[75.755335,26.863515]]},"properties":{"category":"structures"}},{"type":"Feature","geometry":{"type":"LineString","coordinates":[[75.757049,26.864145],[75.757066,26.864169],[75.757073,26.864152]]},"properties":{"category":"structures"}},{"type":"Feature","geometry":{"type":"LineString","coordinates":[[75.757422,26.864289],[75.757431,26.864294]]},"properties":{"category":"structures"}},{"type":"Feature","geometry":{"type":"LineString","coordinates":[[75.757626,26.864433],[75.757629,26.864428]]},"properties":{"category":"structures"}},{"type":"Feature","geometry":{"type":"LineString","coordinates":[[75.760307,26.865456],[75.760261,26.865439],[75.76028,26.865402],[75.760326,26.865421]]},"properties":{"category":"structures"}},{"type":"Feature","geometry":{"type":"LineString","coordinates":[[75.760427,26.865511],[75.760438,26.865516]]},"properties":{"category":"structures"}},{"type":"Feature","geometry":{"type":"LineString","coordinates":[[75.761571,26.866101],[75.761615,26.86612],[75.761599,26.866148],[75.761558,26.866128]]},"properties":{"category":"structures"}},{"type":"Feature","geometry":{"type":"LineString","coordinates":[[75.762067,26.866269],[75.76204,26.866234],[75.76208,26.866205],[75.762109,26.866242]]},"properties":{"category":"structures"}},{"type":"Feature","geometry":{"type":"LineString","coordinates":[[75.762156,26.866391],[75.762153,26.866386]]},"properties":{"category":"structures"}},{"type":"Feature","geometry":{"type":"LineString","coordinates":[[75.762224,26.866665],[75.762229,26.866672]]},"properties":{"category":"structures"}},{"type":"Feature","geometry":{"type":"LineString","coordinates":[[75.772863,26.86479],[75.772856,26.864783]]},"properties":{"category":"structures"}},{"type":"Feature","geometry":{"type":"LineString","coordinates":[[75.772801,26.864433],[75.772808,26.864426]]},"properties":{"category":"structures"}},{"type":"Feature","geometry":{"type":"LineString","coordinates":[[75.772403,26.864114],[75.7725,26.864187],[75.77252,26.86417],[75.772419,26.864098]]},"properties":{"category":"structures"}},{"type":"Feature","geometry":{"type":"LineString","coordinates":[[75.772465,26.864433],[75.772551,26.86451],[75.772533,26.864528],[75.772447,26.864449]]},"properties":{"category":"structures"}},{"type":"Feature","geometry":{"type":"LineString","coordinates":[[75.771408,26.863592],[75.771367,26.86356],[75.77135,26.863578],[75.77139,26.863609]]},"properties":{"category":"structures"}},{"type":"Feature","geometry":{"type":"LineString","coordinates":[[75.769738,26.862447],[75.769776,26.862441],[75.769764,26.86246]]},"properties":{"category":"structures"}},{"type":"Feature","geometry":{"type":"LineString","coordinates":[[75.768397,26.861678],[75.768397,26.861678]]},"properties":{"category":"structures"}},{"type":"Feature","geometry":{"type":"LineString","coordinates":[[75.76798,26.861459],[75.767973,26.861453]]},"properties":{"category":"structures"}},{"type":"Feature","geometry":{"type":"LineString","coordinates":[[75.767693,26.861291],[75.767724,26.861284],[75.767713,26.861246],[75.767684,26.861252]]},"properties":{"category":"structures"}},{"type":"Feature","geometry":{"type":"LineString","coordinates":[[75.766666,26.860708],[75.766683,26.860694],[75.766655,26.860661],[75.766637,26.860674]]},"properties":{"category":"structures"}},{"type":"Feature","geometry":{"type":"LineString","coordinates":[[75.766564,26.860629],[75.766574,26.860622]]},"properties":{"category":"structures"}},{"type":"Feature","geometry":{"type":"LineString","coordinates":[[75.766593,26.860607],[75.766605,26.860618]]},"properties":{"category":"structures"}},{"type":"Feature","geometry":{"type":"LineString","coordinates":[[75.765956,26.859734],[75.765985,26.859717],[75.766044,26.859806],[75.766018,26.859823]]},"properties":{"category":"structures"}},{"type":"Feature","geometry":{"type":"LineString","coordinates":[[75.765311,26.8587],[75.765331,26.858694],[75.765306,26.858684]]},"properties":{"category":"structures"}},{"type":"Feature","geometry":{"type":"LineString","coordinates":[[75.765539,26.858593],[75.765559,26.858554],[75.765505,26.858551]]},"properties":{"category":"structures"}},{"type":"Feature","geometry":{"type":"LineString","coordinates":[[75.765097,26.857997],[75.765093,26.85799]]},"properties":{"category":"structures"}},{"type":"Feature","geometry":{"type":"LineString","coordinates":[[75.764469,26.857254],[75.764484,26.857244]]},"properties":{"category":"structures"}},{"type":"Feature","geometry":{"type":"LineString","coordinates":[[75.764553,26.857306],[75.764556,26.857303]]},"properties":{"category":"structures"}},{"type":"Feature","geometry":{"type":"LineString","coordinates":[[75.764223,26.857056],[75.764236,26.857038],[75.764198,26.857013],[75.764184,26.857032]]},"properties":{"category":"structures"}},{"type":"Feature","geometry":{"type":"LineString","coordinates":[[75.764364,26.857128],[75.764371,26.85712]]},"properties":{"category":"structures"}},{"type":"Feature","geometry":{"type":"LineString","coordinates":[[75.763432,26.856246],[75.763455,26.856269],[75.763473,26.856257],[75.76345,26.856235]]},"properties":{"category":"structures"}},{"type":"Feature","geometry":{"type":"LineString","coordinates":[[75.761671,26.855027],[75.76169,26.85501],[75.761781,26.855086],[75.76176,26.855104]]},"properties":{"category":"structures"}},{"type":"Feature","geometry":{"type":"LineString","coordinates":[[75.761631,26.854884],[75.761637,26.85488]]},"properties":{"category":"structures"}},{"type":"Feature","geometry":{"type":"LineString","coordinates":[[75.761539,26.854876],[75.761531,26.854869]]},"properties":{"category":"structures"}},{"type":"Feature","geometry":{"type":"LineString","coordinates":[[75.761393,26.854733],[75.7614,26.854729]]},"properties":{"category":"structures"}},{"type":"Feature","geometry":{"type":"LineString","coordinates":[[75.761377,26.854739],[75.761364,26.854747]]},"properties":{"category":"structures"}},{"type":"Feature","geometry":{"type":"LineString","coordinates":[[75.761165,26.854546],[75.761202,26.85458],[75.761153,26.854559]]},"properties":{"category":"structures"}},{"type":"Feature","geometry":{"type":"LineString","coordinates":[[75.761239,26.854595],[75.761246,26.854598]]},"properties":{"category":"structures"}},{"type":"Feature","geometry":{"type":"LineString","coordinates":[[75.761221,26.854505],[75.761227,26.854499]]},"properties":{"category":"structures"}},{"type":"Feature","geometry":{"type":"LineString","coordinates":[[75.761182,26.85448],[75.761175,26.854457],[75.761191,26.854469]]},"properties":{"category":"structures"}},{"type":"Feature","geometry":{"type":"LineString","coordinates":[[75.761139,26.854451],[75.76115,26.854438]]},"properties":{"category":"structures"}},{"type":"Feature","geometry":{"type":"LineString","coordinates":[[75.758974,26.856461],[75.758965,26.856422],[75.758918,26.856426],[75.758926,26.856466],[75.758974,26.856461],[75.758918,26.856426],[75.758926,26.856466],[75.758965,26.856422]]},"properties":{"category":"structures"}},{"type":"Feature","geometry":{"type":"LineString","coordinates":[[75.769017,26.86594],[75.769022,26.865936]]},"properties":{"category":"structures"}},{"type":"Feature","geometry":{"type":"LineString","coordinates":[[75.768689,26.86528],[75.768736,26.865316],[75.768704,26.865267]]},"properties":{"category":"structures"}},{"type":"Feature","geometry":{"type":"LineString","coordinates":[[75.767481,26.864093],[75.767536,26.864144],[75.76756,26.864127],[75.767503,26.864071]]},"properties":{"category":"structures"}},{"type":"Feature","geometry":{"type":"LineString","coordinates":[[75.758847,26.85677],[75.758859,26.85678]]},"properties":{"category":"structures"}},{"type":"Feature","geometry":{"type":"LineString","coordinates":[[75.759119,26.857],[75.759144,26.857027],[75.759171,26.857006],[75.759142,26.856978]]},"properties":{"category":"structures"}},{"type":"Feature","geometry":{"type":"LineString","coordinates":[[75.75925,26.857226],[75.759294,26.857234],[75.759279,26.857249]]},"properties":{"category":"structures"}},{"type":"Feature","geometry":{"type":"LineString","coordinates":[[75.76059,26.85795],[75.760572,26.857963],[75.76062,26.857982]]},"properties":{"category":"structures"}},{"type":"Feature","geometry":{"type":"LineString","coordinates":[[75.76059,26.858279],[75.760603,26.858262],[75.760574,26.858243],[75.760558,26.858261]]},"properties":{"category":"structures"}},{"type":"Feature","geometry":{"type":"LineString","coordinates":[[75.76119,26.858853],[75.76122,26.858879]]},"properties":{"category":"structures"}},{"type":"Feature","geometry":{"type":"LineString","coordinates":[[75.761682,26.858926],[75.761662,26.858945],[75.761685,26.858966],[75.761707,26.858949]]},"properties":{"category":"structures"}},{"type":"Feature","geometry":{"type":"LineString","coordinates":[[75.761646,26.858924],[75.761655,26.858932]]},"properties":{"category":"structures"}},{"type":"Feature","geometry":{"type":"LineString","coordinates":[[75.762368,26.859579],[75.762384,26.859565],[75.762425,26.859601],[75.762409,26.859616]]},"properties":{"category":"structures"}},{"type":"Feature","geometry":{"type":"LineString","coordinates":[[75.762468,26.859666],[75.762485,26.859654],[75.762485,26.859681]]},"properties":{"category":"structures"}},{"type":"Feature","geometry":{"type":"LineString","coordinates":[[75.762531,26.859597],[75.762572,26.859607],[75.762545,26.859584]]},"properties":{"category":"structures"}},{"type":"Feature","geometry":{"type":"LineString","coordinates":[[75.762307,26.859838],[75.762319,26.859848]]},"properties":{"category":"structures"}},{"type":"Feature","geometry":{"type":"LineString","coordinates":[[75.763571,26.861091],[75.763584,26.861077]]},"properties":{"category":"structures"}},{"type":"Feature","geometry":{"type":"LineString","coordinates":[[75.763613,26.861047],[75.763631,26.861038]]},"properties":{"category":"structures"}},{"type":"Feature","geometry":{"type":"LineString","coordinates":[[75.767417,26.864127],[75.767375,26.864088],[75.767393,26.864075],[75.767431,26.864115]]},"properties":{"category":"structures"}},{"type":"Feature","geometry":{"type":"LineString","coordinates":[[75.748066,26.879242],[75.748082,26.879229]]},"properties":{"category":"structures"}},{"type":"Feature","geometry":{"type":"LineString","coordinates":[[75.748056,26.878483],[75.748047,26.87849]]},"properties":{"category":"structures"}},{"type":"Feature","geometry":{"type":"LineString","coordinates":[[75.747875,26.878154],[75.747883,26.878152]]},"properties":{"category":"structures"}},{"type":"Feature","geometry":{"type":"LineString","coordinates":[[75.747818,26.87803],[75.747823,26.878024]]},"properties":{"category":"structures"}},{"type":"Feature","geometry":{"type":"LineString","coordinates":[[75.747698,26.877967],[75.747743,26.877975]]},"properties":{"category":"structures"}},{"type":"Feature","geometry":{"type":"LineString","coordinates":[[75.747515,26.877407],[75.747541,26.877395],[75.747557,26.877423],[75.74753,26.877435]]},"properties":{"category":"structures"}},{"type":"Feature","geometry":{"type":"LineString","coordinates":[[75.747932,26.875364],[75.747934,26.875353]]},"properties":{"category":"structures"}},{"type":"Feature","geometry":{"type":"LineString","coordinates":[[75.748764,26.87324],[75.748801,26.873245],[75.748812,26.873202],[75.748779,26.873195]]},"properties":{"category":"structures"}},{"type":"Feature","geometry":{"type":"LineString","coordinates":[[75.748956,26.873209],[75.748946,26.873196]]},"properties":{"category":"structures"}},{"type":"Feature","geometry":{"type":"LineString","coordinates":[[75.749652,26.871606],[75.749669,26.871576],[75.749643,26.871591]]},"properties":{"category":"structures"}},{"type":"Feature","geometry":{"type":"LineString","coordinates":[[75.751458,26.867546],[75.751543,26.86755],[75.751457,26.867564]]},"properties":{"category":"structures"}},{"type":"Feature","geometry":{"type":"LineString","coordinates":[[75.752233,26.866253],[75.75218,26.866249],[75.752181,26.866227],[75.752235,26.866229]]},"properties":{"category":"structures"}},{"type":"Feature","geometry":{"type":"LineString","coordinates":[[75.753206,26.864572],[75.753214,26.864569]]},"properties":{"category":"structures"}},{"type":"Feature","geometry":{"type":"LineString","coordinates":[[75.755685,26.859338],[75.755727,26.859358],[75.755762,26.859291],[75.75572,26.859274]]},"properties":{"category":"structures"}},{"type":"Feature","geometry":{"type":"LineString","coordinates":[[75.755652,26.859291],[75.755652,26.859291]]},"properties":{"category":"structures"}},{"type":"Feature","geometry":{"type":"LineString","coordinates":[[75.756021,26.858735],[75.756038,26.858743],[75.756033,26.858713]]},"properties":{"category":"structures"}},{"type":"Feature","geometry":{"type":"LineString","coordinates":[[75.757445,26.85722],[75.757464,26.857215]]},"properties":{"category":"structures"}},{"type":"Feature","geometry":{"type":"LineString","coordinates":[[75.757904,26.856619],[75.757929,26.856638],[75.757916,26.856609]]},"properties":{"category":"structures"}},{"type":"Feature","geometry":{"type":"LineString","coordinates":[[75.759526,26.855237],[75.759512,26.855204],[75.759539,26.855229]]},"properties":{"category":"structures"}},{"type":"Feature","geometry":{"type":"LineString","coordinates":[[75.761291,26.853323],[75.761301,26.853313]]},"properties":{"category":"structures"}},{"type":"Feature","geometry":{"type":"LineString","coordinates":[[75.761971,26.851858],[75.761979,26.851853]]},"properties":{"category":"structures"}},{"type":"Feature","geometry":{"type":"LineString","coordinates":[[75.763168,26.849199],[75.763174,26.849168],[75.76319,26.849198]]},"properties":{"category":"structures"}},{"type":"Feature","geometry":{"type":"LineString","coordinates":[[75.763786,26.847897],[75.76378,26.847893]]},"properties":{"category":"structures"}},{"type":"Feature","geometry":{"type":"LineString","coordinates":[[75.764285,26.846396],[75.764375,26.846447],[75.764343,26.846515],[75.764251,26.846462]]},"properties":{"category":"structures"}},{"type":"Feature","geometry":{"type":"LineString","coordinates":[[75.765074,26.845866],[75.765082,26.845834],[75.76509,26.845865]]},"properties":{"category":"structures"}},{"type":"Feature","geometry":{"type":"LineString","coordinates":[[75.765343,26.844355],[75.765341,26.844363]]},"properties":{"category":"structures"}},{"type":"Feature","geometry":{"type":"LineString","coordinates":[[75.765397,26.844246],[75.765397,26.844254]]},"properties":{"category":"structures"}},{"type":"Feature","geometry":{"type":"LineString","coordinates":[[75.765431,26.84414],[75.765463,26.844152]]},"properties":{"category":"structures"}},{"type":"Feature","geometry":{"type":"LineString","coordinates":[[75.765687,26.843725],[75.765692,26.843719]]},"properties":{"category":"structures"}},{"type":"Feature","geometry":{"type":"LineString","coordinates":[[75.766132,26.842752],[75.766139,26.842745]]},"properties":{"category":"structures"}},{"type":"Feature","geometry":{"type":"LineString","coordinates":[[75.766976,26.840905],[75.766978,26.840901]]},"properties":{"category":"structures"}},{"type":"Feature","geometry":{"type":"LineString","coordinates":[[75.767853,26.838499],[75.767875,26.838536],[75.767849,26.838531]]},"properties":{"category":"structures"}},{"type":"Feature","geometry":{"type":"LineString","coordinates":[[75.768416,26.83763],[75.768417,26.837623]]},"properties":{"category":"structures"}},{"type":"Feature","geometry":{"type":"LineString","coordinates":[[75.768933,26.836586],[75.768941,26.836591]]},"properties":{"category":"structures"}},{"type":"Feature","geometry":{"type":"LineString","coordinates":[[75.769052,26.836199],[75.769113,26.836213],[75.769057,26.836184]]},"properties":{"category":"structures"}},{"type":"Feature","geometry":{"type":"LineString","coordinates":[[75.768962,26.836072],[75.768968,26.836053]]},"properties":{"category":"structures"}},{"type":"Feature","geometry":{"type":"LineString","coordinates":[[75.769116,26.835822],[75.769149,26.835812],[75.769117,26.835804]]},"properties":{"category":"structures"}},{"type":"Feature","geometry":{"type":"LineString","coordinates":[[75.769363,26.83566],[75.769366,26.83565]]},"properties":{"category":"structures"}},{"type":"Feature","geometry":{"type":"LineString","coordinates":[[75.772,26.831806],[75.772005,26.831799]]},"properties":{"category":"structures"}},{"type":"Feature","geometry":{"type":"LineString","coordinates":[[75.773056,26.830655],[75.773095,26.83065],[75.773067,26.830643]]},"properties":{"category":"structures"}},{"type":"Feature","geometry":{"type":"LineString","coordinates":[[75.773053,26.830492],[75.773074,26.830471]]},"properties":{"category":"structures"}},{"type":"Feature","geometry":{"type":"LineString","coordinates":[[75.775954,26.827704],[75.775945,26.827684],[75.775997,26.82765],[75.776018,26.827668]]},"properties":{"category":"structures"}},{"type":"Feature","geometry":{"type":"LineString","coordinates":[[75.768862,26.837552],[75.768869,26.837514],[75.768879,26.837554]]},"properties":{"category":"structures"}},{"type":"Feature","geometry":{"type":"LineString","coordinates":[[75.767837,26.83995],[75.767842,26.839945]]},"properties":{"category":"structures"}},{"type":"Feature","geometry":{"type":"LineString","coordinates":[[75.767597,26.840574],[75.767608,26.840557],[75.76771,26.840609],[75.767693,26.840626]]},"properties":{"category":"structures"}},{"type":"Feature","geometry":{"type":"LineString","coordinates":[[75.761527,26.853867],[75.761559,26.853888],[75.761537,26.853854]]},"properties":{"category":"structures"}},{"type":"Feature","geometry":{"type":"LineString","coordinates":[[75.757444,26.857707],[75.757446,26.857701]]},"properties":{"category":"structures"}},{"type":"Feature","geometry":{"type":"LineString","coordinates":[[75.756875,26.858373],[75.756848,26.858338],[75.756865,26.858323],[75.756895,26.858361]]},"properties":{"category":"structures"}},{"type":"Feature","geometry":{"type":"LineString","coordinates":[[75.755962,26.859681],[75.756004,26.859641],[75.755986,26.859635]]},"properties":{"category":"structures"}},{"type":"Feature","geometry":{"type":"LineString","coordinates":[[75.755677,26.860314],[75.755667,26.860279],[75.755692,26.860296]]},"properties":{"category":"structures"}},{"type":"Feature","geometry":{"type":"LineString","coordinates":[[75.754509,26.862625],[75.754532,26.862634],[75.754514,26.862676],[75.75449,26.862667]]},"properties":{"category":"structures"}},{"type":"Feature","geometry":{"type":"LineString","coordinates":[[75.754362,26.862921],[75.754389,26.862907],[75.75437,26.8629]]},"properties":{"category":"structures"}},{"type":"Feature","geometry":{"type":"LineString","coordinates":[[75.753703,26.864255],[75.75368,26.864293],[75.753703,26.864303],[75.753725,26.864265]]},"properties":{"category":"structures"}},{"type":"Feature","geometry":{"type":"LineString","coordinates":[[75.753468,26.864777],[75.753445,26.864824],[75.753475,26.864833],[75.753495,26.864786]]},"properties":{"category":"structures"}},{"type":"Feature","geometry":{"type":"LineString","coordinates":[[75.753001,26.865744],[75.753066,26.86576],[75.753142,26.865654],[75.753083,26.865632]]},"properties":{"category":"structures"}},{"type":"Feature","geometry":{"type":"LineString","coordinates":[[75.752712,26.866463],[75.752734,26.866429],[75.752758,26.86644],[75.752738,26.866475]]},"properties":{"category":"structures"}},{"type":"Feature","geometry":{"type":"LineString","coordinates":[[75.751571,26.868572],[75.751562,26.868599]]},"properties":{"category":"structures"}},{"type":"Feature","geometry":{"type":"LineString","coordinates":[[75.751124,26.869673],[75.751152,26.869633],[75.751175,26.869646],[75.751148,26.869687]]},"properties":{"category":"structures"}},{"type":"Feature","geometry":{"type":"LineString","coordinates":[[75.750077,26.871607],[75.750001,26.871771],[75.750043,26.871784],[75.750116,26.87162]]},"properties":{"category":"structures"}},{"type":"Feature","geometry":{"type":"LineString","coordinates":[[75.7499,26.8724],[75.749905,26.87243],[75.749917,26.872409]]},"properties":{"category":"structures"}},{"type":"Feature","geometry":{"type":"LineString","coordinates":[[75.748443,26.875054],[75.748418,26.875038],[75.748439,26.875],[75.748466,26.875014]]},"properties":{"category":"structures"}},{"type":"Feature","geometry":{"type":"LineString","coordinates":[[75.748252,26.877881],[75.748259,26.877872]]},"properties":{"category":"structures"}},{"type":"Feature","geometry":{"type":"LineString","coordinates":[[75.748462,26.878325],[75.748459,26.878336]]},"properties":{"category":"structures"}},{"type":"Feature","geometry":{"type":"LineString","coordinates":[[75.763058,26.867449],[75.763142,26.867392]]},"properties":{"category":"structures"}},{"type":"Feature","geometry":{"type":"LineString","coordinates":[[75.763103,26.867366],[75.763026,26.867411],[75.762884,26.867225],[75.762974,26.867169]]},"properties":{"category":"structures"}},{"type":"Feature","geometry":{"type":"LineString","coordinates":[[75.762931,26.86714],[75.762851,26.867183],[75.762708,26.867003],[75.762803,26.866945]]},"properties":{"category":"structures"}},{"type":"Feature","geometry":{"type":"LineString","coordinates":[[75.762748,26.866886],[75.76266,26.866939],[75.762242,26.866411],[75.762409,26.866303]]},"properties":{"category":"structures"}},{"type":"Feature","geometry":{"type":"LineString","coordinates":[[75.762318,26.866277],[75.7622,26.866352],[75.762059,26.866176],[75.762137,26.86612]]},"properties":{"category":"structures"}},{"type":"Feature","geometry":{"type":"LineString","coordinates":[[75.761976,26.866087],[75.761951,26.866109],[75.761874,26.866045],[75.761862,26.866061],[75.761591,26.865822],[75.761545,26.865897],[75.761281,26.865778],[75.761229,26.865782],[75.761142,26.865705],[75.761271,26.865594]]},"properties":{"category":"structures"}},{"type":"Feature","geometry":{"type":"LineString","coordinates":[[75.760996,26.865709],[75.760279,26.865398],[75.760351,26.865255]]},"properties":{"category":"structures"}},{"type":"Feature","geometry":{"type":"LineString","coordinates":[[75.760284,26.865289],[75.760238,26.865392],[75.760087,26.865343],[75.760123,26.865269]]},"properties":{"category":"structures"}},{"type":"Feature","geometry":{"type":"LineString","coordinates":[[75.760042,26.865265],[75.760023,26.865309],[75.758933,26.864877],[75.758983,26.864778]]},"properties":{"category":"structures"}},{"type":"Feature","geometry":{"type":"LineString","coordinates":[[75.758887,26.864764],[75.758849,26.86485],[75.758707,26.864791],[75.758726,26.864746]]},"properties":{"category":"structures"}},{"type":"Feature","geometry":{"type":"LineString","coordinates":[[75.76125,26.865855],[75.761273,26.865856],[75.761256,26.865831]]},"properties":{"category":"structures"}},{"type":"Feature","geometry":{"type":"LineString","coordinates":[[75.762112,26.866286],[75.762087,26.8663],[75.762068,26.866279],[75.76209,26.866263]]},"properties":{"category":"structures"}},{"type":"Feature","geometry":{"type":"LineString","coordinates":[[75.762848,26.867548],[75.762744,26.867413],[75.762676,26.867461]]},"properties":{"category":"structures"}},{"type":"Feature","geometry":{"type":"LineString","coordinates":[[75.762634,26.867401],[75.7627,26.86735],[75.762528,26.867137],[75.762468,26.867175]]},"properties":{"category":"structures"}},{"type":"Feature","geometry":{"type":"LineString","coordinates":[[75.762407,26.867109],[75.762476,26.867071],[75.762305,26.866853],[75.762222,26.866903]]},"properties":{"category":"structures"}},{"type":"Feature","geometry":{"type":"LineString","coordinates":[[75.762172,26.866846],[75.762247,26.866785],[75.761947,26.866427],[75.761851,26.866328],[75.761758,26.866396]]},"properties":{"category":"structures"}},{"type":"Feature","geometry":{"type":"LineString","coordinates":[[75.761692,26.866287],[75.761501,26.866213],[75.761464,26.866277]]},"properties":{"category":"structures"}},{"type":"Feature","geometry":{"type":"LineString","coordinates":[[75.76145,26.866213],[75.761479,26.866144],[75.760716,26.865817],[75.760665,26.865917]]},"properties":{"category":"structures"}},{"type":"Feature","geometry":{"type":"LineString","coordinates":[[75.760561,26.865883],[75.760608,26.865765],[75.759903,26.865484],[75.759877,26.865536]]},"properties":{"category":"structures"}},{"type":"Feature","geometry":{"type":"LineString","coordinates":[[75.759863,26.86551],[75.759877,26.86548],[75.759636,26.865387],[75.759605,26.865444]]},"properties":{"category":"structures"}},{"type":"Feature","geometry":{"type":"LineString","coordinates":[[75.759551,26.865442],[75.759575,26.865361],[75.758788,26.865049],[75.758745,26.865139]]},"properties":{"category":"structures"}},{"type":"Feature","geometry":{"type":"LineString","coordinates":[[75.758675,26.865117],[75.758708,26.865026],[75.758512,26.864944]]},"properties":{"category":"structures"}},{"type":"Feature","geometry":{"type":"LineString","coordinates":[[75.762471,26.867074],[75.762528,26.867137]]},"properties":{"category":"structures"}},{"type":"Feature","geometry":{"type":"LineString","coordinates":[[75.762247,26.866785],[75.762302,26.866855]]},"properties":{"category":"structures"}},{"type":"Feature","geometry":{"type":"LineString","coordinates":[[75.754868,26.863183],[75.754827,26.863258],[75.75516,26.86339],[75.755219,26.863271]]},"properties":{"category":"structures"}},{"type":"Feature","geometry":{"type":"LineString","coordinates":[[75.755308,26.863312],[75.755241,26.863418],[75.755538,26.863539],[75.755573,26.86346]]},"properties":{"category":"structures"}},{"type":"Feature","geometry":{"type":"LineString","coordinates":[[75.755651,26.863499],[75.755618,26.86357],[75.755949,26.863698],[75.755983,26.863627]]},"properties":{"category":"structures"}},{"type":"Feature","geometry":{"type":"LineString","coordinates":[[75.75609,26.863673],[75.756053,26.863751],[75.757002,26.864123],[75.757026,26.864078]]},"properties":{"category":"structures"}},{"type":"Feature","geometry":{"type":"LineString","coordinates":[[75.757069,26.864099],[75.757048,26.864137],[75.75742,26.864284],[75.757463,26.864182]]},"properties":{"category":"structures"}},{"type":"Feature","geometry":{"type":"LineString","coordinates":[[75.757534,26.864224],[75.757488,26.864315],[75.758321,26.864644]]},"properties":{"category":"structures"}},{"type":"Feature","geometry":{"type":"LineString","coordinates":[[75.754654,26.863424],[75.755096,26.8636],[75.755048,26.863698]]},"properties":{"category":"structures"}},{"type":"Feature","geometry":{"type":"LineString","coordinates":[[75.75513,26.863731],[75.755176,26.863639],[75.755383,26.863715],[75.755352,26.863782]]},"properties":{"category":"structures"}},{"type":"Feature","geometry":{"type":"LineString","coordinates":[[75.755383,26.863781],[75.755408,26.863723],[75.756303,26.864079],[75.756253,26.864199]]},"properties":{"category":"structures"}},{"type":"Feature","geometry":{"type":"LineString","coordinates":[[75.756366,26.864203],[75.75641,26.864125],[75.756666,26.864224],[75.756982,26.864349],[75.756939,26.864428]]},"properties":{"category":"structures"}},{"type":"Feature","geometry":{"type":"LineString","coordinates":[[75.756978,26.86444],[75.757005,26.864378],[75.7575,26.864583],[75.757462,26.86466]]},"properties":{"category":"structures"}},{"type":"Feature","geometry":{"type":"LineString","coordinates":[[75.757511,26.864666],[75.757557,26.864571],[75.758148,26.864804]]},"properties":{"category":"structures"}},{"type":"Feature","geometry":{"type":"LineString","coordinates":[[75.755309,26.863482],[75.755345,26.86347],[75.75532,26.863459]]},"properties":{"category":"structures"}},{"type":"Feature","geometry":{"type":"LineString","coordinates":[[75.777236,26.8267],[75.777198,26.82672],[75.777431,26.827095]]},"properties":{"category":"structures"}},{"type":"Feature","geometry":{"type":"LineString","coordinates":[[75.777196,26.826855],[75.777196,26.826855]]},"properties":{"category":"structures"}},{"type":"Feature","geometry":{"type":"LineString","coordinates":[[75.754824,26.868174],[75.754788,26.868266],[75.755656,26.868616],[75.755733,26.868462]]},"properties":{"category":"structures"}},{"type":"Feature","geometry":{"type":"LineString","coordinates":[[75.755787,26.868493],[75.755739,26.868599],[75.755849,26.868646],[75.755881,26.868596],[75.7561,26.868681],[75.756087,26.868705],[75.756196,26.868765]]},"properties":{"category":"structures"}},{"type":"Feature","geometry":{"type":"LineString","coordinates":[[75.752673,26.867634],[75.752702,26.867573],[75.753137,26.867747],[75.753091,26.86783]]},"properties":{"category":"structures"}},{"type":"Feature","geometry":{"type":"LineString","coordinates":[[75.753126,26.867832],[75.753159,26.867757],[75.753936,26.868065],[75.753884,26.868181]]},"properties":{"category":"structures"}},{"type":"Feature","geometry":{"type":"LineString","coordinates":[[75.753979,26.868205],[75.754042,26.868103],[75.755074,26.868514],[75.755025,26.868609]]},"properties":{"category":"structures"}},{"type":"Feature","geometry":{"type":"LineString","coordinates":[[75.755077,26.868596],[75.755106,26.86853],[75.755416,26.868652],[75.755372,26.868752]]},"properties":{"category":"structures"}},{"type":"Feature","geometry":{"type":"LineString","coordinates":[[75.755454,26.868734],[75.75548,26.868678],[75.756183,26.868952]]},"properties":{"category":"structures"}},{"type":"Feature","geometry":{"type":"LineString","coordinates":[[75.75579,26.868641],[75.755813,26.868668],[75.755786,26.868666]]},"properties":{"category":"structures"}},{"type":"Feature","geometry":{"type":"LineString","coordinates":[[75.754788,26.868266],[75.754768,26.868262],[75.754769,26.868292],[75.754809,26.868329],[75.755034,26.868415],[75.755087,26.868382]]},"properties":{"category":"structures"}},{"type":"Feature","geometry":{"type":"LineString","coordinates":[[75.755143,26.868403],[75.755131,26.868452],[75.755346,26.86853],[75.755382,26.8685]]},"properties":{"category":"structures"}},{"type":"Feature","geometry":{"type":"LineString","coordinates":[[75.752848,26.867632],[75.752858,26.867607],[75.752803,26.867589],[75.752796,26.867611]]},"properties":{"category":"structures"}},{"type":"Feature","geometry":{"type":"LineString","coordinates":[[75.756569,26.868943],[75.756595,26.868904],[75.756674,26.868911],[75.756848,26.868976],[75.756804,26.869068],[75.757155,26.869223],[75.757191,26.869153],[75.757269,26.86918],[75.757312,26.869092]]},"properties":{"category":"structures"}},{"type":"Feature","geometry":{"type":"LineString","coordinates":[[75.757308,26.869192],[75.757353,26.869104],[75.757441,26.869141],[75.757394,26.869232]]},"properties":{"category":"structures"}},{"type":"Feature","geometry":{"type":"LineString","coordinates":[[75.757394,26.869232],[75.757366,26.869288],[75.757884,26.869494],[75.757946,26.869322]]},"properties":{"category":"structures"}},{"type":"Feature","geometry":{"type":"LineString","coordinates":[[75.758029,26.869408],[75.757991,26.869532],[75.759233,26.870006],[75.759308,26.870047],[75.7593,26.870067],[75.760345,26.870452],[75.760512,26.870115]]},"properties":{"category":"structures"}},{"type":"Feature","geometry":{"type":"LineString","coordinates":[[75.76033,26.870602],[75.759491,26.870258],[75.759414,26.870412]]},"properties":{"category":"structures"}},{"type":"Feature","geometry":{"type":"LineString","coordinates":[[75.759339,26.870346],[75.75939,26.870221],[75.758552,26.86989],[75.75852,26.869957]]},"properties":{"category":"structures"}},{"type":"Feature","geometry":{"type":"LineString","coordinates":[[75.75842,26.869918],[75.758446,26.86985],[75.757494,26.869476],[75.757412,26.86964]]},"properties":{"category":"structures"}},{"type":"Feature","geometry":{"type":"LineString","coordinates":[[75.757452,26.869501],[75.757471,26.869466],[75.757292,26.869395],[75.757271,26.869439]]},"properties":{"category":"structures"}},{"type":"Feature","geometry":{"type":"LineString","coordinates":[[75.757197,26.869427],[75.757221,26.86937],[75.75704,26.869295],[75.757012,26.869353]]},"properties":{"category":"structures"}},{"type":"Feature","geometry":{"type":"LineString","coordinates":[[75.757005,26.869343],[75.757026,26.86929],[75.75685,26.869221],[75.756809,26.869298]]},"properties":{"category":"structures"}},{"type":"Feature","geometry":{"type":"LineString","coordinates":[[75.756742,26.869263],[75.756773,26.869186],[75.756592,26.869118],[75.756549,26.869209]]},"properties":{"category":"structures"}},{"type":"Feature","geometry":{"type":"LineString","coordinates":[[75.756538,26.869189],[75.756574,26.869112],[75.756396,26.869042]]},"properties":{"category":"structures"}},{"type":"Feature","geometry":{"type":"LineString","coordinates":[[75.756131,26.868798],[75.756136,26.868748],[75.756094,26.868733],[75.756077,26.868776]]},"properties":{"category":"structures"}},{"type":"Feature","geometry":{"type":"LineString","coordinates":[[75.751376,26.869783],[75.751787,26.869959],[75.752017,26.870043],[75.752028,26.870021],[75.752067,26.870035],[75.752027,26.870028],[75.752056,26.870058],[75.752799,26.870349],[75.752868,26.870211]]},"properties":{"category":"structures"}},{"type":"Feature","geometry":{"type":"LineString","coordinates":[[75.75295,26.870312],[75.752907,26.870407],[75.753947,26.870804],[75.754006,26.870674]]},"properties":{"category":"structures"}},{"type":"Feature","geometry":{"type":"LineString","coordinates":[[75.754027,26.87069],[75.753991,26.870757],[75.754367,26.870902],[75.754403,26.870827]]},"properties":{"category":"structures"}},{"type":"Feature","geometry":{"type":"LineString","coordinates":[[75.754418,26.870833],[75.754349,26.870969],[75.754771,26.871141],[75.754792,26.871115],[75.754873,26.87113],[75.755048,26.871197]]},"properties":{"category":"structures"}},{"type":"Feature","geometry":{"type":"LineString","coordinates":[[75.751178,26.869937],[75.752027,26.87028],[75.751991,26.870355]]},"properties":{"category":"structures"}},{"type":"Feature","geometry":{"type":"LineString","coordinates":[[75.75207,26.870376],[75.752102,26.870316],[75.752386,26.870427],[75.752349,26.870507]]},"properties":{"category":"structures"}},{"type":"Feature","geometry":{"type":"LineString","coordinates":[[75.752434,26.87053],[75.752468,26.87046],[75.75318,26.870745],[75.753128,26.87086]]},"properties":{"category":"structures"}},{"type":"Feature","geometry":{"type":"LineString","coordinates":[[75.753216,26.870879],[75.753268,26.870771],[75.753656,26.870928],[75.753595,26.871051]]},"properties":{"category":"structures"}},{"type":"Feature","geometry":{"type":"LineString","coordinates":[[75.753688,26.871071],[75.753734,26.870961],[75.754364,26.871213],[75.754295,26.871343]]},"properties":{"category":"structures"}},{"type":"Feature","geometry":{"type":"LineString","coordinates":[[75.754379,26.871351],[75.754434,26.871239],[75.75496,26.87144]]},"properties":{"category":"structures"}},{"type":"Feature","geometry":{"type":"LineString","coordinates":[[75.752027,26.87028],[75.752102,26.870316]]},"properties":{"category":"structures"}},{"type":"Feature","geometry":{"type":"LineString","coordinates":[[75.752386,26.870427],[75.752468,26.87046]]},"properties":{"category":"structures"}},{"type":"Feature","geometry":{"type":"LineString","coordinates":[[75.75318,26.870745],[75.753267,26.870774]]},"properties":{"category":"structures"}},{"type":"Feature","geometry":{"type":"LineString","coordinates":[[75.755366,26.871379],[75.755461,26.871412],[75.755517,26.871286]]},"properties":{"category":"structures"}},{"type":"Feature","geometry":{"type":"LineString","coordinates":[[75.755524,26.871313],[75.755476,26.871422],[75.755654,26.871487],[75.755691,26.871411]]},"properties":{"category":"structures"}},{"type":"Feature","geometry":{"type":"LineString","coordinates":[[75.755758,26.871466],[75.755734,26.871516],[75.755909,26.871587],[75.755933,26.871537]]},"properties":{"category":"structures"}},{"type":"Feature","geometry":{"type":"LineString","coordinates":[[75.75595,26.871552],[75.755949,26.871551]]},"properties":{"category":"structures"}},{"type":"Feature","geometry":{"type":"LineString","coordinates":[[75.755946,26.871551],[75.755928,26.871594],[75.756109,26.871662],[75.756135,26.871608]]},"properties":{"category":"structures"}},{"type":"Feature","geometry":{"type":"LineString","coordinates":[[75.75622,26.871627],[75.756198,26.871675],[75.756402,26.871749],[75.756384,26.871788],[75.756459,26.871817],[75.756478,26.871775]]},"properties":{"category":"structures"}},{"type":"Feature","geometry":{"type":"LineString","coordinates":[[75.756496,26.871791],[75.756485,26.871815],[75.757322,26.872145],[75.757366,26.872052]]},"properties":{"category":"structures"}},{"type":"Feature","geometry":{"type":"LineString","coordinates":[[75.757468,26.87211],[75.757429,26.872186],[75.758166,26.872478],[75.758215,26.87239]]},"properties":{"category":"structures"}},{"type":"Feature","geometry":{"type":"LineString","coordinates":[[75.75832,26.872414],[75.758283,26.872505],[75.758575,26.87261],[75.758612,26.872541]]},"properties":{"category":"structures"}},{"type":"Feature","geometry":{"type":"LineString","coordinates":[[75.758718,26.872587],[75.758676,26.872672],[75.759552,26.873021]]},"properties":{"category":"structures"}},{"type":"Feature","geometry":{"type":"LineString","coordinates":[[75.759142,26.8731],[75.758684,26.872934],[75.758624,26.873068]]},"properties":{"category":"structures"}},{"type":"Feature","geometry":{"type":"LineString","coordinates":[[75.758516,26.873047],[75.758566,26.872915],[75.758205,26.872775],[75.758142,26.872902]]},"properties":{"category":"structures"}},{"type":"Feature","geometry":{"type":"LineString","coordinates":[[75.758051,26.872689],[75.757964,26.872863]]},"properties":{"category":"structures"}},{"type":"Feature","geometry":{"type":"LineString","coordinates":[[75.757924,26.872802],[75.757992,26.872653],[75.757502,26.872451],[75.757426,26.872599]]},"properties":{"category":"structures"}},{"type":"Feature","geometry":{"type":"LineString","coordinates":[[75.757308,26.87252],[75.757361,26.872399]]},"properties":{"category":"structures"}},{"type":"Feature","geometry":{"type":"LineString","coordinates":[[75.757198,26.872489],[75.757256,26.872355],[75.756978,26.872242],[75.756906,26.872382]]},"properties":{"category":"structures"}},{"type":"Feature","geometry":{"type":"LineString","coordinates":[[75.756844,26.872365],[75.756914,26.872217],[75.756633,26.872107],[75.756581,26.872209]]},"properties":{"category":"structures"}},{"type":"Feature","geometry":{"type":"LineString","coordinates":[[75.756519,26.872208],[75.756575,26.872086],[75.755844,26.871796],[75.755752,26.871974]]},"properties":{"category":"structures"}},{"type":"Feature","geometry":{"type":"LineString","coordinates":[[75.755711,26.871914],[75.755777,26.871752],[75.755492,26.871642],[75.755419,26.871792]]},"properties":{"category":"structures"}},{"type":"Feature","geometry":{"type":"LineString","coordinates":[[75.755387,26.871747],[75.755438,26.871639],[75.755155,26.871528]]},"properties":{"category":"structures"}},{"type":"Feature","geometry":{"type":"LineString","coordinates":[[75.773772,26.849403],[75.773825,26.849439],[75.77383,26.849492],[75.773717,26.849664],[75.773566,26.850158],[75.773487,26.850322],[75.773437,26.850649],[75.773353,26.850663],[75.773297,26.850639]]},"properties":{"category":"carriageway"}},{"type":"Feature","geometry":{"type":"LineString","coordinates":[[75.773483,26.850741],[75.773643,26.851704]]},"properties":{"category":"carriageway"}},{"type":"Feature","geometry":{"type":"LineString","coordinates":[[75.773643,26.851704],[75.773661,26.851827],[75.773617,26.851848],[75.773545,26.851833]]},"properties":{"category":"carriageway"}},{"type":"Feature","geometry":{"type":"LineString","coordinates":[[75.773611,26.851923],[75.773662,26.85193],[75.773545,26.852483],[75.773422,26.853427],[75.773344,26.853448]]},"properties":{"category":"carriageway"}},{"type":"Feature","geometry":{"type":"LineString","coordinates":[[75.773288,26.853471],[75.773405,26.853491],[75.773407,26.853532],[75.773279,26.854433],[75.77317,26.854457]]},"properties":{"category":"carriageway"}},{"type":"Feature","geometry":{"type":"LineString","coordinates":[[75.773088,26.854526],[75.773224,26.854552],[75.773253,26.85459],[75.773055,26.855662],[75.772998,26.855687]]},"properties":{"category":"carriageway"}},{"type":"Feature","geometry":{"type":"LineString","coordinates":[[75.772949,26.855705],[75.773019,26.855744],[75.772928,26.855756]]},"properties":{"category":"carriageway"}},{"type":"Feature","geometry":{"type":"LineString","coordinates":[[75.772877,26.855792],[75.773016,26.85582],[75.772966,26.856168],[75.772848,26.856192]]},"properties":{"category":"carriageway"}},{"type":"Feature","geometry":{"type":"LineString","coordinates":[[75.772849,26.856253],[75.772943,26.856277],[75.773107,26.857745],[75.77311,26.857788],[75.773063,26.857806]]},"properties":{"category":"carriageway"}},{"type":"Feature","geometry":{"type":"LineString","coordinates":[[75.773061,26.857827],[75.773117,26.857834],[75.773137,26.857877],[75.773193,26.858409],[75.773142,26.858451]]},"properties":{"category":"carriageway"}},{"type":"Feature","geometry":{"type":"LineString","coordinates":[[75.773139,26.858478],[75.773202,26.85849],[75.773245,26.858812],[75.773221,26.85886],[75.773155,26.858877]]},"properties":{"category":"carriageway"}},{"type":"Feature","geometry":{"type":"LineString","coordinates":[[75.773139,26.85894],[75.773253,26.85895],[75.77331,26.859312],[75.773412,26.860266],[75.773408,26.860325],[75.773341,26.860355]]},"properties":{"category":"carriageway"}},{"type":"Feature","geometry":{"type":"LineString","coordinates":[[75.77333,26.860386],[75.773416,26.860387],[75.773438,26.86046],[75.77359,26.861662],[75.773564,26.861697],[75.773478,26.861707]]},"properties":{"category":"carriageway"}},{"type":"Feature","geometry":{"type":"LineString","coordinates":[[75.773449,26.861757],[75.77359,26.861778],[75.773627,26.862137],[75.773562,26.862154]]},"properties":{"category":"carriageway"}},{"type":"Feature","geometry":{"type":"LineString","coordinates":[[75.77355,26.862179],[75.77363,26.862186],[75.773675,26.862385],[75.77378,26.863312],[75.773762,26.863481],[75.773654,26.863747],[75.773568,26.86386],[75.773508,26.863844]]},"properties":{"category":"carriageway"}},{"type":"Feature","geometry":{"type":"LineString","coordinates":[[75.773475,26.863863],[75.773535,26.863907],[75.773385,26.864157],[75.773089,26.864574],[75.773052,26.864606],[75.77299,26.864588]]},"properties":{"category":"carriageway"}},{"type":"Feature","geometry":{"type":"LineString","coordinates":[[75.772748,26.864667],[75.772882,26.864801],[75.772841,26.864885]]},"properties":{"category":"carriageway"}},{"type":"Feature","geometry":{"type":"LineString","coordinates":[[75.773038,26.864922],[75.773548,26.864244],[75.773875,26.863671],[75.77391,26.863707]]},"properties":{"category":"carriageway"}},{"type":"Feature","geometry":{"type":"LineString","coordinates":[[75.773952,26.863689],[75.773909,26.8636]]},"properties":{"category":"carriageway"}},{"type":"Feature","geometry":{"type":"LineString","coordinates":[[75.773909,26.8636],[75.773916,26.863557]]},"properties":{"category":"carriageway"}},{"type":"Feature","geometry":{"type":"LineString","coordinates":[[75.77342,26.858282],[75.773365,26.858315],[75.773405,26.858649]]},"properties":{"category":"carriageway"}},{"type":"Feature","geometry":{"type":"LineString","coordinates":[[75.773429,26.858254],[75.773355,26.858228],[75.773296,26.857736],[75.77333,26.857726]]},"properties":{"category":"carriageway"}},{"type":"Feature","geometry":{"type":"LineString","coordinates":[[75.773352,26.857696],[75.77329,26.857698],[75.773222,26.857124]]},"properties":{"category":"carriageway"}},{"type":"Feature","geometry":{"type":"LineString","coordinates":[[75.773217,26.856661],[75.773171,26.856651],[75.773155,26.85658],[75.773138,26.856309],[75.773202,26.856301]]},"properties":{"category":"carriageway"}},{"type":"Feature","geometry":{"type":"LineString","coordinates":[[75.773689,26.853516],[75.773585,26.85349]]},"properties":{"category":"carriageway"}},{"type":"Feature","geometry":{"type":"LineString","coordinates":[[75.773689,26.85355],[75.773591,26.853552]]},"properties":{"category":"carriageway"}},{"type":"Feature","geometry":{"type":"LineString","coordinates":[[75.773217,26.856241],[75.773141,26.856202],[75.773298,26.855282]]},"properties":{"category":"carriageway"}},{"type":"Feature","geometry":{"type":"LineString","coordinates":[[75.773585,26.85349],[75.773746,26.852438],[75.773778,26.852318],[75.773857,26.8523]]},"properties":{"category":"carriageway"}},{"type":"Feature","geometry":{"type":"LineString","coordinates":[[75.773535,26.853904],[75.773591,26.853552]]},"properties":{"category":"carriageway"}},{"type":"Feature","geometry":{"type":"LineString","coordinates":[[75.773308,26.855228],[75.773521,26.853995]]},"properties":{"category":"carriageway"}},{"type":"Feature","geometry":{"type":"LineString","coordinates":[[75.77322,26.857094],[75.773279,26.857109]]},"properties":{"category":"carriageway"}},{"type":"Feature","geometry":{"type":"LineString","coordinates":[[75.773222,26.857124],[75.773278,26.857125]]},"properties":{"category":"carriageway"}},{"type":"Feature","geometry":{"type":"LineString","coordinates":[[75.77322,26.857094],[75.77317,26.856691],[75.773204,26.856687]]},"properties":{"category":"carriageway"}},{"type":"Feature","geometry":{"type":"LineString","coordinates":[[75.773458,26.858664],[75.773405,26.858649]]},"properties":{"category":"carriageway"}},{"type":"Feature","geometry":{"type":"LineString","coordinates":[[75.773455,26.858689],[75.773408,26.85868]]},"properties":{"category":"carriageway"}},{"type":"Feature","geometry":{"type":"LineString","coordinates":[[75.773408,26.85868],[75.773936,26.863409]]},"properties":{"category":"carriageway"}},{"type":"Feature","geometry":{"type":"LineString","coordinates":[[75.773905,26.852261],[75.773794,26.852221],[75.773829,26.851931],[75.773773,26.85142]]},"properties":{"category":"carriageway"}},{"type":"Feature","geometry":{"type":"LineString","coordinates":[[75.773773,26.85142],[75.773661,26.850763]]},"properties":{"category":"carriageway"}},{"type":"Feature","geometry":{"type":"LineString","coordinates":[[75.773629,26.85066],[75.773622,26.850538],[75.773692,26.85028]]},"properties":{"category":"carriageway"}},{"type":"Feature","geometry":{"type":"LineString","coordinates":[[75.775196,26.848522],[75.775184,26.84845],[75.775713,26.847951],[75.77599,26.847825]]},"properties":{"category":"carriageway"}},{"type":"Feature","geometry":{"type":"LineString","coordinates":[[75.773308,26.855228],[75.773408,26.855264],[75.773395,26.8553],[75.773417,26.855266],[75.773395,26.8553],[75.773298,26.855282]]},"properties":{"category":"carriageway"}},{"type":"Feature","geometry":{"type":"LineString","coordinates":[[75.773535,26.853904],[75.773596,26.853929],[75.773589,26.853967],[75.773602,26.853931],[75.773589,26.853967],[75.773521,26.853995]]},"properties":{"category":"carriageway"}},{"type":"Feature","geometry":{"type":"LineString","coordinates":[[75.77371,26.850246],[75.773818,26.850274]]},"properties":{"category":"carriageway"}},{"type":"Feature","geometry":{"type":"LineString","coordinates":[[75.773791,26.850298],[75.773692,26.85028]]},"properties":{"category":"carriageway"}},{"type":"Feature","geometry":{"type":"LineString","coordinates":[[75.77371,26.850246],[75.773883,26.849732],[75.773939,26.849641],[75.775092,26.848518],[75.775144,26.848532]]},"properties":{"category":"carriageway"}},{"type":"Feature","geometry":{"type":"LineString","coordinates":[[75.772983,26.856628],[75.772914,26.856646]]},"properties":{"category":"carriageway"}},{"type":"Feature","geometry":{"type":"LineString","coordinates":[[75.772928,26.856679],[75.77299,26.856675]]},"properties":{"category":"carriageway"}},{"type":"Feature","geometry":{"type":"LineString","coordinates":[[75.773038,26.864922],[75.773059,26.865005],[75.773132,26.865054]]},"properties":{"category":"carriageway"}},{"type":"Feature","geometry":{"type":"LineString","coordinates":[[75.773078,26.865088],[75.772997,26.865068],[75.772911,26.865096],[75.772601,26.865443],[75.772177,26.865798],[75.772166,26.865852],[75.772232,26.866008],[75.772284,26.866062]]},"properties":{"category":"carriageway"}},{"type":"Feature","geometry":{"type":"LineString","coordinates":[[75.772841,26.864885],[75.772563,26.865235],[75.772328,26.865444],[75.771316,26.866278],[75.771108,26.866415],[75.770467,26.866749],[75.770422,26.866746],[75.770345,26.866684],[75.770228,26.866557]]},"properties":{"category":"carriageway"}},{"type":"Feature","geometry":{"type":"LineString","coordinates":[[75.769978,26.866729],[75.770054,26.866822],[75.770065,26.866899],[75.769138,26.86715],[75.769119,26.867071]]},"properties":{"category":"carriageway"}},{"type":"Feature","geometry":{"type":"LineString","coordinates":[[75.769093,26.867064],[75.769072,26.86717],[75.768545,26.867244],[75.768292,26.867252],[75.768221,26.867159]]},"properties":{"category":"carriageway"}},{"type":"Feature","geometry":{"type":"LineString","coordinates":[[75.768197,26.867177],[75.768236,26.867251],[75.76818,26.867281],[75.767811,26.86732],[75.767766,26.867315],[75.767745,26.86728]]},"properties":{"category":"carriageway"}},{"type":"Feature","geometry":{"type":"LineString","coordinates":[[75.767745,26.86728],[75.767687,26.867221]]},"properties":{"category":"carriageway"}},{"type":"Feature","geometry":{"type":"LineString","coordinates":[[75.767653,26.867253],[75.767654,26.867318]]},"properties":{"category":"carriageway"}},{"type":"Feature","geometry":{"type":"LineString","coordinates":[[75.767654,26.867318],[75.766623,26.867289]]},"properties":{"category":"carriageway"}},{"type":"Feature","geometry":{"type":"LineString","coordinates":[[75.764893,26.867115],[75.764877,26.867213],[75.764618,26.867207]]},"properties":{"category":"carriageway"}},{"type":"Feature","geometry":{"type":"LineString","coordinates":[[75.764512,26.867115],[75.764493,26.86719],[75.764063,26.867187],[75.764061,26.867016]]},"properties":{"category":"carriageway"}},{"type":"Feature","geometry":{"type":"LineString","coordinates":[[75.764028,26.867019],[75.763974,26.86718],[75.763782,26.867199],[75.763631,26.867277],[75.76358,26.867243]]},"properties":{"category":"carriageway"}},{"type":"Feature","geometry":{"type":"LineString","coordinates":[[75.776783,26.845787],[75.776783,26.845787]]},"properties":{"category":"carriageway"}},{"type":"Feature","geometry":{"type":"LineString","coordinates":[[75.776787,26.845672],[75.776834,26.845578],[75.776885,26.845574],[75.776894,26.845712],[75.776788,26.845676]]},"properties":{"category":"carriageway"}},{"type":"Feature","geometry":{"type":"LineString","coordinates":[[75.777389,26.843581],[75.777501,26.843599],[75.77754,26.84366],[75.777412,26.843951]]},"properties":{"category":"carriageway"}},{"type":"Feature","geometry":{"type":"LineString","coordinates":[[75.777412,26.843951],[75.776871,26.845159]]},"properties":{"category":"carriageway"}},{"type":"Feature","geometry":{"type":"LineString","coordinates":[[75.776803,26.84513],[75.776871,26.845159]]},"properties":{"category":"carriageway"}},{"type":"Feature","geometry":{"type":"LineString","coordinates":[[75.776777,26.845176],[75.776864,26.845214]]},"properties":{"category":"carriageway"}},{"type":"Feature","geometry":{"type":"LineString","coordinates":[[75.776864,26.845214],[75.775942,26.847234],[75.775866,26.847366],[75.775791,26.847348]]},"properties":{"category":"carriageway"}},{"type":"Feature","geometry":{"type":"LineString","coordinates":[[75.777423,26.841527],[75.777732,26.843653],[75.777679,26.843833],[75.776999,26.845304],[75.776979,26.845418],[75.776998,26.845916]]},"properties":{"category":"carriageway"}},{"type":"Feature","geometry":{"type":"LineString","coordinates":[[75.774454,26.840387],[75.776638,26.84009],[75.776881,26.840079],[75.777028,26.840198],[75.777126,26.840762],[75.777107,26.840792],[75.775888,26.840976],[75.775779,26.840889]]},"properties":{"category":"carriageway"}},{"type":"Feature","geometry":{"type":"LineString","coordinates":[[75.77564,26.840924],[75.775655,26.840995],[75.775595,26.841027],[75.77408,26.841213],[75.774036,26.841177],[75.77408,26.841023]]},"properties":{"category":"carriageway"}},{"type":"Feature","geometry":{"type":"LineString","coordinates":[[75.770662,26.840214],[75.770602,26.840286],[75.770221,26.840148],[75.77022,26.840098]]},"properties":{"category":"carriageway"}},{"type":"Feature","geometry":{"type":"LineString","coordinates":[[75.77017,26.840078],[75.770122,26.840118],[75.768583,26.839546],[75.768589,26.839514]]},"properties":{"category":"carriageway"}},{"type":"Feature","geometry":{"type":"LineString","coordinates":[[75.768562,26.839497],[75.768523,26.839549],[75.768123,26.8394],[75.768101,26.839369],[75.76813,26.839299]]},"properties":{"category":"carriageway"}},{"type":"Feature","geometry":{"type":"LineString","coordinates":[[75.768096,26.839278],[75.768047,26.839352],[75.767985,26.839303]]},"properties":{"category":"carriageway"}},{"type":"Feature","geometry":{"type":"LineString","coordinates":[[75.771721,26.840101],[75.771686,26.840174]]},"properties":{"category":"carriageway"}},{"type":"Feature","geometry":{"type":"LineString","coordinates":[[75.77092,26.84022],[75.77089,26.840288],[75.770835,26.840322],[75.770701,26.840291],[75.770704,26.840218]]},"properties":{"category":"carriageway"}},{"type":"Feature","geometry":{"type":"LineString","coordinates":[[75.772719,26.840021],[75.772651,26.840131],[75.772164,26.840201],[75.772139,26.84019],[75.772166,26.840123]]},"properties":{"category":"carriageway"}},{"type":"Feature","geometry":{"type":"LineString","coordinates":[[75.772134,26.840111],[75.772087,26.840204],[75.771718,26.840241],[75.771746,26.840111]]},"properties":{"category":"carriageway"}},{"type":"Feature","geometry":{"type":"LineString","coordinates":[[75.771525,26.840156],[75.771672,26.840203]]},"properties":{"category":"carriageway"}},{"type":"Feature","geometry":{"type":"LineString","coordinates":[[75.771536,26.840127],[75.771686,26.840174]]},"properties":{"category":"carriageway"}},{"type":"Feature","geometry":{"type":"LineString","coordinates":[[75.771672,26.840203],[75.771631,26.840258],[75.770983,26.84033],[75.770927,26.840319],[75.770935,26.840256]]},"properties":{"category":"carriageway"}},{"type":"Feature","geometry":{"type":"LineString","coordinates":[[75.768154,26.839501],[75.768154,26.839501]]},"properties":{"category":"carriageway"}},{"type":"Feature","geometry":{"type":"LineString","coordinates":[[75.767984,26.839487],[75.768012,26.839433],[75.768108,26.83954],[75.767989,26.839499]]},"properties":{"category":"carriageway"}},{"type":"Feature","geometry":{"type":"LineString","coordinates":[[75.770098,26.840424],[75.770087,26.840443],[75.768989,26.840034],[75.767948,26.839599],[75.767989,26.839597],[75.768952,26.84],[75.770081,26.840418]]},"properties":{"category":"carriageway"}},{"type":"Feature","geometry":{"type":"LineString","coordinates":[[75.767715,26.840094],[75.767852,26.839826],[75.767921,26.839778],[75.768106,26.839768],[75.76789,26.839691],[75.767714,26.840101]]},"properties":{"category":"carriageway"}},{"type":"Feature","geometry":{"type":"LineString","coordinates":[[75.768119,26.839868],[75.768091,26.839833],[75.768225,26.839854],[75.769721,26.840394],[75.769824,26.840455],[75.769756,26.840465],[75.769096,26.840204],[75.768316,26.839942]]},"properties":{"category":"carriageway"}},{"type":"Feature","geometry":{"type":"LineString","coordinates":[[75.767678,26.840634],[75.767591,26.840582],[75.767585,26.840543],[75.767873,26.839902],[75.767917,26.839875],[75.769145,26.840297],[75.769977,26.840639],[75.770104,26.840638],[75.770128,26.840782],[75.77007,26.84146],[75.769982,26.841477],[75.769894,26.841443]]},"properties":{"category":"carriageway"}},{"type":"Feature","geometry":{"type":"LineString","coordinates":[[75.770234,26.840716],[75.770228,26.840744]]},"properties":{"category":"carriageway"}},{"type":"Feature","geometry":{"type":"LineString","coordinates":[[75.770351,26.840801],[75.770494,26.840715],[75.770382,26.840687],[75.770341,26.840792]]},"properties":{"category":"carriageway"}},{"type":"Feature","geometry":{"type":"LineString","coordinates":[[75.775813,26.84014],[75.774453,26.840346]]},"properties":{"category":"carriageway"}},{"type":"Feature","geometry":{"type":"LineString","coordinates":[[75.772886,26.840687],[75.772893,26.840598],[75.774119,26.840438]]},"properties":{"category":"carriageway"}},{"type":"Feature","geometry":{"type":"LineString","coordinates":[[75.77685,26.839849],[75.77689,26.839845],[75.776881,26.839824],[75.771034,26.840572],[75.770725,26.840601],[75.770486,26.840574],[75.770549,26.840606],[75.770729,26.840619],[75.771156,26.840578],[75.776754,26.839862]]},"properties":{"category":"carriageway"}},{"type":"Feature","geometry":{"type":"LineString","coordinates":[[75.777,26.839292],[75.776882,26.839531],[75.77683,26.839573],[75.776784,26.83957]]},"properties":{"category":"carriageway"}},{"type":"Feature","geometry":{"type":"LineString","coordinates":[[75.776784,26.83957],[75.776028,26.839655],[75.775298,26.839776],[75.77532,26.83972]]},"properties":{"category":"carriageway"}},{"type":"Feature","geometry":{"type":"LineString","coordinates":[[75.775274,26.839719],[75.775265,26.839775],[75.774618,26.839866],[75.774585,26.83985],[75.774634,26.839734]]},"properties":{"category":"carriageway"}},{"type":"Feature","geometry":{"type":"LineString","coordinates":[[75.774555,26.839751],[75.774487,26.839886],[75.774217,26.839921],[75.774213,26.839895]]},"properties":{"category":"carriageway"}},{"type":"Feature","geometry":{"type":"LineString","coordinates":[[75.774179,26.839899],[75.774157,26.839931],[75.773965,26.83996],[75.773955,26.839927]]},"properties":{"category":"carriageway"}},{"type":"Feature","geometry":{"type":"LineString","coordinates":[[75.773904,26.839934],[75.77389,26.839965],[75.773772,26.839993],[75.77371,26.839992],[75.773701,26.839962]]},"properties":{"category":"carriageway"}},{"type":"Feature","geometry":{"type":"LineString","coordinates":[[75.773662,26.839969],[75.773645,26.840002],[75.773527,26.840011],[75.773504,26.839957],[75.773532,26.839896]]},"properties":{"category":"carriageway"}},{"type":"Feature","geometry":{"type":"LineString","coordinates":[[75.773492,26.839883],[75.77339,26.840022],[75.773114,26.840067],[75.772821,26.840076]]},"properties":{"category":"carriageway"}},{"type":"Feature","geometry":{"type":"LineString","coordinates":[[75.772821,26.840076],[75.772798,26.840019],[75.772826,26.839934]]},"properties":{"category":"carriageway"}},{"type":"Feature","geometry":{"type":"LineString","coordinates":[[75.772992,26.840139],[75.772902,26.840147],[75.772978,26.840204],[75.77379,26.8401],[75.776526,26.839745],[75.776714,26.839657]]},"properties":{"category":"carriageway"}},{"type":"Feature","geometry":{"type":"LineString","coordinates":[[75.776714,26.839657],[75.776088,26.839726],[75.776064,26.839782]]},"properties":{"category":"carriageway"}},{"type":"Feature","geometry":{"type":"LineString","coordinates":[[75.774661,26.839965],[75.774655,26.839933],[75.773026,26.840132]]},"properties":{"category":"carriageway"}},{"type":"Feature","geometry":{"type":"LineString","coordinates":[[75.775954,26.839796],[75.775926,26.839748],[75.774796,26.83991],[75.774738,26.839921],[75.774744,26.839956]]},"properties":{"category":"carriageway"}},{"type":"Feature","geometry":{"type":"LineString","coordinates":[[75.770805,26.840445],[75.770783,26.840409],[75.770808,26.840397],[75.771293,26.840369],[75.772792,26.84018],[75.772826,26.840202]]},"properties":{"category":"carriageway"}},{"type":"Feature","geometry":{"type":"LineString","coordinates":[[75.770806,26.840445],[75.770978,26.840449],[75.772563,26.84026],[75.772834,26.840223],[75.772826,26.840202]]},"properties":{"category":"carriageway"}},{"type":"Feature","geometry":{"type":"LineString","coordinates":[[75.770716,26.840438],[75.770494,26.840397],[75.770519,26.840361],[75.770662,26.840353],[75.770724,26.840433]]},"properties":{"category":"carriageway"}},{"type":"Feature","geometry":{"type":"LineString","coordinates":[[75.770305,26.840328],[75.770332,26.840293],[75.770382,26.840298],[75.770416,26.840328],[75.770408,26.840367]]},"properties":{"category":"carriageway"}},{"type":"Feature","geometry":{"type":"LineString","coordinates":[[75.770029,26.840206],[75.770086,26.840176],[75.770201,26.840207],[75.770219,26.840279],[75.770125,26.840246]]},"properties":{"category":"carriageway"}},{"type":"Feature","geometry":{"type":"LineString","coordinates":[[75.772936,26.841209],[75.772954,26.841366],[75.770522,26.841659],[75.770389,26.841652],[75.770302,26.841612],[75.770251,26.841474],[75.770254,26.841114],[75.77032,26.840915],[75.7704,26.840882],[75.770703,26.840892],[75.772799,26.840612],[75.772837,26.840727]]},"properties":{"category":"carriageway"}},{"type":"Feature","geometry":{"type":"LineString","coordinates":[[75.77341,26.841236],[75.773388,26.841301],[75.773017,26.841358],[75.772961,26.841202]]},"properties":{"category":"carriageway"}},{"type":"Feature","geometry":{"type":"LineString","coordinates":[[75.773447,26.84123],[75.773468,26.841287],[75.773928,26.841229],[75.774049,26.840921]]},"properties":{"category":"carriageway"}},{"type":"Feature","geometry":{"type":"LineString","coordinates":[[75.776814,26.841104],[75.776814,26.840944],[75.777112,26.840906],[75.777161,26.840933],[75.777501,26.842853],[75.777568,26.843494],[75.777495,26.843524]]},"properties":{"category":"carriageway"}},{"type":"Feature","geometry":{"type":"LineString","coordinates":[[75.776781,26.841098],[75.77676,26.840993],[75.776721,26.840958],[75.775896,26.841058],[75.775817,26.841077],[75.775846,26.841262]]},"properties":{"category":"carriageway"}},{"type":"Feature","geometry":{"type":"LineString","coordinates":[[75.775764,26.841187],[75.77574,26.841082],[75.775715,26.841081],[75.773471,26.841372],[75.77351,26.841558]]},"properties":{"category":"carriageway"}},{"type":"Feature","geometry":{"type":"LineString","coordinates":[[75.773473,26.841531],[75.773419,26.841389],[75.773101,26.841416]]},"properties":{"category":"carriageway"}},{"type":"Feature","geometry":{"type":"LineString","coordinates":[[75.773101,26.841416],[75.773076,26.84146],[75.773091,26.841505]]},"properties":{"category":"carriageway"}},{"type":"Feature","geometry":{"type":"LineString","coordinates":[[75.773048,26.841498],[75.773012,26.841446]]},"properties":{"category":"carriageway"}},{"type":"Feature","geometry":{"type":"LineString","coordinates":[[75.773012,26.841446],[75.772027,26.841564]]},"properties":{"category":"carriageway"}},{"type":"Feature","geometry":{"type":"LineString","coordinates":[[75.771721,26.841674],[75.771675,26.841609],[75.771381,26.841649],[75.771367,26.841718]]},"properties":{"category":"carriageway"}},{"type":"Feature","geometry":{"type":"LineString","coordinates":[[75.771322,26.841734],[75.771298,26.841656],[75.770335,26.841763],[75.770331,26.841918],[75.770401,26.842346]]},"properties":{"category":"carriageway"}},{"type":"Feature","geometry":{"type":"LineString","coordinates":[[75.772027,26.841564],[75.772038,26.841712]]},"properties":{"category":"carriageway"}},{"type":"Feature","geometry":{"type":"LineString","coordinates":[[75.771993,26.84157],[75.772004,26.841714]]},"properties":{"category":"carriageway"}},{"type":"Feature","geometry":{"type":"LineString","coordinates":[[75.771993,26.84157],[75.771742,26.841601],[75.771742,26.841671]]},"properties":{"category":"carriageway"}},{"type":"Feature","geometry":{"type":"LineString","coordinates":[[75.766623,26.867289],[75.766632,26.867192]]},"properties":{"category":"carriageway"}},{"type":"Feature","geometry":{"type":"LineString","coordinates":[[75.766598,26.867288],[75.766607,26.86719]]},"properties":{"category":"carriageway"}},{"type":"Feature","geometry":{"type":"LineString","coordinates":[[75.766598,26.867288],[75.764964,26.867233],[75.764935,26.867208],[75.764929,26.86714]]},"properties":{"category":"carriageway"}},{"type":"Feature","geometry":{"type":"LineString","coordinates":[[75.763554,26.867262],[75.763583,26.867306],[75.763126,26.867592],[75.763013,26.867466]]},"properties":{"category":"carriageway"}},{"type":"Feature","geometry":{"type":"LineString","coordinates":[[75.774119,26.840438],[75.774454,26.840387]]},"properties":{"category":"carriageway"}},{"type":"Feature","geometry":{"type":"LineString","coordinates":[[75.774107,26.840392],[75.770911,26.840788],[75.770479,26.84082],[75.770883,26.840735],[75.776607,26.840005],[75.77664,26.840008],[75.776628,26.840025],[75.775813,26.84014]]},"properties":{"category":"carriageway"}},{"type":"Feature","geometry":{"type":"LineString","coordinates":[[75.774453,26.840346],[75.774107,26.840392]]},"properties":{"category":"carriageway"}},{"type":"Feature","geometry":{"type":"LineString","coordinates":[[75.777496,26.841457],[75.777269,26.840159],[75.777271,26.840094],[75.777331,26.840041]]},"properties":{"category":"carriageway"}},{"type":"Feature","geometry":{"type":"LineString","coordinates":[[75.777495,26.843524],[75.777227,26.843555],[75.777202,26.843491]]},"properties":{"category":"carriageway"}},{"type":"Feature","geometry":{"type":"LineString","coordinates":[[75.777169,26.843494],[75.777157,26.843567],[75.776905,26.843607],[75.77655,26.843642],[75.776536,26.843584]]},"properties":{"category":"carriageway"}},{"type":"Feature","geometry":{"type":"LineString","coordinates":[[75.776503,26.843577],[75.7765,26.843651],[75.776239,26.843673]]},"properties":{"category":"carriageway"}},{"type":"Feature","geometry":{"type":"LineString","coordinates":[[75.776239,26.843673],[75.776228,26.843629]]},"properties":{"category":"carriageway"}},{"type":"Feature","geometry":{"type":"LineString","coordinates":[[75.776162,26.843628],[75.776163,26.843698]]},"properties":{"category":"carriageway"}},{"type":"Feature","geometry":{"type":"LineString","coordinates":[[75.776163,26.843698],[75.774731,26.843895],[75.774699,26.8438]]},"properties":{"category":"carriageway"}},{"type":"Feature","geometry":{"type":"LineString","coordinates":[[75.774666,26.843822],[75.77466,26.843901],[75.774598,26.843916],[75.773963,26.843989],[75.773942,26.843933]]},"properties":{"category":"carriageway"}},{"type":"Feature","geometry":{"type":"LineString","coordinates":[[75.773913,26.843948],[75.773896,26.843991],[75.77386,26.844],[75.772865,26.844117],[75.772862,26.844049]]},"properties":{"category":"carriageway"}},{"type":"Feature","geometry":{"type":"LineString","coordinates":[[75.772824,26.844061],[75.77282,26.844136],[75.77265,26.84416],[75.772133,26.844213],[75.772097,26.844149]]},"properties":{"category":"carriageway"}},{"type":"Feature","geometry":{"type":"LineString","coordinates":[[75.772063,26.844154],[75.772055,26.844206],[75.77198,26.844217],[75.771272,26.844179],[75.771107,26.844164],[75.771084,26.844092]]},"properties":{"category":"carriageway"}},{"type":"Feature","geometry":{"type":"LineString","coordinates":[[75.771047,26.844114],[75.770715,26.844156],[75.770555,26.84322],[75.770578,26.843199]]},"properties":{"category":"carriageway"}},{"type":"Feature","geometry":{"type":"LineString","coordinates":[[75.777389,26.843581],[75.776261,26.843723],[75.77623,26.843749],[75.776232,26.843802]]},"properties":{"category":"carriageway"}},{"type":"Feature","geometry":{"type":"LineString","coordinates":[[75.776196,26.843813],[75.776154,26.843758],[75.77604,26.843753],[75.774416,26.843986]]},"properties":{"category":"carriageway"}},{"type":"Feature","geometry":{"type":"LineString","coordinates":[[75.774416,26.843986],[75.774403,26.844067]]},"properties":{"category":"carriageway"}},{"type":"Feature","geometry":{"type":"LineString","coordinates":[[75.774348,26.844085],[75.774325,26.844016]]},"properties":{"category":"carriageway"}},{"type":"Feature","geometry":{"type":"LineString","coordinates":[[75.774325,26.844016],[75.774296,26.843993],[75.774059,26.844013],[75.772127,26.844255],[75.77202,26.844407]]},"properties":{"category":"carriageway"}},{"type":"Feature","geometry":{"type":"LineString","coordinates":[[75.771984,26.844381],[75.771994,26.844273],[75.771715,26.844237],[75.77165,26.844259]]},"properties":{"category":"carriageway"}},{"type":"Feature","geometry":{"type":"LineString","coordinates":[[75.77165,26.844259],[75.771629,26.844326]]},"properties":{"category":"carriageway"}},{"type":"Feature","geometry":{"type":"LineString","coordinates":[[75.771579,26.844338],[75.771609,26.844271]]},"properties":{"category":"carriageway"}},{"type":"Feature","geometry":{"type":"LineString","coordinates":[[75.771609,26.844271],[75.771117,26.844216],[75.770744,26.844227],[75.770839,26.844845],[75.770826,26.845024],[75.770222,26.846311],[75.770197,26.846386],[75.770238,26.846412]]},"properties":{"category":"carriageway"}},{"type":"Feature","geometry":{"type":"LineString","coordinates":[[75.775775,26.847378],[75.775833,26.847421],[75.775822,26.847456],[75.775726,26.847639],[75.775604,26.847777]]},"properties":{"category":"carriageway"}},{"type":"Feature","geometry":{"type":"LineString","coordinates":[[75.775604,26.847777],[75.77554,26.847723]]},"properties":{"category":"carriageway"}},{"type":"Feature","geometry":{"type":"LineString","coordinates":[[75.775585,26.847799],[75.775518,26.847744]]},"properties":{"category":"carriageway"}},{"type":"Feature","geometry":{"type":"LineString","coordinates":[[75.775585,26.847799],[75.774837,26.848551],[75.774683,26.848654],[75.773966,26.849342],[75.773773,26.849315],[75.772046,26.848664]]},"properties":{"category":"carriageway"}},{"type":"Feature","geometry":{"type":"LineString","coordinates":[[75.776835,26.845897],[75.776758,26.845865],[75.776695,26.845965],[75.776015,26.847408],[75.775805,26.847747],[75.775817,26.847771],[75.775868,26.847754],[75.776004,26.847667]]},"properties":{"category":"carriageway"}},{"type":"Feature","geometry":{"type":"LineString","coordinates":[[75.764576,26.867159],[75.764568,26.8672]]},"properties":{"category":"carriageway"}},{"type":"Feature","geometry":{"type":"LineString","coordinates":[[75.764617,26.867162],[75.764618,26.867207]]},"properties":{"category":"carriageway"}},{"type":"Feature","geometry":{"type":"LineString","coordinates":[[75.764568,26.8672],[75.764517,26.867193],[75.764531,26.867119]]},"properties":{"category":"carriageway"}},{"type":"Feature","geometry":{"type":"LineString","coordinates":[[75.762889,26.867554],[75.762965,26.867639],[75.762961,26.867688],[75.762489,26.867991],[75.762419,26.867978]]},"properties":{"category":"carriageway"}},{"type":"Feature","geometry":{"type":"LineString","coordinates":[[75.762391,26.867988],[75.762424,26.868044],[75.762207,26.868287],[75.762177,26.868301],[75.762094,26.868268]]},"properties":{"category":"carriageway"}},{"type":"Feature","geometry":{"type":"LineString","coordinates":[[75.762079,26.868284],[75.762117,26.868333],[75.761871,26.868597],[75.761787,26.868571]]},"properties":{"category":"carriageway"}},{"type":"Feature","geometry":{"type":"LineString","coordinates":[[75.761768,26.86859],[75.761832,26.868629],[75.761821,26.868651],[75.76156,26.868898],[75.761497,26.868873]]},"properties":{"category":"carriageway"}},{"type":"Feature","geometry":{"type":"LineString","coordinates":[[75.76151,26.868909],[75.761526,26.868941],[75.76125,26.8692],[75.761082,26.869154]]},"properties":{"category":"carriageway"}},{"type":"Feature","geometry":{"type":"LineString","coordinates":[[75.761065,26.869192],[75.761194,26.869249],[75.761191,26.869273],[75.761104,26.869354],[75.760931,26.869614],[75.760448,26.870513],[75.760418,26.870532],[75.760305,26.870487]]},"properties":{"category":"carriageway"}},{"type":"Feature","geometry":{"type":"LineString","coordinates":[[75.760343,26.870553],[75.760401,26.870612],[75.760277,26.870889],[75.760219,26.870884]]},"properties":{"category":"carriageway"}},{"type":"Feature","geometry":{"type":"LineString","coordinates":[[75.760212,26.870917],[75.760252,26.87097],[75.760152,26.87125],[75.760055,26.871223]]},"properties":{"category":"carriageway"}},{"type":"Feature","geometry":{"type":"LineString","coordinates":[[75.760063,26.871262],[75.760123,26.871326],[75.760016,26.871593],[75.75992,26.87157]]},"properties":{"category":"carriageway"}},{"type":"Feature","geometry":{"type":"LineString","coordinates":[[75.759902,26.871603],[75.759996,26.871662],[75.759912,26.871943],[75.759832,26.871941]]},"properties":{"category":"carriageway"}},{"type":"Feature","geometry":{"type":"LineString","coordinates":[[75.759811,26.87197],[75.759894,26.872013],[75.759795,26.872313],[75.759717,26.872303]]},"properties":{"category":"carriageway"}},{"type":"Feature","geometry":{"type":"LineString","coordinates":[[75.759699,26.872325],[75.75977,26.872362],[75.759712,26.872668],[75.759623,26.872672]]},"properties":{"category":"carriageway"}},{"type":"Feature","geometry":{"type":"LineString","coordinates":[[75.759614,26.872695],[75.759677,26.872732],[75.759614,26.873067],[75.759585,26.873085],[75.759489,26.873044]]},"properties":{"category":"carriageway"}},{"type":"Feature","geometry":{"type":"LineString","coordinates":[[75.759394,26.873161],[75.759563,26.873215],[75.759566,26.873238],[75.759506,26.87349],[75.759421,26.873469]]},"properties":{"category":"carriageway"}},{"type":"Feature","geometry":{"type":"LineString","coordinates":[[75.759398,26.873501],[75.759485,26.873555],[75.759306,26.874056],[75.759237,26.874043]]},"properties":{"category":"carriageway"}},{"type":"Feature","geometry":{"type":"LineString","coordinates":[[75.75923,26.874071],[75.759287,26.874082],[75.75927,26.874143],[75.759185,26.874374],[75.75913,26.874371]]},"properties":{"category":"carriageway"}},{"type":"Feature","geometry":{"type":"LineString","coordinates":[[75.759111,26.874385],[75.759165,26.874417],[75.759119,26.874594],[75.758928,26.875102],[75.75885,26.875119]]},"properties":{"category":"carriageway"}},{"type":"Feature","geometry":{"type":"LineString","coordinates":[[75.758829,26.875138],[75.758898,26.875164],[75.758865,26.875302],[75.758809,26.875456],[75.75873,26.87545]]},"properties":{"category":"carriageway"}},{"type":"Feature","geometry":{"type":"LineString","coordinates":[[75.758737,26.875476],[75.758792,26.875502],[75.758723,26.875776],[75.758632,26.875773]]},"properties":{"category":"carriageway"}},{"type":"Feature","geometry":{"type":"LineString","coordinates":[[75.758637,26.875804],[75.758691,26.875856],[75.758537,26.87638],[75.758471,26.876417],[75.758379,26.876395]]},"properties":{"category":"carriageway"}},{"type":"Feature","geometry":{"type":"LineString","coordinates":[[75.75833,26.876448],[75.758468,26.876495],[75.758508,26.876538],[75.758389,26.876712],[75.758114,26.87733]]},"properties":{"category":"carriageway"}},{"type":"Feature","geometry":{"type":"LineString","coordinates":[[75.758114,26.87733],[75.757719,26.8781]]},"properties":{"category":"carriageway"}},{"type":"Feature","geometry":{"type":"LineString","coordinates":[[75.757719,26.8781],[75.757648,26.878132],[75.757468,26.87809],[75.756383,26.877707],[75.755955,26.877679],[75.755926,26.877564]]},"properties":{"category":"carriageway"}},{"type":"Feature","geometry":{"type":"LineString","coordinates":[[75.75785,26.878197],[75.75828,26.877349]]},"properties":{"category":"carriageway"}},{"type":"Feature","geometry":{"type":"LineString","coordinates":[[75.75828,26.877349],[75.758553,26.876803],[75.758765,26.876283]]},"properties":{"category":"carriageway"}},{"type":"Feature","geometry":{"type":"LineString","coordinates":[[75.759351,26.874981],[75.759181,26.874929],[75.759448,26.874213],[75.759662,26.874242]]},"properties":{"category":"carriageway"}},{"type":"Feature","geometry":{"type":"LineString","coordinates":[[75.759635,26.874113],[75.75953,26.874077],[75.759518,26.874005],[75.759645,26.873649],[75.760137,26.871782],[75.760554,26.870695],[75.761067,26.869723],[75.761236,26.869457],[75.761384,26.8693],[75.761594,26.86932]]},"properties":{"category":"carriageway"}},{"type":"Feature","geometry":{"type":"LineString","coordinates":[[75.76163,26.86925],[75.761539,26.869205],[75.761538,26.869142],[75.761806,26.868867],[75.761959,26.868747],[75.761987,26.868794],[75.761986,26.868908]]},"properties":{"category":"carriageway"}},{"type":"Feature","geometry":{"type":"LineString","coordinates":[[75.762042,26.868919],[75.762094,26.86863],[75.762547,26.868147],[75.763037,26.867831],[75.763103,26.867851],[75.763219,26.867977]]},"properties":{"category":"carriageway"}},{"type":"Feature","geometry":{"type":"LineString","coordinates":[[75.763239,26.867963],[75.763136,26.867828],[75.763138,26.867779],[75.763636,26.867467],[75.763929,26.86734],[75.765811,26.867421],[75.765846,26.867448],[75.765849,26.867559]]},"properties":{"category":"carriageway"}},{"type":"Feature","geometry":{"type":"LineString","coordinates":[[75.765953,26.867501],[75.765964,26.86744],[75.766004,26.867425],[75.767191,26.867466],[75.767198,26.867629]]},"properties":{"category":"carriageway"}},{"type":"Feature","geometry":{"type":"LineString","coordinates":[[75.767258,26.867546],[75.767273,26.86747],[75.767728,26.86749],[75.768803,26.867353],[75.768833,26.867369],[75.768853,26.867481]]},"properties":{"category":"carriageway"}},{"type":"Feature","geometry":{"type":"LineString","coordinates":[[75.768932,26.867493],[75.768929,26.867351],[75.768993,26.867332],[75.769819,26.867153],[75.769888,26.867249]]},"properties":{"category":"carriageway"}},{"type":"Feature","geometry":{"type":"LineString","coordinates":[[75.769938,26.867163],[75.769924,26.867126],[75.770341,26.866963],[75.770528,26.866902],[75.770567,26.866955]]},"properties":{"category":"carriageway"}},{"type":"Feature","geometry":{"type":"LineString","coordinates":[[75.770644,26.86692],[75.770673,26.866849],[75.771027,26.866678],[75.7713,26.866489],[75.771348,26.86652],[75.771362,26.866611]]},"properties":{"category":"carriageway"}},{"type":"Feature","geometry":{"type":"LineString","coordinates":[[75.771441,26.866574],[75.771494,26.86637],[75.771777,26.866153],[75.771835,26.866146],[75.772003,26.866205]]},"properties":{"category":"carriageway"}},{"type":"Feature","geometry":{"type":"LineString","coordinates":[[75.758765,26.876283],[75.75893,26.876317]]},"properties":{"category":"carriageway"}},{"type":"Feature","geometry":{"type":"LineString","coordinates":[[75.758772,26.876258],[75.758937,26.876292]]},"properties":{"category":"carriageway"}},{"type":"Feature","geometry":{"type":"LineString","coordinates":[[75.758772,26.876258],[75.759161,26.874985],[75.759329,26.875014]]},"properties":{"category":"carriageway"}},{"type":"Feature","geometry":{"type":"LineString","coordinates":[[75.773629,26.85066],[75.773661,26.850763]]},"properties":{"category":"carriageway"}},{"type":"Feature","geometry":{"type":"LineString","coordinates":[[75.747872,26.876968],[75.748052,26.876968],[75.749405,26.877444],[75.750192,26.877696],[75.750926,26.877892],[75.752386,26.878028],[75.753148,26.878059],[75.754295,26.877941],[75.756204,26.877864],[75.756419,26.877903],[75.757384,26.878236],[75.757497,26.878345],[75.757515,26.87849]]},"properties":{"category":"carriageway"}},{"type":"Feature","geometry":{"type":"LineString","coordinates":[[75.747764,26.876601],[75.747813,26.876655],[75.748609,26.876961],[75.748691,26.876986],[75.748722,26.87696]]},"properties":{"category":"carriageway"}},{"type":"Feature","geometry":{"type":"LineString","coordinates":[[75.748746,26.876977],[75.748745,26.877009],[75.749055,26.877129],[75.74912,26.877146],[75.749152,26.877098]]},"properties":{"category":"carriageway"}},{"type":"Feature","geometry":{"type":"LineString","coordinates":[[75.749176,26.877121],[75.749175,26.877173],[75.749357,26.877247],[75.749543,26.877302],[75.749565,26.877267]]},"properties":{"category":"carriageway"}},{"type":"Feature","geometry":{"type":"LineString","coordinates":[[75.749605,26.877277],[75.749602,26.87733],[75.750049,26.877479],[75.750505,26.877607],[75.750543,26.877554]]},"properties":{"category":"carriageway"}},{"type":"Feature","geometry":{"type":"LineString","coordinates":[[75.750575,26.877558],[75.750564,26.877632],[75.751007,26.877738],[75.752531,26.877865],[75.752653,26.87777],[75.752673,26.877711],[75.752693,26.877448],[75.752616,26.877427]]},"properties":{"category":"carriageway"}},{"type":"Feature","geometry":{"type":"LineString","coordinates":[[75.755891,26.877631],[75.755881,26.877706],[75.755434,26.877724],[75.755414,26.87761]]},"properties":{"category":"carriageway"}},{"type":"Feature","geometry":{"type":"LineString","coordinates":[[75.755369,26.877592],[75.755368,26.877729],[75.755326,26.877744],[75.754915,26.877748],[75.754898,26.877667]]},"properties":{"category":"carriageway"}},{"type":"Feature","geometry":{"type":"LineString","coordinates":[[75.754847,26.87766],[75.754836,26.877751],[75.753726,26.8778],[75.75331,26.87787],[75.753287,26.877766]]},"properties":{"category":"carriageway"}},{"type":"Feature","geometry":{"type":"LineString","coordinates":[[75.753244,26.877765],[75.753224,26.877897],[75.752939,26.877868],[75.752889,26.877841],[75.752833,26.877775],[75.752847,26.877485],[75.752859,26.877452],[75.752917,26.87745]]},"properties":{"category":"carriageway"}},{"type":"Feature","geometry":{"type":"LineString","coordinates":[[75.769271,26.848418],[75.769536,26.84785],[75.769985,26.847994],[75.769952,26.8481]]},"properties":{"category":"carriageway"}},{"type":"Feature","geometry":{"type":"LineString","coordinates":[[75.769988,26.848112],[75.770057,26.848018],[75.771681,26.848617],[75.771841,26.848687],[75.771797,26.848817]]},"properties":{"category":"carriageway"}},{"type":"Feature","geometry":{"type":"LineString","coordinates":[[75.771831,26.848827],[75.771892,26.848731],[75.771958,26.848719],[75.772268,26.848842],[75.772251,26.848923]]},"properties":{"category":"carriageway"}},{"type":"Feature","geometry":{"type":"LineString","coordinates":[[75.772283,26.848937],[75.772322,26.848877],[75.772358,26.848875],[75.773533,26.849315]]},"properties":{"category":"carriageway"}},{"type":"Feature","geometry":{"type":"LineString","coordinates":[[75.769538,26.847409],[75.769434,26.847647],[75.769333,26.847651],[75.766184,26.846488]]},"properties":{"category":"carriageway"}},{"type":"Feature","geometry":{"type":"LineString","coordinates":[[75.764985,26.846225],[75.765076,26.846208],[75.765376,26.846299]]},"properties":{"category":"carriageway"}},{"type":"Feature","geometry":{"type":"LineString","coordinates":[[75.769342,26.847774],[75.769368,26.847824],[75.769218,26.848135]]},"properties":{"category":"carriageway"}},{"type":"Feature","geometry":{"type":"LineString","coordinates":[[75.772105,26.848566],[75.772046,26.848664]]},"properties":{"category":"carriageway"}},{"type":"Feature","geometry":{"type":"LineString","coordinates":[[75.772053,26.848551],[75.772,26.848647]]},"properties":{"category":"carriageway"}},{"type":"Feature","geometry":{"type":"LineString","coordinates":[[75.772,26.848647],[75.770538,26.848094]]},"properties":{"category":"carriageway"}},{"type":"Feature","geometry":{"type":"LineString","coordinates":[[75.770557,26.847997],[75.770506,26.848082]]},"properties":{"category":"carriageway"}},{"type":"Feature","geometry":{"type":"LineString","coordinates":[[75.770581,26.848006],[75.770538,26.848094]]},"properties":{"category":"carriageway"}},{"type":"Feature","geometry":{"type":"LineString","coordinates":[[75.770506,26.848082],[75.769591,26.847714],[75.77006,26.846663],[75.77017,26.846446],[75.770208,26.846446]]},"properties":{"category":"carriageway"}},{"type":"Feature","geometry":{"type":"LineString","coordinates":[[75.773533,26.849315],[75.773445,26.84951]]},"properties":{"category":"carriageway"}},{"type":"Feature","geometry":{"type":"LineString","coordinates":[[75.773483,26.849521],[75.773538,26.849379],[75.773584,26.849334]]},"properties":{"category":"carriageway"}},{"type":"Feature","geometry":{"type":"LineString","coordinates":[[75.773584,26.849334],[75.773771,26.849403]]},"properties":{"category":"carriageway"}},{"type":"Feature","geometry":{"type":"LineString","coordinates":[[75.766187,26.846398],[75.766151,26.846476]]},"properties":{"category":"carriageway"}},{"type":"Feature","geometry":{"type":"LineString","coordinates":[[75.766221,26.846408],[75.766184,26.846488]]},"properties":{"category":"carriageway"}},{"type":"Feature","geometry":{"type":"LineString","coordinates":[[75.766151,26.846476],[75.765066,26.846084],[75.765097,26.845982]]},"properties":{"category":"carriageway"}},{"type":"Feature","geometry":{"type":"LineString","coordinates":[[75.768254,26.84747],[75.768302,26.84737]]},"properties":{"category":"carriageway"}},{"type":"Feature","geometry":{"type":"LineString","coordinates":[[75.768283,26.847481],[75.768331,26.84738]]},"properties":{"category":"carriageway"}},{"type":"Feature","geometry":{"type":"LineString","coordinates":[[75.76833,26.847381],[75.769342,26.847774]]},"properties":{"category":"carriageway"}},{"type":"Feature","geometry":{"type":"LineString","coordinates":[[75.767927,26.847332],[75.767969,26.847243]]},"properties":{"category":"carriageway"}},{"type":"Feature","geometry":{"type":"LineString","coordinates":[[75.767894,26.847323],[75.767938,26.84723]]},"properties":{"category":"carriageway"}},{"type":"Feature","geometry":{"type":"LineString","coordinates":[[75.767969,26.847243],[75.768302,26.84737]]},"properties":{"category":"carriageway"}},{"type":"Feature","geometry":{"type":"LineString","coordinates":[[75.76703,26.846993],[75.767072,26.846904]]},"properties":{"category":"carriageway"}},{"type":"Feature","geometry":{"type":"LineString","coordinates":[[75.76706,26.847004],[75.767102,26.846915]]},"properties":{"category":"carriageway"}},{"type":"Feature","geometry":{"type":"LineString","coordinates":[[75.767102,26.846915],[75.767938,26.84723]]},"properties":{"category":"carriageway"}},{"type":"Feature","geometry":{"type":"LineString","coordinates":[[75.76667,26.84685],[75.766709,26.846767]]},"properties":{"category":"carriageway"}},{"type":"Feature","geometry":{"type":"LineString","coordinates":[[75.766706,26.846856],[75.766742,26.84678]]},"properties":{"category":"carriageway"}},{"type":"Feature","geometry":{"type":"LineString","coordinates":[[75.766742,26.84678],[75.767072,26.846904]]},"properties":{"category":"carriageway"}},{"type":"Feature","geometry":{"type":"LineString","coordinates":[[75.765379,26.846374],[75.765406,26.84631]]},"properties":{"category":"carriageway"}},{"type":"Feature","geometry":{"type":"LineString","coordinates":[[75.765348,26.846363],[75.765376,26.846299]]},"properties":{"category":"carriageway"}},{"type":"Feature","geometry":{"type":"LineString","coordinates":[[75.765406,26.84631],[75.766709,26.846767]]},"properties":{"category":"carriageway"}},{"type":"Feature","geometry":{"type":"LineString","coordinates":[[75.769907,26.841519],[75.77006,26.841577],[75.770134,26.841647],[75.770177,26.841953],[75.770106,26.841951]]},"properties":{"category":"carriageway"}},{"type":"Feature","geometry":{"type":"LineString","coordinates":[[75.770139,26.841998],[75.77018,26.842013],[75.770197,26.842058],[75.770306,26.842696],[75.77027,26.842704]]},"properties":{"category":"carriageway"}},{"type":"Feature","geometry":{"type":"LineString","coordinates":[[75.770257,26.842733],[75.770319,26.842766],[75.770387,26.843183],[75.770317,26.843384]]},"properties":{"category":"carriageway"}},{"type":"Feature","geometry":{"type":"LineString","coordinates":[[75.770355,26.843377],[75.770415,26.843353],[75.770461,26.843585],[75.770506,26.843862],[75.770452,26.843897]]},"properties":{"category":"carriageway"}},{"type":"Feature","geometry":{"type":"LineString","coordinates":[[75.770456,26.843934],[75.77052,26.843951],[75.770556,26.844173],[75.770532,26.844216],[75.770465,26.84424]]},"properties":{"category":"carriageway"}},{"type":"Feature","geometry":{"type":"LineString","coordinates":[[75.770469,26.844276],[75.770585,26.844307],[75.770666,26.844776],[75.770661,26.84501],[75.77045,26.845478],[75.770393,26.845467]]},"properties":{"category":"carriageway"}},{"type":"Feature","geometry":{"type":"LineString","coordinates":[[75.770371,26.845491],[75.770422,26.845534],[75.770273,26.845842],[75.770196,26.845827]]},"properties":{"category":"carriageway"}},{"type":"Feature","geometry":{"type":"LineString","coordinates":[[75.770216,26.845856],[75.770249,26.845883],[75.769586,26.847307],[75.76952,26.847288]]},"properties":{"category":"carriageway"}},{"type":"Feature","geometry":{"type":"LineString","coordinates":[[75.769488,26.847309],[75.769555,26.847342],[75.769538,26.847409]]},"properties":{"category":"carriageway"}},{"type":"Feature","geometry":{"type":"LineString","coordinates":[[75.777103,26.839971],[75.777227,26.840708],[75.777104,26.839971]]},"properties":{"category":"carriageway"}},{"type":"Feature","geometry":{"type":"LineString","coordinates":[[75.777258,26.840824],[75.777315,26.841252],[75.777335,26.841254],[75.777261,26.840831]]},"properties":{"category":"carriageway"}},{"type":"Feature","geometry":{"type":"LineString","coordinates":[[75.777614,26.843717],[75.777506,26.843955]]},"properties":{"category":"carriageway"}},{"type":"Feature","geometry":{"type":"LineString","coordinates":[[75.776648,26.845918],[75.776647,26.845889],[75.776627,26.845915],[75.775936,26.847382],[75.776,26.847296],[75.776601,26.846016]]},"properties":{"category":"carriageway"}},{"type":"Feature","geometry":{"type":"LineString","coordinates":[[75.775464,26.848047],[75.774246,26.849242],[75.775469,26.848049]]},"properties":{"category":"carriageway"}},{"type":"Feature","geometry":{"type":"LineString","coordinates":[[75.773733,26.849339],[75.77203,26.848698],[75.773618,26.849298]]},"properties":{"category":"carriageway"}},{"type":"Feature","geometry":{"type":"LineString","coordinates":[[75.773844,26.849574],[75.773538,26.850463],[75.773551,26.85069],[75.773555,26.85046],[75.773853,26.849578]]},"properties":{"category":"carriageway"}},{"type":"Feature","geometry":{"type":"LineString","coordinates":[[75.773577,26.850759],[75.773721,26.85174],[75.77374,26.851739],[75.773584,26.850795]]},"properties":{"category":"carriageway"}},{"type":"Feature","geometry":{"type":"LineString","coordinates":[[75.773745,26.852025],[75.773605,26.852621],[75.773373,26.854373],[75.773623,26.85263],[75.773747,26.852031]]},"properties":{"category":"carriageway"}},{"type":"Feature","geometry":{"type":"LineString","coordinates":[[75.773321,26.854652],[75.773066,26.856106],[75.773324,26.854647]]},"properties":{"category":"carriageway"}},{"type":"Feature","geometry":{"type":"LineString","coordinates":[[75.773048,26.856325],[75.773035,26.856434],[75.773206,26.857729],[75.773049,26.856356]]},"properties":{"category":"carriageway"}},{"type":"Feature","geometry":{"type":"LineString","coordinates":[[75.773217,26.857815],[75.773233,26.857948]]},"properties":{"category":"carriageway"}},{"type":"Feature","geometry":{"type":"LineString","coordinates":[[75.773362,26.859029],[75.773498,26.860321],[75.773367,26.859059]]},"properties":{"category":"carriageway"}},{"type":"Feature","geometry":{"type":"LineString","coordinates":[[75.773523,26.86038],[75.773648,26.861595],[75.773668,26.861594],[75.773525,26.860407]]},"properties":{"category":"carriageway"}},{"type":"Feature","geometry":{"type":"LineString","coordinates":[[75.773681,26.861848],[75.773726,26.862152],[75.773699,26.861846]]},"properties":{"category":"carriageway"}},{"type":"Feature","geometry":{"type":"LineString","coordinates":[[75.773742,26.862203],[75.773853,26.86332],[75.773837,26.863465],[75.773757,26.863683],[75.773542,26.86406],[75.773151,26.864624],[75.773391,26.864329],[75.773555,26.86407],[75.773768,26.863698],[75.773853,26.863474],[75.773864,26.863241],[75.773751,26.862285]]},"properties":{"category":"carriageway"}},{"type":"Feature","geometry":{"type":"LineString","coordinates":[[75.772972,26.864877],[75.772609,26.865294],[75.772077,26.865744],[75.772558,26.865366],[75.772908,26.864957]]},"properties":{"category":"carriageway"}},{"type":"Feature","geometry":{"type":"LineString","coordinates":[[75.771655,26.866094],[75.771187,26.866464],[75.770581,26.866791],[75.770835,26.866686],[75.771147,26.866507],[75.771654,26.866102]]},"properties":{"category":"carriageway"}},{"type":"Feature","geometry":{"type":"LineString","coordinates":[[75.770084,26.866979],[75.76917,26.867217],[75.767817,26.867388],[75.763895,26.867269],[75.763762,26.867303],[75.763246,26.867613],[75.763777,26.867314],[75.763941,26.867281],[75.767804,26.867405],[75.769236,26.867222],[75.77008,26.866989]]},"properties":{"category":"carriageway"}},{"type":"Feature","geometry":{"type":"LineString","coordinates":[[75.762971,26.867792],[75.762749,26.867907],[75.762437,26.868141],[75.761416,26.869169],[75.762447,26.868153],[75.762934,26.867815]]},"properties":{"category":"carriageway"}},{"type":"Feature","geometry":{"type":"LineString","coordinates":[[75.761273,26.869301],[75.761115,26.869469],[75.760435,26.870713],[75.760011,26.871841],[75.759698,26.873047],[75.760027,26.871851],[75.760493,26.870616],[75.761096,26.869531],[75.761275,26.869303]]},"properties":{"category":"carriageway"}},{"type":"Feature","geometry":{"type":"LineString","coordinates":[[75.759652,26.873333],[75.759637,26.873319],[75.75895,26.875263],[75.758621,26.876397],[75.75864,26.876397],[75.758967,26.875267],[75.759643,26.873361]]},"properties":{"category":"carriageway"}},{"type":"Feature","geometry":{"type":"LineString","coordinates":[[75.758509,26.876694],[75.757773,26.878156],[75.757793,26.878158],[75.75825,26.87726],[75.758499,26.876717]]},"properties":{"category":"carriageway"}},{"type":"Feature","geometry":{"type":"LineString","coordinates":[[75.757422,26.878161],[75.757424,26.878136],[75.756418,26.877793],[75.756207,26.877759],[75.756021,26.877758],[75.756015,26.877784],[75.756217,26.877784],[75.756445,26.877825],[75.75741,26.878158]]},"properties":{"category":"carriageway"}},{"type":"Feature","geometry":{"type":"LineString","coordinates":[[75.75581,26.877792],[75.753991,26.877867],[75.753122,26.877977],[75.752821,26.877978],[75.752809,26.877953],[75.753118,26.877952],[75.753987,26.877845],[75.75582,26.877769],[75.755824,26.877792]]},"properties":{"category":"carriageway"}},{"type":"Feature","geometry":{"type":"LineString","coordinates":[[75.752588,26.877938],[75.750971,26.877792],[75.749518,26.87737],[75.749503,26.877386],[75.750966,26.877815],[75.751311,26.877863],[75.752592,26.877948]]},"properties":{"category":"carriageway"}},{"type":"Feature","geometry":{"type":"LineString","coordinates":[[75.749415,26.877357],[75.749443,26.877343],[75.747908,26.876766],[75.747745,26.876733],[75.74774,26.876759],[75.747888,26.876786],[75.749147,26.877257]]},"properties":{"category":"carriageway"}},{"type":"Feature","geometry":{"type":"LineString","coordinates":[[75.768483,26.849462],[75.768576,26.849509],[75.768411,26.849851],[75.768356,26.849844]]},"properties":{"category":"carriageway"}},{"type":"Feature","geometry":{"type":"LineString","coordinates":[[75.768316,26.849875],[75.768384,26.849935],[75.768219,26.850384],[75.768072,26.850349]]},"properties":{"category":"carriageway"}},{"type":"Feature","geometry":{"type":"LineString","coordinates":[[75.768094,26.850409],[75.768196,26.850449],[75.768086,26.850753],[75.767593,26.851757],[75.767554,26.851775],[75.76747,26.851753]]},"properties":{"category":"carriageway"}},{"type":"Feature","geometry":{"type":"LineString","coordinates":[[75.767436,26.851774],[75.767547,26.851829],[75.767405,26.852164],[75.76734,26.852149]]},"properties":{"category":"carriageway"}},{"type":"Feature","geometry":{"type":"LineString","coordinates":[[75.767264,26.852237],[75.767349,26.852281],[75.767314,26.852378],[75.766897,26.853195],[75.766813,26.853186]]},"properties":{"category":"carriageway"}},{"type":"Feature","geometry":{"type":"LineString","coordinates":[[75.766786,26.853215],[75.766857,26.853246],[75.766292,26.854368],[75.766222,26.854555],[75.766202,26.854932],[75.766128,26.854941]]},"properties":{"category":"carriageway"}},{"type":"Feature","geometry":{"type":"LineString","coordinates":[[75.766107,26.854989],[75.766199,26.855018],[75.7662,26.855328],[75.766149,26.855335]]},"properties":{"category":"carriageway"}},{"type":"Feature","geometry":{"type":"LineString","coordinates":[[75.766135,26.855369],[75.7662,26.855382],[75.766205,26.855749],[75.766199,26.856009],[75.76613,26.856023]]},"properties":{"category":"carriageway"}},{"type":"Feature","geometry":{"type":"LineString","coordinates":[[75.766117,26.856051],[75.766194,26.856057],[75.766199,26.856513],[75.76619,26.857372],[75.766115,26.857381]]},"properties":{"category":"carriageway"}},{"type":"Feature","geometry":{"type":"LineString","coordinates":[[75.7661,26.857413],[75.766186,26.857427],[75.766189,26.857455],[75.766172,26.858146],[75.765622,26.858743],[75.765577,26.858741],[75.765527,26.85868]]},"properties":{"category":"carriageway"}},{"type":"Feature","geometry":{"type":"LineString","coordinates":[[75.765373,26.85869],[75.765429,26.858834],[75.76543,26.858903],[75.76538,26.859001],[75.764781,26.859655]]},"properties":{"category":"carriageway"}},{"type":"Feature","geometry":{"type":"LineString","coordinates":[[75.764781,26.859655],[75.764282,26.860117]]},"properties":{"category":"carriageway"}},{"type":"Feature","geometry":{"type":"LineString","coordinates":[[75.764282,26.860117],[75.763672,26.860703],[75.763552,26.860658]]},"properties":{"category":"carriageway"}},{"type":"Feature","geometry":{"type":"LineString","coordinates":[[75.763139,26.860739],[75.76317,26.860709],[75.763199,26.860728],[75.763444,26.860949],[75.763114,26.861308]]},"properties":{"category":"carriageway"}},{"type":"Feature","geometry":{"type":"LineString","coordinates":[[75.763114,26.861308],[75.763052,26.86128]]},"properties":{"category":"carriageway"}},{"type":"Feature","geometry":{"type":"LineString","coordinates":[[75.763047,26.861302],[75.763075,26.861356]]},"properties":{"category":"carriageway"}},{"type":"Feature","geometry":{"type":"LineString","coordinates":[[75.763075,26.861356],[75.762844,26.861588],[75.762769,26.861552]]},"properties":{"category":"carriageway"}},{"type":"Feature","geometry":{"type":"LineString","coordinates":[[75.762743,26.861569],[75.7628,26.861628]]},"properties":{"category":"carriageway"}},{"type":"Feature","geometry":{"type":"LineString","coordinates":[[75.7628,26.861628],[75.762561,26.861873],[75.762472,26.861818]]},"properties":{"category":"carriageway"}},{"type":"Feature","geometry":{"type":"LineString","coordinates":[[75.762449,26.861844],[75.762525,26.861926],[75.762419,26.862016],[75.762375,26.861987]]},"properties":{"category":"carriageway"}},{"type":"Feature","geometry":{"type":"LineString","coordinates":[[75.762346,26.861991],[75.762384,26.862048],[75.761916,26.862353],[75.761336,26.862606],[75.761269,26.862517]]},"properties":{"category":"carriageway"}},{"type":"Feature","geometry":{"type":"LineString","coordinates":[[75.761258,26.86255],[75.761278,26.862636],[75.760917,26.862779],[75.760873,26.862716]]},"properties":{"category":"carriageway"}},{"type":"Feature","geometry":{"type":"LineString","coordinates":[[75.760844,26.862738],[75.760857,26.862797],[75.760238,26.863033],[75.760207,26.862992]]},"properties":{"category":"carriageway"}},{"type":"Feature","geometry":{"type":"LineString","coordinates":[[75.760158,26.862986],[75.760173,26.863051],[75.760014,26.863125],[75.759854,26.863184],[75.759813,26.863123]]},"properties":{"category":"carriageway"}},{"type":"Feature","geometry":{"type":"LineString","coordinates":[[75.759795,26.863144],[75.759812,26.863192],[75.75951,26.863311],[75.759468,26.863248]]},"properties":{"category":"carriageway"}},{"type":"Feature","geometry":{"type":"LineString","coordinates":[[75.759457,26.863274],[75.759467,26.863325],[75.758963,26.863516],[75.758888,26.863582],[75.758772,26.863804],[75.758703,26.863793]]},"properties":{"category":"carriageway"}},{"type":"Feature","geometry":{"type":"LineString","coordinates":[[75.758681,26.863817],[75.758746,26.863849],[75.758691,26.863978],[75.75861,26.864137],[75.75854,26.86411]]},"properties":{"category":"carriageway"}},{"type":"Feature","geometry":{"type":"LineString","coordinates":[[75.758539,26.86414],[75.758591,26.864175],[75.758578,26.864235],[75.75851,26.864351],[75.758448,26.864329]]},"properties":{"category":"carriageway"}},{"type":"Feature","geometry":{"type":"LineString","coordinates":[[75.758437,26.864364],[75.758491,26.864389],[75.758343,26.864686],[75.758217,26.864638]]},"properties":{"category":"carriageway"}},{"type":"Feature","geometry":{"type":"LineString","coordinates":[[75.758222,26.864785],[75.758277,26.86482],[75.758143,26.8651],[75.758026,26.865068]]},"properties":{"category":"carriageway"}},{"type":"Feature","geometry":{"type":"LineString","coordinates":[[75.758053,26.865101],[75.758122,26.865135],[75.757989,26.865405],[75.757892,26.86536]]},"properties":{"category":"carriageway"}},{"type":"Feature","geometry":{"type":"LineString","coordinates":[[75.75787,26.865385],[75.757967,26.865444],[75.757883,26.86562],[75.757837,26.865695],[75.757737,26.86565]]},"properties":{"category":"carriageway"}},{"type":"Feature","geometry":{"type":"LineString","coordinates":[[75.757716,26.865675],[75.757821,26.865745],[75.757703,26.865984],[75.757582,26.865949]]},"properties":{"category":"carriageway"}},{"type":"Feature","geometry":{"type":"LineString","coordinates":[[75.757574,26.865976],[75.757678,26.866039],[75.757558,26.866263],[75.757476,26.86624]]},"properties":{"category":"carriageway"}},{"type":"Feature","geometry":{"type":"LineString","coordinates":[[75.757455,26.866282],[75.757535,26.866319],[75.757413,26.866578],[75.757293,26.866545]]},"properties":{"category":"carriageway"}},{"type":"Feature","geometry":{"type":"LineString","coordinates":[[75.75728,26.866567],[75.757384,26.866611],[75.757252,26.866883],[75.757135,26.866842]]},"properties":{"category":"carriageway"}},{"type":"Feature","geometry":{"type":"LineString","coordinates":[[75.757126,26.866873],[75.757227,26.866928],[75.757133,26.867115],[75.757091,26.86718],[75.756983,26.867133]]},"properties":{"category":"carriageway"}},{"type":"Feature","geometry":{"type":"LineString","coordinates":[[75.756972,26.867163],[75.757081,26.867245],[75.756964,26.867485],[75.756846,26.867447]]},"properties":{"category":"carriageway"}},{"type":"Feature","geometry":{"type":"LineString","coordinates":[[75.756823,26.867488],[75.756924,26.867557],[75.756601,26.868191]]},"properties":{"category":"carriageway"}},{"type":"Feature","geometry":{"type":"LineString","coordinates":[[75.756143,26.86891],[75.756232,26.868944],[75.75623,26.868966],[75.756052,26.86932],[75.755974,26.869289]]},"properties":{"category":"carriageway"}},{"type":"Feature","geometry":{"type":"LineString","coordinates":[[75.755961,26.869315],[75.756034,26.869363],[75.755853,26.869711],[75.755792,26.869689]]},"properties":{"category":"carriageway"}},{"type":"Feature","geometry":{"type":"LineString","coordinates":[[75.75579,26.869721],[75.755836,26.869742],[75.755696,26.870051],[75.755658,26.870115],[75.755612,26.870099]]},"properties":{"category":"carriageway"}},{"type":"Feature","geometry":{"type":"LineString","coordinates":[[75.755601,26.870114],[75.755646,26.870141],[75.75546,26.87052]]},"properties":{"category":"carriageway"}},{"type":"Feature","geometry":{"type":"LineString","coordinates":[[75.754923,26.871353],[75.755007,26.871429],[75.754826,26.871765],[75.754751,26.871734]]},"properties":{"category":"carriageway"}},{"type":"Feature","geometry":{"type":"LineString","coordinates":[[75.75477,26.871776],[75.754804,26.871803],[75.754631,26.872159],[75.754403,26.87262],[75.754363,26.872606]]},"properties":{"category":"carriageway"}},{"type":"Feature","geometry":{"type":"LineString","coordinates":[[75.75435,26.872635],[75.754389,26.872657],[75.754243,26.872948],[75.7542,26.87294]]},"properties":{"category":"carriageway"}},{"type":"Feature","geometry":{"type":"LineString","coordinates":[[75.754183,26.872972],[75.754224,26.872996],[75.754028,26.87339],[75.753957,26.873367]]},"properties":{"category":"carriageway"}},{"type":"Feature","geometry":{"type":"LineString","coordinates":[[75.753936,26.873392],[75.754006,26.873437],[75.753233,26.875045],[75.753129,26.875024]]},"properties":{"category":"carriageway"}},{"type":"Feature","geometry":{"type":"LineString","coordinates":[[75.753146,26.875078],[75.7532,26.875113],[75.752979,26.875607],[75.75283,26.876312],[75.752753,26.876316]]},"properties":{"category":"carriageway"}},{"type":"Feature","geometry":{"type":"LineString","coordinates":[[75.752731,26.876344],[75.752821,26.876365],[75.752782,26.87668],[75.75273,26.876698]]},"properties":{"category":"carriageway"}},{"type":"Feature","geometry":{"type":"LineString","coordinates":[[75.75273,26.876698],[75.752672,26.876693]]},"properties":{"category":"carriageway"}},{"type":"Feature","geometry":{"type":"LineString","coordinates":[[75.752668,26.876718],[75.752769,26.876745],[75.752766,26.876821],[75.752711,26.877379],[75.752624,26.877399]]},"properties":{"category":"carriageway"}},{"type":"Feature","geometry":{"type":"LineString","coordinates":[[75.769271,26.848418],[75.768549,26.849947],[75.768633,26.849991]]},"properties":{"category":"carriageway"}},{"type":"Feature","geometry":{"type":"LineString","coordinates":[[75.768614,26.850039],[75.768522,26.85001],[75.768233,26.850822],[75.768292,26.850879]]},"properties":{"category":"carriageway"}},{"type":"Feature","geometry":{"type":"LineString","coordinates":[[75.768271,26.850918],[75.768192,26.850911],[75.767563,26.852203],[75.767575,26.852245],[75.767655,26.852287]]},"properties":{"category":"carriageway"}},{"type":"Feature","geometry":{"type":"LineString","coordinates":[[75.767559,26.85236],[75.767492,26.852354],[75.767465,26.852404],[75.767303,26.852742],[75.767338,26.852784]]},"properties":{"category":"carriageway"}},{"type":"Feature","geometry":{"type":"LineString","coordinates":[[75.767308,26.852809],[75.767267,26.852813],[75.767023,26.853276],[75.766896,26.853534],[75.766933,26.853567]]},"properties":{"category":"carriageway"}},{"type":"Feature","geometry":{"type":"LineString","coordinates":[[75.766907,26.853606],[75.766849,26.853609],[75.766439,26.854398],[75.76636,26.85472],[75.766363,26.85481],[75.766407,26.854835]]},"properties":{"category":"carriageway"}},{"type":"Feature","geometry":{"type":"LineString","coordinates":[[75.766401,26.8549],[75.766357,26.854917],[75.766354,26.856458],[75.766406,26.856492],[75.766519,26.856494]]},"properties":{"category":"carriageway"}},{"type":"Feature","geometry":{"type":"LineString","coordinates":[[75.766485,26.856565],[75.76638,26.856564],[75.766347,26.856634],[75.766344,26.857983],[75.766321,26.858182],[75.76624,26.858326],[75.765714,26.858894],[75.765788,26.85903]]},"properties":{"category":"carriageway"}},{"type":"Feature","geometry":{"type":"LineString","coordinates":[[75.765617,26.859167],[75.765556,26.859125],[75.765437,26.859186],[75.764898,26.85976]]},"properties":{"category":"carriageway"}},{"type":"Feature","geometry":{"type":"LineString","coordinates":[[75.764898,26.85976],[75.764917,26.859778],[75.764893,26.8598]]},"properties":{"category":"carriageway"}},{"type":"Feature","geometry":{"type":"LineString","coordinates":[[75.764329,26.860301],[75.763871,26.860732],[75.763829,26.860786],[75.763866,26.860825]]},"properties":{"category":"carriageway"}},{"type":"Feature","geometry":{"type":"LineString","coordinates":[[75.763615,26.86116],[75.763503,26.861118],[75.763249,26.861388],[75.763267,26.861442]]},"properties":{"category":"carriageway"}},{"type":"Feature","geometry":{"type":"LineString","coordinates":[[75.763232,26.861465],[75.763188,26.861448],[75.762681,26.861969],[75.762335,26.862273],[75.762368,26.862317]]},"properties":{"category":"carriageway"}},{"type":"Feature","geometry":{"type":"LineString","coordinates":[[75.762334,26.862343],[75.762252,26.862328],[75.76182,26.862562],[75.761199,26.862829],[75.761209,26.862879]]},"properties":{"category":"carriageway"}},{"type":"Feature","geometry":{"type":"LineString","coordinates":[[75.761173,26.862877],[75.761128,26.862843],[75.760843,26.862963],[75.760857,26.863004]]},"properties":{"category":"carriageway"}},{"type":"Feature","geometry":{"type":"LineString","coordinates":[[75.760813,26.863015],[75.760771,26.862985],[75.760246,26.863194],[75.760253,26.86323]]},"properties":{"category":"carriageway"}},{"type":"Feature","geometry":{"type":"LineString","coordinates":[[75.760235,26.863245],[75.760181,26.863214],[75.760103,26.863252],[75.760098,26.863286]]},"properties":{"category":"carriageway"}},{"type":"Feature","geometry":{"type":"LineString","coordinates":[[75.760087,26.863292],[75.760018,26.863276],[75.759073,26.863628],[75.758993,26.863718],[75.759029,26.863739]]},"properties":{"category":"carriageway"}},{"type":"Feature","geometry":{"type":"LineString","coordinates":[[75.758999,26.863762],[75.758965,26.863772],[75.758489,26.864747],[75.758608,26.864799]]},"properties":{"category":"carriageway"}},{"type":"Feature","geometry":{"type":"LineString","coordinates":[[75.758516,26.864902],[75.758419,26.864865],[75.757871,26.865996],[75.757853,26.866052],[75.757914,26.866082]]},"properties":{"category":"carriageway"}},{"type":"Feature","geometry":{"type":"LineString","coordinates":[[75.757908,26.86611],[75.757823,26.866094],[75.757702,26.866333],[75.757801,26.866399]]},"properties":{"category":"carriageway"}},{"type":"Feature","geometry":{"type":"LineString","coordinates":[[75.757789,26.866424],[75.757682,26.866377],[75.757645,26.866446],[75.757097,26.867546],[75.757171,26.867591]]},"properties":{"category":"carriageway"}},{"type":"Feature","geometry":{"type":"LineString","coordinates":[[75.75713,26.867631],[75.757049,26.867636],[75.756618,26.868518],[75.756697,26.868556]]},"properties":{"category":"carriageway"}},{"type":"Feature","geometry":{"type":"LineString","coordinates":[[75.756689,26.86858],[75.756618,26.868567],[75.756582,26.868592],[75.756413,26.868931],[75.756417,26.868967],[75.756512,26.869009]]},"properties":{"category":"carriageway"}},{"type":"Feature","geometry":{"type":"LineString","coordinates":[[75.756499,26.869059],[75.756379,26.869018],[75.756339,26.869079],[75.755807,26.870161],[75.755824,26.870199],[75.755897,26.870234]]},"properties":{"category":"carriageway"}},{"type":"Feature","geometry":{"type":"LineString","coordinates":[[75.755865,26.870256],[75.755774,26.870235],[75.755719,26.87034],[75.755204,26.871379],[75.755274,26.871416]]},"properties":{"category":"carriageway"}},{"type":"Feature","geometry":{"type":"LineString","coordinates":[[75.755291,26.871536],[75.755132,26.871487],[75.754688,26.872372],[75.754745,26.872415]]},"properties":{"category":"carriageway"}},{"type":"Feature","geometry":{"type":"LineString","coordinates":[[75.754737,26.872436],[75.754669,26.872442],[75.75454,26.872689],[75.754577,26.87272]]},"properties":{"category":"carriageway"}},{"type":"Feature","geometry":{"type":"LineString","coordinates":[[75.754587,26.872749],[75.754503,26.872751],[75.754238,26.873324],[75.754267,26.873348]]},"properties":{"category":"carriageway"}},{"type":"Feature","geometry":{"type":"LineString","coordinates":[[75.754281,26.873389],[75.754215,26.87337],[75.754075,26.873646],[75.754117,26.873668]]},"properties":{"category":"carriageway"}},{"type":"Feature","geometry":{"type":"LineString","coordinates":[[75.754099,26.8737],[75.754045,26.873701],[75.753609,26.874608],[75.753705,26.874659]]},"properties":{"category":"carriageway"}},{"type":"Feature","geometry":{"type":"LineString","coordinates":[[75.753691,26.874705],[75.753585,26.874675],[75.753549,26.874713],[75.75338,26.875081],[75.753371,26.875111],[75.753418,26.875133]]},"properties":{"category":"carriageway"}},{"type":"Feature","geometry":{"type":"LineString","coordinates":[[75.753396,26.875169],[75.753332,26.875178],[75.753113,26.8757],[75.753036,26.876041],[75.753099,26.876069]]},"properties":{"category":"carriageway"}},{"type":"Feature","geometry":{"type":"LineString","coordinates":[[75.753094,26.876096],[75.753018,26.876116],[75.75288,26.877317],[75.752876,26.877404],[75.752976,26.87743]]},"properties":{"category":"carriageway"}},{"type":"Feature","geometry":{"type":"Point","coordinates":[75.7703865,26.8455474]},"properties":{"category":"carriageway"}},{"type":"Feature","geometry":{"type":"LineString","coordinates":[[75.770401,26.842346],[75.770544,26.843142],[75.770578,26.843151]]},"properties":{"category":"carriageway"}},{"type":"Feature","geometry":{"type":"LineString","coordinates":[[75.770233,26.841805],[75.770472,26.843136],[75.770452,26.843134],[75.770236,26.841876]]},"properties":{"category":"carriageway"}},{"type":"Feature","geometry":{"type":"LineString","coordinates":[[75.770487,26.843229],[75.770628,26.844132],[75.770644,26.84412],[75.770504,26.843315]]},"properties":{"category":"carriageway"}},{"type":"Feature","geometry":{"type":"LineString","coordinates":[[75.770684,26.844337],[75.770751,26.844838],[75.770746,26.844979],[75.77012,26.846348],[75.770743,26.845061],[75.770774,26.844888],[75.770692,26.84437]]},"properties":{"category":"carriageway"}},{"type":"Feature","geometry":{"type":"LineString","coordinates":[[75.770094,26.846435],[75.770082,26.846417],[75.769804,26.847004],[75.769542,26.847575],[75.769552,26.8476],[75.77006,26.846507]]},"properties":{"category":"carriageway"}},{"type":"Feature","geometry":{"type":"LineString","coordinates":[[75.769406,26.847918],[75.769419,26.847935],[75.768524,26.849835],[75.768499,26.849842],[75.769365,26.848003]]},"properties":{"category":"carriageway"}},{"type":"Feature","geometry":{"type":"LineString","coordinates":[[75.76843,26.850027],[75.768312,26.8504],[75.768421,26.850051]]},"properties":{"category":"carriageway"}},{"type":"Feature","geometry":{"type":"LineString","coordinates":[[75.76825,26.850521],[75.768267,26.850502],[75.768269,26.850522],[75.768172,26.850782],[75.767513,26.852138],[75.767493,26.852135],[75.768155,26.85077]]},"properties":{"category":"carriageway"}},{"type":"Feature","geometry":{"type":"LineString","coordinates":[[75.767374,26.852396],[75.767388,26.852412],[75.767298,26.852598],[75.766357,26.854421],[75.766315,26.85455],[75.766293,26.854856],[75.766287,26.854586],[75.766353,26.854384],[75.767279,26.852591]]},"properties":{"category":"carriageway"}},{"type":"Feature","geometry":{"type":"LineString","coordinates":[[75.766293,26.85503],[75.766265,26.856419],[75.766278,26.856475],[75.766286,26.856407],[75.766293,26.855306]]},"properties":{"category":"carriageway"}},{"type":"Feature","geometry":{"type":"LineString","coordinates":[[75.766283,26.856596],[75.766265,26.856589],[75.766262,26.856673],[75.766236,26.858147],[75.766167,26.858282],[75.765683,26.858799],[75.766183,26.858292],[75.766252,26.858163],[75.766282,26.856679]]},"properties":{"category":"carriageway"}},{"type":"Feature","geometry":{"type":"LineString","coordinates":[[75.765501,26.859012],[75.764831,26.859704],[75.764845,26.859715],[75.765411,26.859113]]},"properties":{"category":"carriageway"}},{"type":"Feature","geometry":{"type":"LineString","coordinates":[[75.764832,26.859714],[75.763801,26.860701],[75.764846,26.859715]]},"properties":{"category":"carriageway"}},{"type":"Feature","geometry":{"type":"LineString","coordinates":[[75.763468,26.861027],[75.763409,26.861119],[75.762564,26.861989],[75.76231,26.862186],[75.762552,26.861975],[75.763447,26.861052]]},"properties":{"category":"carriageway"}},{"type":"Feature","geometry":{"type":"LineString","coordinates":[[75.762187,26.862292],[75.761256,26.862711],[75.760269,26.863091],[75.760273,26.863109],[75.76126,26.862728],[75.762068,26.862368]]},"properties":{"category":"carriageway"}},{"type":"Feature","geometry":{"type":"LineString","coordinates":[[75.760182,26.863135],[75.758978,26.863584],[75.758866,26.86376],[75.758439,26.864654],[75.758982,26.863613],[75.759073,26.863556],[75.760181,26.86314]]},"properties":{"category":"carriageway"}},{"type":"Feature","geometry":{"type":"LineString","coordinates":[[75.758327,26.864921],[75.757042,26.867459],[75.75706,26.867464],[75.758322,26.864934]]},"properties":{"category":"carriageway"}},{"type":"Feature","geometry":{"type":"LineString","coordinates":[[75.756975,26.867627],[75.756348,26.868863],[75.756367,26.868867],[75.756969,26.867642]]},"properties":{"category":"carriageway"}},{"type":"Feature","geometry":{"type":"LineString","coordinates":[[75.756282,26.869037],[75.756241,26.869077],[75.755165,26.871264],[75.755244,26.871148],[75.756136,26.869336]]},"properties":{"category":"carriageway"}},{"type":"Feature","geometry":{"type":"LineString","coordinates":[[75.755043,26.871528],[75.754933,26.871707],[75.754321,26.872964],[75.754949,26.871717]]},"properties":{"category":"carriageway"}},{"type":"Feature","geometry":{"type":"LineString","coordinates":[[75.754292,26.873047],[75.754053,26.873498],[75.754071,26.873503],[75.754287,26.873059]]},"properties":{"category":"carriageway"}},{"type":"Feature","geometry":{"type":"LineString","coordinates":[[75.754023,26.8736],[75.753945,26.873718],[75.753313,26.875033],[75.753962,26.873725]]},"properties":{"category":"carriageway"}},{"type":"Feature","geometry":{"type":"LineString","coordinates":[[75.75326,26.87516],[75.753224,26.875194],[75.753066,26.87558],[75.752957,26.875999],[75.752836,26.87684],[75.752747,26.877649],[75.752763,26.877682],[75.752975,26.876],[75.753073,26.875617],[75.753242,26.875199]]},"properties":{"category":"carriageway"}},{"type":"Feature","geometry":{"type":"LineString","coordinates":[[75.769218,26.848135],[75.769145,26.848121]]},"properties":{"category":"carriageway"}},{"type":"Feature","geometry":{"type":"LineString","coordinates":[[75.76912,26.848146],[75.76919,26.848191]]},"properties":{"category":"carriageway"}},{"type":"Feature","geometry":{"type":"LineString","coordinates":[[75.76919,26.848191],[75.768606,26.849456],[75.768497,26.84943]]},"properties":{"category":"carriageway"}},{"type":"Feature","geometry":{"type":"LineString","coordinates":[[75.756245,26.868606],[75.756315,26.868639]]},"properties":{"category":"carriageway"}},{"type":"Feature","geometry":{"type":"LineString","coordinates":[[75.756233,26.868624],[75.756305,26.868659]]},"properties":{"category":"carriageway"}},{"type":"Feature","geometry":{"type":"LineString","coordinates":[[75.75641,26.868146],[75.756587,26.86822]]},"properties":{"category":"carriageway"}},{"type":"Feature","geometry":{"type":"LineString","coordinates":[[75.756426,26.868118],[75.756601,26.868191]]},"properties":{"category":"carriageway"}},{"type":"Feature","geometry":{"type":"LineString","coordinates":[[75.756587,26.86822],[75.756263,26.86888],[75.756239,26.868897],[75.756163,26.868864]]},"properties":{"category":"carriageway"}},{"type":"Feature","geometry":{"type":"LineString","coordinates":[[75.755407,26.870515],[75.755453,26.870535]]},"properties":{"category":"carriageway"}},{"type":"Feature","geometry":{"type":"LineString","coordinates":[[75.755406,26.870497],[75.75546,26.87052]]},"properties":{"category":"carriageway"}},{"type":"Feature","geometry":{"type":"LineString","coordinates":[[75.755453,26.870535],[75.755275,26.870888]]},"properties":{"category":"carriageway"}},{"type":"Feature","geometry":{"type":"LineString","coordinates":[[75.7552,26.870879],[75.755263,26.870912]]},"properties":{"category":"carriageway"}},{"type":"Feature","geometry":{"type":"LineString","coordinates":[[75.755213,26.870856],[75.755276,26.870888]]},"properties":{"category":"carriageway"}},{"type":"Feature","geometry":{"type":"LineString","coordinates":[[75.755263,26.870911],[75.755065,26.871308],[75.75496,26.871281]]},"properties":{"category":"carriageway"}},{"type":"Feature","geometry":{"type":"LineString","coordinates":[[75.764329,26.860301],[75.764517,26.860428]]},"properties":{"category":"carriageway"}},{"type":"Feature","geometry":{"type":"LineString","coordinates":[[75.764399,26.860245],[75.76455,26.860378]]},"properties":{"category":"carriageway"}},{"type":"Feature","geometry":{"type":"LineString","coordinates":[[75.764848,26.85984],[75.765047,26.860018]]},"properties":{"category":"carriageway"}},{"type":"Feature","geometry":{"type":"LineString","coordinates":[[75.764893,26.8598],[75.765092,26.859978]]},"properties":{"category":"carriageway"}},{"type":"Feature","geometry":{"type":"LineString","coordinates":[[75.764848,26.85984],[75.764399,26.860245]]},"properties":{"category":"carriageway"}},{"type":"Feature","geometry":{"type":"LineString","coordinates":[[75.768614,26.850039],[75.771576,26.851158],[75.771608,26.851187],[75.771591,26.85124]]},"properties":{"category":"carriageway"}},{"type":"Feature","geometry":{"type":"LineString","coordinates":[[75.771619,26.851245],[75.771679,26.851203],[75.772607,26.851543],[75.772655,26.851563],[75.772658,26.85163]]},"properties":{"category":"carriageway"}},{"type":"Feature","geometry":{"type":"LineString","coordinates":[[75.772687,26.851646],[75.772711,26.851597],[75.773072,26.851718],[75.773101,26.851747],[75.77308,26.851796]]},"properties":{"category":"carriageway"}},{"type":"Feature","geometry":{"type":"LineString","coordinates":[[75.773134,26.851835],[75.773152,26.851761],[75.773611,26.851923]]},"properties":{"category":"carriageway"}},{"type":"Feature","geometry":{"type":"LineString","coordinates":[[75.773545,26.851833],[75.772886,26.851606],[75.772223,26.851339],[75.772239,26.851257]]},"properties":{"category":"carriageway"}},{"type":"Feature","geometry":{"type":"LineString","coordinates":[[75.772192,26.851251],[75.772155,26.85131]]},"properties":{"category":"carriageway"}},{"type":"Feature","geometry":{"type":"LineString","coordinates":[[75.772156,26.851309],[75.77104,26.850915],[75.770904,26.850849],[75.770899,26.85078]]},"properties":{"category":"carriageway"}},{"type":"Feature","geometry":{"type":"LineString","coordinates":[[75.770866,26.850748],[75.770822,26.85082],[75.770566,26.85074],[75.769056,26.85015],[75.769051,26.850101]]},"properties":{"category":"carriageway"}},{"type":"Feature","geometry":{"type":"LineString","coordinates":[[75.769014,26.850079],[75.768992,26.850117],[75.768633,26.849991]]},"properties":{"category":"carriageway"}},{"type":"Feature","geometry":{"type":"LineString","coordinates":[[75.77317,26.854457],[75.772836,26.854402],[75.772832,26.854339]]},"properties":{"category":"carriageway"}},{"type":"Feature","geometry":{"type":"LineString","coordinates":[[75.772808,26.854327],[75.772775,26.854396],[75.772233,26.854221],[75.772174,26.854189],[75.772206,26.854071]]},"properties":{"category":"carriageway"}},{"type":"Feature","geometry":{"type":"LineString","coordinates":[[75.772175,26.854058],[75.772083,26.854149],[75.771377,26.853869]]},"properties":{"category":"carriageway"}},{"type":"Feature","geometry":{"type":"LineString","coordinates":[[75.771418,26.853779],[75.771377,26.853869]]},"properties":{"category":"carriageway"}},{"type":"Feature","geometry":{"type":"LineString","coordinates":[[75.771395,26.853767],[75.771354,26.853857]]},"properties":{"category":"carriageway"}},{"type":"Feature","geometry":{"type":"LineString","coordinates":[[75.771354,26.853857],[75.770514,26.853498],[75.770489,26.853475],[75.7705,26.853428]]},"properties":{"category":"carriageway"}},{"type":"Feature","geometry":{"type":"LineString","coordinates":[[75.770479,26.853391],[75.770415,26.853451],[75.77014,26.853339],[75.770126,26.853319],[75.770164,26.85323]]},"properties":{"category":"carriageway"}},{"type":"Feature","geometry":{"type":"LineString","coordinates":[[75.770127,26.85324],[75.770072,26.853312],[75.769102,26.852915],[75.769046,26.852883],[75.769098,26.852793]]},"properties":{"category":"carriageway"}},{"type":"Feature","geometry":{"type":"LineString","coordinates":[[75.769066,26.852788],[75.768997,26.852866],[75.767976,26.852445],[75.768018,26.852322]]},"properties":{"category":"carriageway"}},{"type":"Feature","geometry":{"type":"LineString","coordinates":[[75.767985,26.852318],[75.76792,26.852407],[75.767655,26.852287]]},"properties":{"category":"carriageway"}},{"type":"Feature","geometry":{"type":"LineString","coordinates":[[75.773088,26.854526],[75.772824,26.854496],[75.772801,26.854586]]},"properties":{"category":"carriageway"}},{"type":"Feature","geometry":{"type":"LineString","coordinates":[[75.772764,26.854564],[75.772775,26.854488],[75.772312,26.85434],[75.771212,26.85387],[75.771133,26.853934]]},"properties":{"category":"carriageway"}},{"type":"Feature","geometry":{"type":"LineString","coordinates":[[75.771104,26.853903],[75.771116,26.853831],[75.770829,26.85372],[75.770773,26.853772]]},"properties":{"category":"carriageway"}},{"type":"Feature","geometry":{"type":"LineString","coordinates":[[75.770741,26.853751],[75.770743,26.853683],[75.770139,26.853433],[75.77009,26.853416],[75.770026,26.853472]]},"properties":{"category":"carriageway"}},{"type":"Feature","geometry":{"type":"LineString","coordinates":[[75.769994,26.853448],[75.77002,26.853384],[75.769962,26.853353],[75.769022,26.852958],[75.768908,26.852922],[75.76886,26.852971]]},"properties":{"category":"carriageway"}},{"type":"Feature","geometry":{"type":"LineString","coordinates":[[75.768823,26.852963],[75.76884,26.852888],[75.767559,26.85236]]},"properties":{"category":"carriageway"}},{"type":"Feature","geometry":{"type":"LineString","coordinates":[[75.76734,26.852149],[75.766337,26.851786],[75.766349,26.851687]]},"properties":{"category":"carriageway"}},{"type":"Feature","geometry":{"type":"LineString","coordinates":[[75.766317,26.851666],[75.766257,26.851747],[75.765911,26.851623],[75.765167,26.851335],[75.765179,26.851239]]},"properties":{"category":"carriageway"}},{"type":"Feature","geometry":{"type":"LineString","coordinates":[[75.765149,26.851214],[75.765074,26.851294],[75.764803,26.85119],[75.764811,26.851101]]},"properties":{"category":"carriageway"}},{"type":"Feature","geometry":{"type":"LineString","coordinates":[[75.764778,26.851102],[75.764722,26.851159],[75.764212,26.850964],[75.764144,26.850932],[75.764173,26.850855]]},"properties":{"category":"carriageway"}},{"type":"Feature","geometry":{"type":"LineString","coordinates":[[75.764143,26.850844],[75.764092,26.850911],[75.763848,26.850822],[75.763456,26.850664],[75.763468,26.85059]]},"properties":{"category":"carriageway"}},{"type":"Feature","geometry":{"type":"LineString","coordinates":[[75.763434,26.850576],[75.763372,26.850632],[75.763081,26.850517],[75.763059,26.850486],[75.763097,26.850395]]},"properties":{"category":"carriageway"}},{"type":"Feature","geometry":{"type":"LineString","coordinates":[[75.763026,26.850601],[75.763376,26.850728],[75.763359,26.850801]]},"properties":{"category":"carriageway"}},{"type":"Feature","geometry":{"type":"LineString","coordinates":[[75.763391,26.850804],[75.763421,26.850752],[75.763493,26.850764],[75.764404,26.851109],[75.764592,26.851193],[75.764589,26.851292]]},"properties":{"category":"carriageway"}},{"type":"Feature","geometry":{"type":"LineString","coordinates":[[75.76463,26.851324],[75.764678,26.851241],[75.764732,26.851242],[75.765315,26.851479],[75.765301,26.85157]]},"properties":{"category":"carriageway"}},{"type":"Feature","geometry":{"type":"LineString","coordinates":[[75.765337,26.851597],[75.765387,26.851509],[75.765702,26.851625],[75.766905,26.852093],[75.766921,26.852126],[75.766894,26.852186]]},"properties":{"category":"carriageway"}},{"type":"Feature","geometry":{"type":"LineString","coordinates":[[75.766933,26.852194],[75.766999,26.852132],[75.767264,26.852237]]},"properties":{"category":"carriageway"}},{"type":"Feature","geometry":{"type":"LineString","coordinates":[[75.772848,26.856192],[75.771567,26.856316],[75.77154,26.856315],[75.771523,26.856254]]},"properties":{"category":"carriageway"}},{"type":"Feature","geometry":{"type":"LineString","coordinates":[[75.771491,26.856262],[75.771484,26.856329],[75.770539,26.856429],[75.770262,26.856456],[75.770241,26.856388]]},"properties":{"category":"carriageway"}},{"type":"Feature","geometry":{"type":"LineString","coordinates":[[75.770202,26.856397],[75.770188,26.856466],[75.77,26.856484],[75.769854,26.856487],[75.76982,26.856416]]},"properties":{"category":"carriageway"}},{"type":"Feature","geometry":{"type":"LineString","coordinates":[[75.769776,26.856404],[75.769733,26.856493],[75.769439,26.856493],[75.769418,26.856437]]},"properties":{"category":"carriageway"}},{"type":"Feature","geometry":{"type":"LineString","coordinates":[[75.769386,26.856455],[75.769373,26.856495],[75.768719,26.856506],[75.767858,26.856499],[75.767846,26.856456]]},"properties":{"category":"carriageway"}},{"type":"Feature","geometry":{"type":"LineString","coordinates":[[75.767807,26.85644],[75.767799,26.856501],[75.767467,26.856492],[75.767445,26.856438]]},"properties":{"category":"carriageway"}},{"type":"Feature","geometry":{"type":"LineString","coordinates":[[75.767402,26.856441],[75.767362,26.856498],[75.766974,26.856501],[75.766851,26.856499],[75.766823,26.856437]]},"properties":{"category":"carriageway"}},{"type":"Feature","geometry":{"type":"LineString","coordinates":[[75.766791,26.856437],[75.766765,26.856495],[75.766519,26.856494]]},"properties":{"category":"carriageway"}},{"type":"Feature","geometry":{"type":"LineString","coordinates":[[75.772849,26.856253],[75.771641,26.856369],[75.771613,26.856463]]},"properties":{"category":"carriageway"}},{"type":"Feature","geometry":{"type":"LineString","coordinates":[[75.771572,26.85646],[75.771533,26.856384],[75.771222,26.856422],[75.771205,26.856482]]},"properties":{"category":"carriageway"}},{"type":"Feature","geometry":{"type":"LineString","coordinates":[[75.771174,26.856477],[75.77113,26.85643],[75.770239,26.856511],[75.769831,26.856556],[75.769835,26.856612]]},"properties":{"category":"carriageway"}},{"type":"Feature","geometry":{"type":"LineString","coordinates":[[75.769796,26.856607],[75.769783,26.856561],[75.769392,26.856562],[75.769374,26.856636]]},"properties":{"category":"carriageway"}},{"type":"Feature","geometry":{"type":"LineString","coordinates":[[75.769339,26.856639],[75.769304,26.856562],[75.768912,26.856577],[75.768891,26.856632]]},"properties":{"category":"carriageway"}},{"type":"Feature","geometry":{"type":"LineString","coordinates":[[75.768831,26.856681],[75.768794,26.856587],[75.768719,26.856572],[75.766485,26.856565]]},"properties":{"category":"carriageway"}},{"type":"Feature","geometry":{"type":"LineString","coordinates":[[75.77693,26.826742],[75.776981,26.826844],[75.776959,26.826884],[75.776363,26.827311]]},"properties":{"category":"carriageway"}},{"type":"Feature","geometry":{"type":"LineString","coordinates":[[75.776363,26.827311],[75.776309,26.827264]]},"properties":{"category":"carriageway"}},{"type":"Feature","geometry":{"type":"LineString","coordinates":[[75.776278,26.827278],[75.776319,26.827328]]},"properties":{"category":"carriageway"}},{"type":"Feature","geometry":{"type":"LineString","coordinates":[[75.776319,26.827328],[75.77563,26.827956],[75.774928,26.828656],[75.774871,26.828632]]},"properties":{"category":"carriageway"}},{"type":"Feature","geometry":{"type":"LineString","coordinates":[[75.774845,26.828653],[75.774901,26.828711],[75.77475,26.828888],[75.774501,26.829072],[75.774437,26.829044]]},"properties":{"category":"carriageway"}},{"type":"Feature","geometry":{"type":"LineString","coordinates":[[75.774411,26.829064],[75.774441,26.829139],[75.774253,26.829335],[75.774146,26.829412],[75.774046,26.829412]]},"properties":{"category":"carriageway"}},{"type":"Feature","geometry":{"type":"LineString","coordinates":[[75.774001,26.829496],[75.774041,26.829598],[75.773889,26.829629]]},"properties":{"category":"carriageway"}},{"type":"Feature","geometry":{"type":"LineString","coordinates":[[75.773783,26.829676],[75.773849,26.829684],[75.773653,26.829905],[75.773588,26.829886]]},"properties":{"category":"carriageway"}},{"type":"Feature","geometry":{"type":"LineString","coordinates":[[75.77358,26.829905],[75.773614,26.829943],[75.773478,26.830097],[75.773413,26.830079]]},"properties":{"category":"carriageway"}},{"type":"Feature","geometry":{"type":"LineString","coordinates":[[75.773387,26.830112],[75.773406,26.830148],[75.773204,26.830386],[75.772716,26.830855],[75.772646,26.830838]]},"properties":{"category":"carriageway"}},{"type":"Feature","geometry":{"type":"LineString","coordinates":[[75.772631,26.830868],[75.772647,26.830898],[75.771539,26.832047],[75.7715,26.832069],[75.771444,26.832028]]},"properties":{"category":"carriageway"}},{"type":"Feature","geometry":{"type":"LineString","coordinates":[[75.771382,26.832113],[75.771406,26.832168],[75.771379,26.832205],[75.770662,26.832949],[75.770339,26.833322],[75.770184,26.833573],[75.770079,26.833592]]},"properties":{"category":"carriageway"}},{"type":"Feature","geometry":{"type":"LineString","coordinates":[[75.770059,26.833619],[75.770106,26.833649],[75.76995,26.834016],[75.769887,26.834119],[75.769829,26.83412]]},"properties":{"category":"carriageway"}},{"type":"Feature","geometry":{"type":"LineString","coordinates":[[75.769769,26.834202],[75.769812,26.834228],[75.769803,26.834273],[75.769157,26.835798],[75.768657,26.836804],[75.768574,26.836795]]},"properties":{"category":"carriageway"}},{"type":"Feature","geometry":{"type":"LineString","coordinates":[[75.769959,26.83432],[75.769959,26.83432]]},"properties":{"category":"carriageway"}},{"type":"Feature","geometry":{"type":"LineString","coordinates":[[75.770171,26.83369],[75.770171,26.83369]]},"properties":{"category":"carriageway"}},{"type":"Feature","geometry":{"type":"LineString","coordinates":[[75.770376,26.833537],[75.770376,26.833537]]},"properties":{"category":"carriageway"}},{"type":"Feature","geometry":{"type":"LineString","coordinates":[[75.771671,26.832141],[75.771671,26.832141]]},"properties":{"category":"carriageway"}},{"type":"Feature","geometry":{"type":"LineString","coordinates":[[75.77284,26.83093],[75.772767,26.830883],[75.77309,26.830527],[75.773727,26.829888],[75.77377,26.829875],[75.773852,26.829914],[75.772952,26.830812]]},"properties":{"category":"carriageway"}},{"type":"Feature","geometry":{"type":"LineString","coordinates":[[75.774011,26.829729],[75.773972,26.829698],[75.774037,26.829684],[75.774031,26.829734]]},"properties":{"category":"carriageway"}},{"type":"Feature","geometry":{"type":"LineString","coordinates":[[75.777011,26.8267],[75.777114,26.826876],[75.777104,26.826925],[75.777284,26.827148],[75.776593,26.827591],[75.776341,26.827794],[75.775918,26.828264],[75.775919,26.828305],[75.775973,26.828357]]},"properties":{"category":"carriageway"}},{"type":"Feature","geometry":{"type":"LineString","coordinates":[[75.777042,26.827039],[75.77661,26.827284],[75.776156,26.82763],[75.775686,26.828079],[75.775397,26.828409],[75.776177,26.827638],[75.776498,26.827396],[75.777233,26.82692]]},"properties":{"category":"carriageway"}},{"type":"Feature","geometry":{"type":"LineString","coordinates":[[75.777042,26.827039],[75.77712,26.82718],[75.776344,26.827696],[75.775426,26.82859],[75.775996,26.827985],[75.776271,26.827739],[75.776816,26.827345],[75.777557,26.8269]]},"properties":{"category":"carriageway"}},{"type":"Feature","geometry":{"type":"LineString","coordinates":[[75.774929,26.828826],[75.774929,26.828826]]},"properties":{"category":"carriageway"}},{"type":"Feature","geometry":{"type":"LineString","coordinates":[[75.76901,26.836174],[75.76901,26.836174]]},"properties":{"category":"carriageway"}},{"type":"Feature","geometry":{"type":"LineString","coordinates":[[75.768713,26.836911],[75.768713,26.836911]]},"properties":{"category":"carriageway"}},{"type":"Feature","geometry":{"type":"LineString","coordinates":[[75.768593,26.836867],[75.768612,26.836895],[75.768383,26.837441],[75.768351,26.837489],[75.768308,26.837484]]},"properties":{"category":"carriageway"}},{"type":"Feature","geometry":{"type":"LineString","coordinates":[[75.768273,26.837546],[75.768358,26.837622],[75.768306,26.837623],[75.768125,26.838011],[75.768188,26.838032],[75.768349,26.837712],[75.768407,26.83769],[75.768422,26.837758],[75.768098,26.838472],[75.768049,26.838505],[75.767979,26.83849],[75.768141,26.838133],[75.768087,26.83811],[75.767927,26.838459],[75.767877,26.838454]]},"properties":{"category":"carriageway"}},{"type":"Feature","geometry":{"type":"LineString","coordinates":[[75.76795,26.838566],[75.767977,26.838551],[75.768015,26.838604],[75.767825,26.838959]]},"properties":{"category":"carriageway"}},{"type":"Feature","geometry":{"type":"LineString","coordinates":[[75.767766,26.839053],[75.767766,26.839053]]},"properties":{"category":"carriageway"}},{"type":"Feature","geometry":{"type":"LineString","coordinates":[[75.76795,26.838566],[75.767786,26.838927],[75.767825,26.838959]]},"properties":{"category":"carriageway"}},{"type":"Feature","geometry":{"type":"LineString","coordinates":[[75.767785,26.839049],[75.767625,26.839354],[75.767458,26.839277],[75.767589,26.839285],[75.767657,26.839251],[75.767762,26.83904]]},"properties":{"category":"carriageway"}},{"type":"Feature","geometry":{"type":"LineString","coordinates":[[75.767853,26.838488],[75.7679,26.838521],[75.767718,26.838931],[75.767586,26.839149],[75.767526,26.839182]]},"properties":{"category":"carriageway"}},{"type":"Feature","geometry":{"type":"LineString","coordinates":[[75.767445,26.839443],[75.767445,26.839443]]},"properties":{"category":"carriageway"}},{"type":"Feature","geometry":{"type":"LineString","coordinates":[[75.767384,26.83954],[75.767384,26.83954]]},"properties":{"category":"carriageway"}},{"type":"Feature","geometry":{"type":"LineString","coordinates":[[75.767247,26.839621],[75.767456,26.839761],[75.767235,26.84017],[75.7671,26.840163]]},"properties":{"category":"carriageway"}},{"type":"Feature","geometry":{"type":"LineString","coordinates":[[75.767061,26.840198],[75.76712,26.840217],[75.76712,26.840241],[75.766822,26.840902],[75.766738,26.840901]]},"properties":{"category":"carriageway"}},{"type":"Feature","geometry":{"type":"LineString","coordinates":[[75.766791,26.840886],[75.766822,26.840902],[75.767028,26.840452],[75.76712,26.840241],[75.767084,26.840246]]},"properties":{"category":"carriageway"}},{"type":"Feature","geometry":{"type":"LineString","coordinates":[[75.767129,26.840403],[75.767129,26.840403]]},"properties":{"category":"carriageway"}},{"type":"Feature","geometry":{"type":"LineString","coordinates":[[75.766725,26.84094],[75.766948,26.841039],[75.76695,26.841084],[75.766745,26.841431],[75.765458,26.844288],[75.765411,26.844333],[75.765381,26.844253],[75.766766,26.841181]]},"properties":{"category":"carriageway"}},{"type":"Feature","geometry":{"type":"LineString","coordinates":[[75.766702,26.84115],[75.766375,26.841889],[75.766342,26.841954],[75.766296,26.841948]]},"properties":{"category":"carriageway"}},{"type":"Feature","geometry":{"type":"LineString","coordinates":[[75.766281,26.841984],[75.766311,26.841991],[75.766299,26.842037],[75.76593,26.84288],[75.765421,26.843977],[75.765385,26.843974]]},"properties":{"category":"carriageway"}},{"type":"Feature","geometry":{"type":"LineString","coordinates":[[75.766282,26.841982],[75.766313,26.84199],[75.766301,26.842037],[75.766146,26.842403],[75.765424,26.843974]]},"properties":{"category":"carriageway"}},{"type":"Feature","geometry":{"type":"LineString","coordinates":[[75.765424,26.843974],[75.765413,26.843994],[75.765365,26.84398]]},"properties":{"category":"carriageway"}},{"type":"Feature","geometry":{"type":"LineString","coordinates":[[75.766704,26.841151],[75.766377,26.84189],[75.766343,26.841956],[75.766296,26.84195]]},"properties":{"category":"carriageway"}},{"type":"Feature","geometry":{"type":"LineString","coordinates":[[75.765081,26.844407],[75.765197,26.844446],[75.765096,26.844379]]},"properties":{"category":"carriageway"}},{"type":"Feature","geometry":{"type":"LineString","coordinates":[[75.765203,26.844639],[75.765243,26.844622],[75.765279,26.844645],[75.76527,26.844724],[75.764935,26.845361],[75.764858,26.845413],[75.764835,26.845394],[75.765199,26.844643]]},"properties":{"category":"carriageway"}},{"type":"Feature","geometry":{"type":"LineString","coordinates":[[75.765146,26.844542],[75.764787,26.845385],[75.764746,26.845457],[75.764714,26.84545]]},"properties":{"category":"carriageway"}},{"type":"Feature","geometry":{"type":"LineString","coordinates":[[75.765159,26.84454],[75.764748,26.845456]]},"properties":{"category":"carriageway"}},{"type":"Feature","geometry":{"type":"LineString","coordinates":[[75.765102,26.844492],[75.765159,26.84454]]},"properties":{"category":"carriageway"}},{"type":"Feature","geometry":{"type":"LineString","coordinates":[[75.764748,26.845456],[75.764705,26.845598],[75.764736,26.845624],[75.764713,26.84571],[75.764678,26.845711],[75.764649,26.845829],[75.764509,26.845909],[75.764448,26.845915],[75.764384,26.845881]]},"properties":{"category":"carriageway"}},{"type":"Feature","geometry":{"type":"LineString","coordinates":[[75.7645,26.845964],[75.76464,26.845944],[75.764739,26.845805],[75.764645,26.846007],[75.764501,26.84597]]},"properties":{"category":"carriageway"}},{"type":"Feature","geometry":{"type":"LineString","coordinates":[[75.764439,26.846129],[75.764603,26.846165],[75.764534,26.846307],[75.764443,26.846138]]},"properties":{"category":"carriageway"}},{"type":"Feature","geometry":{"type":"LineString","coordinates":[[75.764329,26.846538],[75.764329,26.846538]]},"properties":{"category":"carriageway"}},{"type":"Feature","geometry":{"type":"LineString","coordinates":[[75.763881,26.847329],[75.763663,26.847858],[75.763575,26.847859]]},"properties":{"category":"carriageway"}},{"type":"Feature","geometry":{"type":"LineString","coordinates":[[75.763631,26.847836],[75.763651,26.847862],[75.76388,26.847329]]},"properties":{"category":"carriageway"}},{"type":"Feature","geometry":{"type":"LineString","coordinates":[[75.763563,26.847896],[75.763616,26.847934],[75.763214,26.848828],[75.763187,26.848849],[75.763146,26.848831]]},"properties":{"category":"carriageway"}},{"type":"Feature","geometry":{"type":"LineString","coordinates":[[75.763599,26.847933],[75.76321,26.848833],[75.763166,26.848798]]},"properties":{"category":"carriageway"}},{"type":"Feature","geometry":{"type":"LineString","coordinates":[[75.763057,26.848852],[75.763131,26.849002],[75.763061,26.849128],[75.762978,26.849123]]},"properties":{"category":"carriageway"}},{"type":"Feature","geometry":{"type":"LineString","coordinates":[[75.762932,26.849327],[75.762829,26.849578],[75.76281,26.84957]]},"properties":{"category":"carriageway"}},{"type":"Feature","geometry":{"type":"LineString","coordinates":[[75.762762,26.849674],[75.762769,26.849743],[75.762563,26.850089]]},"properties":{"category":"carriageway"}},{"type":"Feature","geometry":{"type":"LineString","coordinates":[[75.762879,26.849277],[75.762949,26.84933],[75.762771,26.849743],[75.762562,26.850101]]},"properties":{"category":"carriageway"}},{"type":"Feature","geometry":{"type":"LineString","coordinates":[[75.762562,26.850101],[75.762519,26.850148],[75.762382,26.850177]]},"properties":{"category":"carriageway"}},{"type":"Feature","geometry":{"type":"LineString","coordinates":[[75.762819,26.849888],[75.762819,26.849888]]},"properties":{"category":"carriageway"}},{"type":"Feature","geometry":{"type":"LineString","coordinates":[[75.762388,26.850278],[75.762388,26.850278]]},"properties":{"category":"carriageway"}},{"type":"Feature","geometry":{"type":"LineString","coordinates":[[75.762601,26.850512],[75.761985,26.851887],[75.761934,26.851878],[75.761906,26.851841],[75.762033,26.851524],[75.76251,26.850511],[75.762574,26.85049]]},"properties":{"category":"carriageway"}},{"type":"Feature","geometry":{"type":"LineString","coordinates":[[75.762434,26.850345],[75.762481,26.850399],[75.762377,26.850671],[75.762266,26.850855],[75.761912,26.851675],[75.761826,26.851828],[75.761797,26.851828],[75.761779,26.851788]]},"properties":{"category":"carriageway"}},{"type":"Feature","geometry":{"type":"LineString","coordinates":[[75.761745,26.851802],[75.761738,26.851839],[75.761683,26.85185]]},"properties":{"category":"carriageway"}},{"type":"Feature","geometry":{"type":"LineString","coordinates":[[75.761719,26.851898],[75.761766,26.851901],[75.761774,26.851936],[75.761223,26.8532],[75.761143,26.853372],[75.761033,26.853388]]},"properties":{"category":"carriageway"}},{"type":"Feature","geometry":{"type":"LineString","coordinates":[[75.761814,26.852019],[75.761814,26.852019]]},"properties":{"category":"carriageway"}},{"type":"Feature","geometry":{"type":"LineString","coordinates":[[75.761041,26.853441],[75.761125,26.853446],[75.760911,26.853875],[75.760807,26.853879]]},"properties":{"category":"carriageway"}},{"type":"Feature","geometry":{"type":"LineString","coordinates":[[75.760807,26.853918],[75.760868,26.853916],[75.760767,26.854075],[75.760438,26.854419],[75.760012,26.854758],[75.759957,26.854737]]},"properties":{"category":"carriageway"}},{"type":"Feature","geometry":{"type":"LineString","coordinates":[[75.759937,26.854765],[75.759945,26.854798],[75.75963,26.855125],[75.759583,26.855243],[75.759542,26.855264],[75.759463,26.855191]]},"properties":{"category":"carriageway"}},{"type":"Feature","geometry":{"type":"LineString","coordinates":[[75.759423,26.855193],[75.759454,26.855248],[75.759414,26.855297],[75.758981,26.855717],[75.758933,26.855685]]},"properties":{"category":"carriageway"}},{"type":"Feature","geometry":{"type":"LineString","coordinates":[[75.758893,26.85568],[75.758894,26.855743],[75.758843,26.855782],[75.758784,26.855795],[75.758745,26.85574]]},"properties":{"category":"carriageway"}},{"type":"Feature","geometry":{"type":"LineString","coordinates":[[75.758695,26.855761],[75.758743,26.855997],[75.758697,26.856116],[75.758494,26.856275],[75.758358,26.856234],[75.758279,26.856278],[75.758198,26.856219]]},"properties":{"category":"carriageway"}},{"type":"Feature","geometry":{"type":"LineString","coordinates":[[75.758268,26.856495],[75.758268,26.856495]]},"properties":{"category":"carriageway"}},{"type":"Feature","geometry":{"type":"LineString","coordinates":[[75.758125,26.856397],[75.758166,26.856492],[75.758072,26.856607],[75.757915,26.856662],[75.75757,26.856924],[75.757527,26.856908]]},"properties":{"category":"carriageway"}},{"type":"Feature","geometry":{"type":"LineString","coordinates":[[75.757495,26.856927],[75.757513,26.856965]]},"properties":{"category":"carriageway"}},{"type":"Feature","geometry":{"type":"LineString","coordinates":[[75.757513,26.856965],[75.757296,26.857203],[75.757041,26.857389],[75.757006,26.85738]]},"properties":{"category":"carriageway"}},{"type":"Feature","geometry":{"type":"LineString","coordinates":[[75.756982,26.857379],[75.756994,26.857422],[75.756446,26.857968],[75.756415,26.857946]]},"properties":{"category":"carriageway"}},{"type":"Feature","geometry":{"type":"LineString","coordinates":[[75.756398,26.857989],[75.756419,26.858052],[75.756239,26.858302],[75.756196,26.858346],[75.756142,26.858341]]},"properties":{"category":"carriageway"}},{"type":"Feature","geometry":{"type":"LineString","coordinates":[[75.756043,26.858433],[75.756073,26.85848],[75.755929,26.858771],[75.755861,26.858748]]},"properties":{"category":"carriageway"}},{"type":"Feature","geometry":{"type":"LineString","coordinates":[[75.755873,26.858794],[75.755898,26.858823],[75.755853,26.858909],[75.755672,26.85925],[75.755634,26.859244]]},"properties":{"category":"carriageway"}},{"type":"Feature","geometry":{"type":"LineString","coordinates":[[75.755608,26.859285],[75.75564,26.859305],[75.755593,26.859418],[75.755215,26.860166],[75.755117,26.860144]]},"properties":{"category":"carriageway"}},{"type":"Feature","geometry":{"type":"LineString","coordinates":[[75.759522,26.85529],[75.759466,26.855283],[75.759127,26.855614],[75.759013,26.85576],[75.759034,26.855792],[75.759083,26.855775],[75.759539,26.85531]]},"properties":{"category":"carriageway"}},{"type":"Feature","geometry":{"type":"LineString","coordinates":[[75.757976,26.856752],[75.757976,26.856752]]},"properties":{"category":"carriageway"}},{"type":"Feature","geometry":{"type":"LineString","coordinates":[[75.756025,26.858708],[75.756025,26.858708]]},"properties":{"category":"carriageway"}},{"type":"Feature","geometry":{"type":"LineString","coordinates":[[75.755155,26.860276],[75.75531,26.860356],[75.755285,26.860389],[75.75515,26.860367],[75.755132,26.860321]]},"properties":{"category":"carriageway"}},{"type":"Feature","geometry":{"type":"LineString","coordinates":[[75.755055,26.860256],[75.755073,26.860464],[75.754946,26.860755],[75.754816,26.860726]]},"properties":{"category":"carriageway"}},{"type":"Feature","geometry":{"type":"LineString","coordinates":[[75.755257,26.86046],[75.755257,26.86046]]},"properties":{"category":"carriageway"}},{"type":"Feature","geometry":{"type":"LineString","coordinates":[[75.75477,26.860826],[75.754869,26.860883],[75.754788,26.86111],[75.75443,26.86178],[75.754382,26.86178]]},"properties":{"category":"carriageway"}},{"type":"Feature","geometry":{"type":"LineString","coordinates":[[75.754565,26.861835],[75.754565,26.861835]]},"properties":{"category":"carriageway"}},{"type":"Feature","geometry":{"type":"LineString","coordinates":[[75.754445,26.861894],[75.754445,26.861894]]},"properties":{"category":"carriageway"}},{"type":"Feature","geometry":{"type":"LineString","coordinates":[[75.754356,26.861807],[75.754393,26.861851],[75.754091,26.86249],[75.754035,26.862584],[75.753949,26.862578]]},"properties":{"category":"carriageway"}},{"type":"Feature","geometry":{"type":"LineString","coordinates":[[75.753948,26.862616],[75.753981,26.862661],[75.753505,26.863568],[75.753344,26.863577]]},"properties":{"category":"carriageway"}},{"type":"Feature","geometry":{"type":"LineString","coordinates":[[75.754374,26.862171],[75.754289,26.862237],[75.754205,26.862388],[75.754207,26.862499],[75.754376,26.862175]]},"properties":{"category":"carriageway"}},{"type":"Feature","geometry":{"type":"LineString","coordinates":[[75.753794,26.863165],[75.753549,26.863652],[75.75326,26.863695],[75.753448,26.863689],[75.753557,26.863652],[75.7538,26.863165]]},"properties":{"category":"carriageway"}},{"type":"Feature","geometry":{"type":"LineString","coordinates":[[75.753427,26.863744],[75.753507,26.863765],[75.753491,26.863784],[75.753423,26.863755]]},"properties":{"category":"carriageway"}},{"type":"Feature","geometry":{"type":"LineString","coordinates":[[75.75333,26.863795],[75.75341,26.863846],[75.753393,26.8639],[75.752492,26.865698],[75.75244,26.865695]]},"properties":{"category":"carriageway"}},{"type":"Feature","geometry":{"type":"LineString","coordinates":[[75.753162,26.864475],[75.753162,26.864475]]},"properties":{"category":"carriageway"}},{"type":"Feature","geometry":{"type":"LineString","coordinates":[[75.75243,26.86573],[75.752453,26.865744],[75.752234,26.86626],[75.752168,26.866253]]},"properties":{"category":"carriageway"}},{"type":"Feature","geometry":{"type":"LineString","coordinates":[[75.752174,26.866292],[75.752191,26.866319],[75.752167,26.866372],[75.751652,26.867419],[75.751618,26.867458],[75.751489,26.867485]]},"properties":{"category":"carriageway"}},{"type":"Feature","geometry":{"type":"LineString","coordinates":[[75.751458,26.867538],[75.751559,26.867544],[75.751565,26.86757],[75.751333,26.868091],[75.751243,26.868099]]},"properties":{"category":"carriageway"}},{"type":"Feature","geometry":{"type":"LineString","coordinates":[[75.75118,26.86816],[75.751248,26.868199],[75.751098,26.868538],[75.750995,26.868551]]},"properties":{"category":"carriageway"}},{"type":"Feature","geometry":{"type":"LineString","coordinates":[[75.751017,26.868588],[75.751051,26.868607],[75.751031,26.868637],[75.751005,26.868613]]},"properties":{"category":"carriageway"}},{"type":"Feature","geometry":{"type":"LineString","coordinates":[[75.751021,26.86858],[75.751054,26.868623],[75.750468,26.869736],[75.750425,26.869738]]},"properties":{"category":"carriageway"}},{"type":"Feature","geometry":{"type":"LineString","coordinates":[[75.750399,26.869768],[75.750432,26.869821],[75.750344,26.870021],[75.750001,26.870689],[75.749352,26.872106],[75.749252,26.872305],[75.749214,26.872319],[75.749153,26.872287]]},"properties":{"category":"carriageway"}},{"type":"Feature","geometry":{"type":"LineString","coordinates":[[75.751634,26.867627],[75.751634,26.867627]]},"properties":{"category":"carriageway"}},{"type":"Feature","geometry":{"type":"LineString","coordinates":[[75.750539,26.869857],[75.750539,26.869857]]},"properties":{"category":"carriageway"}},{"type":"Feature","geometry":{"type":"LineString","coordinates":[[75.749103,26.872749],[75.749103,26.872749]]},"properties":{"category":"carriageway"}},{"type":"Feature","geometry":{"type":"LineString","coordinates":[[75.749115,26.872438],[75.749151,26.872468],[75.748891,26.87307],[75.748657,26.873503],[75.748103,26.874686],[75.748069,26.874727],[75.748026,26.874726]]},"properties":{"category":"carriageway"}},{"type":"Feature","geometry":{"type":"LineString","coordinates":[[75.747663,26.875528],[75.747634,26.87577],[75.747661,26.875776]]},"properties":{"category":"carriageway"}},{"type":"Feature","geometry":{"type":"LineString","coordinates":[[75.74809,26.874848],[75.748116,26.87487],[75.747939,26.875267],[75.747902,26.875248],[75.74807,26.874871]]},"properties":{"category":"carriageway"}},{"type":"Feature","geometry":{"type":"LineString","coordinates":[[75.747996,26.874785],[75.74802,26.874822],[75.747854,26.875211]]},"properties":{"category":"carriageway"}},{"type":"Feature","geometry":{"type":"LineString","coordinates":[[75.747939,26.875267],[75.747816,26.875513],[75.747718,26.875503]]},"properties":{"category":"carriageway"}},{"type":"Feature","geometry":{"type":"LineString","coordinates":[[75.747707,26.875608],[75.747745,26.875563],[75.747776,26.875578],[75.747724,26.875626]]},"properties":{"category":"carriageway"}},{"type":"Feature","geometry":{"type":"LineString","coordinates":[[75.747661,26.875776],[75.747522,26.876093],[75.747477,26.87614],[75.74736,26.876539],[75.747237,26.876545]]},"properties":{"category":"carriageway"}},{"type":"Feature","geometry":{"type":"LineString","coordinates":[[75.747261,26.876586],[75.747355,26.876633],[75.747376,26.876903],[75.747424,26.877056],[75.747334,26.877097]]},"properties":{"category":"carriageway"}},{"type":"Feature","geometry":{"type":"LineString","coordinates":[[75.747332,26.877135],[75.747459,26.877157],[75.747655,26.877563],[75.747806,26.877946],[75.747766,26.877979],[75.747698,26.877981]]},"properties":{"category":"carriageway"}},{"type":"Feature","geometry":{"type":"LineString","coordinates":[[75.747727,26.878012],[75.747828,26.878016],[75.748089,26.8785],[75.748156,26.878857],[75.748104,26.879188],[75.748049,26.879246],[75.747898,26.879264]]},"properties":{"category":"carriageway"}},{"type":"Feature","geometry":{"type":"LineString","coordinates":[[75.747907,26.879253],[75.747988,26.879253],[75.748061,26.879214],[75.748131,26.87895],[75.748105,26.878785],[75.748071,26.878788]]},"properties":{"category":"carriageway"}},{"type":"Feature","geometry":{"type":"LineString","coordinates":[[75.748066,26.87874],[75.748103,26.878715],[75.748055,26.878529],[75.747788,26.878042],[75.74774,26.87803]]},"properties":{"category":"carriageway"}},{"type":"Feature","geometry":{"type":"LineString","coordinates":[[75.775874,26.828454],[75.775756,26.828433],[75.774686,26.829518],[75.774796,26.829644]]},"properties":{"category":"carriageway"}},{"type":"Feature","geometry":{"type":"LineString","coordinates":[[75.775187,26.828837],[75.775187,26.828837]]},"properties":{"category":"carriageway"}},{"type":"Feature","geometry":{"type":"LineString","coordinates":[[75.77407,26.829938],[75.774141,26.829889],[75.774171,26.829946],[75.773573,26.83058],[75.773344,26.830783],[75.773301,26.830734],[75.774027,26.829986]]},"properties":{"category":"carriageway"}},{"type":"Feature","geometry":{"type":"LineString","coordinates":[[75.773108,26.83093],[75.773108,26.83093]]},"properties":{"category":"carriageway"}},{"type":"Feature","geometry":{"type":"LineString","coordinates":[[75.77206,26.832022],[75.77206,26.832022]]},"properties":{"category":"carriageway"}},{"type":"Feature","geometry":{"type":"LineString","coordinates":[[75.76876,26.837562],[75.76876,26.837562]]},"properties":{"category":"carriageway"}},{"type":"Feature","geometry":{"type":"LineString","coordinates":[[75.767427,26.840654],[75.767427,26.840654]]},"properties":{"category":"carriageway"}},{"type":"Feature","geometry":{"type":"LineString","coordinates":[[75.765888,26.844036],[75.765888,26.844036]]},"properties":{"category":"carriageway"}},{"type":"Feature","geometry":{"type":"LineString","coordinates":[[75.764629,26.846874],[75.764629,26.846874]]},"properties":{"category":"carriageway"}},{"type":"Feature","geometry":{"type":"LineString","coordinates":[[75.763718,26.848786],[75.763751,26.848803],[75.763193,26.850036],[75.763005,26.850433],[75.762978,26.850447],[75.76297,26.850423],[75.763694,26.848847]]},"properties":{"category":"carriageway"}},{"type":"Feature","geometry":{"type":"LineString","coordinates":[[75.762886,26.850659],[75.762886,26.850659]]},"properties":{"category":"carriageway"}},{"type":"Feature","geometry":{"type":"LineString","coordinates":[[75.761803,26.852952],[75.761803,26.852952]]},"properties":{"category":"carriageway"}},{"type":"Feature","geometry":{"type":"LineString","coordinates":[[75.761007,26.854418],[75.761007,26.854418]]},"properties":{"category":"carriageway"}},{"type":"Feature","geometry":{"type":"LineString","coordinates":[[75.758447,26.85674],[75.758588,26.856581],[75.758443,26.856739]]},"properties":{"category":"carriageway"}},{"type":"Feature","geometry":{"type":"LineString","coordinates":[[75.75778,26.857304],[75.75778,26.857304]]},"properties":{"category":"carriageway"}},{"type":"Feature","geometry":{"type":"LineString","coordinates":[[75.755737,26.860132],[75.755737,26.860132]]},"properties":{"category":"carriageway"}},{"type":"Feature","geometry":{"type":"LineString","coordinates":[[75.754119,26.86346],[75.752927,26.865881],[75.752893,26.865872],[75.752904,26.865838],[75.754095,26.863505]]},"properties":{"category":"carriageway"}},{"type":"Feature","geometry":{"type":"LineString","coordinates":[[75.752844,26.865963],[75.752844,26.865963]]},"properties":{"category":"carriageway"}},{"type":"Feature","geometry":{"type":"LineString","coordinates":[[75.752146,26.867395],[75.752146,26.867395]]},"properties":{"category":"carriageway"}},{"type":"Feature","geometry":{"type":"LineString","coordinates":[[75.750949,26.869858],[75.750949,26.869858]]},"properties":{"category":"carriageway"}},{"type":"Feature","geometry":{"type":"LineString","coordinates":[[75.749136,26.873552],[75.749136,26.873552]]},"properties":{"category":"carriageway"}},{"type":"Feature","geometry":{"type":"LineString","coordinates":[[75.774772,26.829658],[75.774696,26.829725],[75.774699,26.829767],[75.774532,26.829908]]},"properties":{"category":"carriageway"}},{"type":"Feature","geometry":{"type":"LineString","coordinates":[[75.77452,26.829877],[75.774746,26.829634]]},"properties":{"category":"carriageway"}},{"type":"Feature","geometry":{"type":"LineString","coordinates":[[75.774746,26.829634],[75.774664,26.829556]]},"properties":{"category":"carriageway"}},{"type":"Feature","geometry":{"type":"LineString","coordinates":[[75.774664,26.829556],[75.77438,26.829836],[75.774487,26.829935]]},"properties":{"category":"carriageway"}},{"type":"Feature","geometry":{"type":"LineString","coordinates":[[75.775176,26.828832],[75.775233,26.828819],[75.775251,26.82886],[75.774419,26.829724],[75.774364,26.829744],[75.774324,26.829697],[75.774346,26.829674]]},"properties":{"category":"carriageway"}},{"type":"Feature","geometry":{"type":"LineString","coordinates":[[75.774428,26.829996],[75.774366,26.829942],[75.77443,26.82999]]},"properties":{"category":"carriageway"}},{"type":"Feature","geometry":{"type":"LineString","coordinates":[[75.774359,26.830034],[75.774272,26.82996],[75.774243,26.829971],[75.772289,26.831972],[75.77227,26.831996],[75.77229,26.832028]]},"properties":{"category":"carriageway"}},{"type":"Feature","geometry":{"type":"LineString","coordinates":[[75.774182,26.829976],[75.774182,26.829976]]},"properties":{"category":"carriageway"}},{"type":"Feature","geometry":{"type":"LineString","coordinates":[[75.773112,26.830911],[75.773112,26.830911]]},"properties":{"category":"carriageway"}},{"type":"Feature","geometry":{"type":"LineString","coordinates":[[75.772051,26.832007],[75.772051,26.832007]]},"properties":{"category":"carriageway"}},{"type":"Feature","geometry":{"type":"LineString","coordinates":[[75.772242,26.8321],[75.772182,26.832083],[75.771705,26.832548],[75.771293,26.832999],[75.771169,26.83292],[75.771077,26.833006],[75.770553,26.833612],[75.770639,26.833691]]},"properties":{"category":"carriageway"}},{"type":"Feature","geometry":{"type":"LineString","coordinates":[[75.770623,26.833738],[75.770484,26.833717],[75.770235,26.834198],[75.769157,26.836554],[75.769173,26.836606],[75.76927,26.836655]]},"properties":{"category":"carriageway"}},{"type":"Feature","geometry":{"type":"LineString","coordinates":[[75.769227,26.836678],[75.769108,26.836675],[75.768823,26.837328],[75.76888,26.837383],[75.769142,26.837481]]},"properties":{"category":"carriageway"}},{"type":"Feature","geometry":{"type":"LineString","coordinates":[[75.769104,26.837526],[75.768973,26.837481],[75.768955,26.837504]]},"properties":{"category":"carriageway"}},{"type":"Feature","geometry":{"type":"LineString","coordinates":[[75.768865,26.837814],[75.768811,26.837813],[75.768726,26.837965],[75.76813,26.839299]]},"properties":{"category":"carriageway"}},{"type":"Feature","geometry":{"type":"LineString","coordinates":[[75.768096,26.839278],[75.7689,26.837514]]},"properties":{"category":"carriageway"}},{"type":"Feature","geometry":{"type":"LineString","coordinates":[[75.768955,26.837504],[75.76883,26.837751],[75.768868,26.83779]]},"properties":{"category":"carriageway"}},{"type":"Feature","geometry":{"type":"LineString","coordinates":[[75.7689,26.837514],[75.768871,26.837455],[75.768768,26.837447],[75.768097,26.838943],[75.767975,26.83924],[75.767985,26.839303]]},"properties":{"category":"carriageway"}},{"type":"Feature","geometry":{"type":"LineString","coordinates":[[75.767849,26.839962],[75.767722,26.840291]]},"properties":{"category":"carriageway"}},{"type":"Feature","geometry":{"type":"LineString","coordinates":[[75.767707,26.840324],[75.767586,26.840543],[75.767603,26.840561]]},"properties":{"category":"carriageway"}},{"type":"Feature","geometry":{"type":"LineString","coordinates":[[75.767849,26.839962],[75.767874,26.839901],[75.767918,26.839876],[75.769145,26.840298],[75.769976,26.84064],[75.770111,26.840646]]},"properties":{"category":"carriageway"}},{"type":"Feature","geometry":{"type":"LineString","coordinates":[[75.76751,26.840744],[75.767484,26.840729],[75.767391,26.840933],[75.767421,26.84095]]},"properties":{"category":"carriageway"}},{"type":"Feature","geometry":{"type":"LineString","coordinates":[[75.767497,26.840697],[75.767382,26.840949],[75.76742,26.840969]]},"properties":{"category":"carriageway"}},{"type":"Feature","geometry":{"type":"LineString","coordinates":[[75.767408,26.841],[75.767354,26.841],[75.766777,26.842243],[75.766594,26.842668],[75.766626,26.842695]]},"properties":{"category":"carriageway"}},{"type":"Feature","geometry":{"type":"LineString","coordinates":[[75.766636,26.842729],[75.766579,26.842725],[75.76646,26.842982],[75.766486,26.84301]]},"properties":{"category":"carriageway"}},{"type":"Feature","geometry":{"type":"LineString","coordinates":[[75.766474,26.843037],[75.766444,26.843034],[75.766411,26.843077],[75.766062,26.843856],[75.766127,26.843906]]},"properties":{"category":"carriageway"}},{"type":"Feature","geometry":{"type":"LineString","coordinates":[[75.766452,26.843073],[75.766456,26.843043],[75.766413,26.843077],[75.766063,26.843857],[75.76608,26.843887],[75.766096,26.843856]]},"properties":{"category":"carriageway"}},{"type":"Feature","geometry":{"type":"LineString","coordinates":[[75.766075,26.843921],[75.766033,26.843916],[75.765899,26.844199],[75.765237,26.845686],[75.76527,26.845708]]},"properties":{"category":"carriageway"}},{"type":"Feature","geometry":{"type":"LineString","coordinates":[[75.765264,26.84574],[75.765211,26.84574],[75.765097,26.845982]]},"properties":{"category":"carriageway"}},{"type":"Feature","geometry":{"type":"LineString","coordinates":[[75.764985,26.846225],[75.764428,26.847439],[75.764364,26.847626],[75.764398,26.847653]]},"properties":{"category":"carriageway"}},{"type":"Feature","geometry":{"type":"LineString","coordinates":[[75.764292,26.847957],[75.764235,26.847934],[75.764196,26.847967],[75.763859,26.848707],[75.763849,26.848757],[75.763908,26.848786]]},"properties":{"category":"carriageway"}},{"type":"Feature","geometry":{"type":"LineString","coordinates":[[75.76388,26.848736],[75.763851,26.848753],[75.763862,26.848707],[75.764198,26.847967],[75.764212,26.847945],[75.76423,26.847966]]},"properties":{"category":"carriageway"}},{"type":"Feature","geometry":{"type":"LineString","coordinates":[[75.763905,26.848832],[75.763827,26.848821],[75.76375,26.848942],[75.763097,26.850395]]},"properties":{"category":"carriageway"}},{"type":"Feature","geometry":{"type":"LineString","coordinates":[[75.761552,26.853951],[75.761454,26.853927],[75.761211,26.854333],[75.761432,26.854539]]},"properties":{"category":"carriageway"}},{"type":"Feature","geometry":{"type":"LineString","coordinates":[[75.761463,26.854716],[75.761112,26.854463],[75.758897,26.856423],[75.758898,26.85647],[75.759119,26.856665]]},"properties":{"category":"carriageway"}},{"type":"Feature","geometry":{"type":"LineString","coordinates":[[75.75889,26.85692],[75.75894,26.856864],[75.758933,26.856792],[75.75872,26.856613],[75.758659,26.856634],[75.757447,26.857713],[75.757525,26.85778]]},"properties":{"category":"carriageway"}},{"type":"Feature","geometry":{"type":"LineString","coordinates":[[75.757463,26.857775],[75.757395,26.857751],[75.757179,26.857972],[75.757141,26.858022],[75.757197,26.858068]]},"properties":{"category":"carriageway"}},{"type":"Feature","geometry":{"type":"LineString","coordinates":[[75.757148,26.858079],[75.757108,26.858051],[75.756867,26.85828],[75.756836,26.858334],[75.756878,26.858376]]},"properties":{"category":"carriageway"}},{"type":"Feature","geometry":{"type":"LineString","coordinates":[[75.756844,26.858385],[75.756802,26.858383],[75.756515,26.858807],[75.756367,26.859087],[75.756409,26.859113]]},"properties":{"category":"carriageway"}},{"type":"Feature","geometry":{"type":"LineString","coordinates":[[75.756396,26.859139],[75.756337,26.85914],[75.756179,26.859448],[75.756193,26.859472]]},"properties":{"category":"carriageway"}},{"type":"Feature","geometry":{"type":"LineString","coordinates":[[75.756192,26.859514],[75.756159,26.85952],[75.755872,26.860076],[75.755957,26.86012]]},"properties":{"category":"carriageway"}},{"type":"Feature","geometry":{"type":"LineString","coordinates":[[75.755897,26.860133],[75.755838,26.860127],[75.755538,26.86075],[75.755603,26.860809]]},"properties":{"category":"carriageway"}},{"type":"Feature","geometry":{"type":"LineString","coordinates":[[75.755549,26.860817],[75.755499,26.860824],[75.754894,26.862051],[75.754978,26.862103]]},"properties":{"category":"carriageway"}},{"type":"Feature","geometry":{"type":"LineString","coordinates":[[75.754908,26.862108],[75.754871,26.8621],[75.754712,26.862418],[75.754738,26.862446]]},"properties":{"category":"carriageway"}},{"type":"Feature","geometry":{"type":"LineString","coordinates":[[75.754735,26.862489],[75.75469,26.862483],[75.754642,26.862543],[75.754373,26.863111],[75.754743,26.863269],[75.75477,26.863239]]},"properties":{"category":"carriageway"}},{"type":"Feature","geometry":{"type":"LineString","coordinates":[[75.754426,26.8633],[75.754291,26.863256],[75.754139,26.863552],[75.754167,26.863597]]},"properties":{"category":"carriageway"}},{"type":"Feature","geometry":{"type":"LineString","coordinates":[[75.754154,26.863623],[75.754119,26.863626],[75.753954,26.863949],[75.754009,26.863985]]},"properties":{"category":"carriageway"}},{"type":"Feature","geometry":{"type":"LineString","coordinates":[[75.753979,26.863999],[75.753933,26.864005],[75.753658,26.864542],[75.753685,26.864575]]},"properties":{"category":"carriageway"}},{"type":"Feature","geometry":{"type":"LineString","coordinates":[[75.753693,26.864602],[75.753631,26.864595],[75.753465,26.864915],[75.753506,26.864952]]},"properties":{"category":"carriageway"}},{"type":"Feature","geometry":{"type":"LineString","coordinates":[[75.753499,26.864977],[75.753437,26.864986],[75.753307,26.865242],[75.753326,26.865291]]},"properties":{"category":"carriageway"}},{"type":"Feature","geometry":{"type":"LineString","coordinates":[[75.753316,26.865317],[75.753269,26.86532],[75.753143,26.865563],[75.753133,26.865587],[75.753167,26.865608]]},"properties":{"category":"carriageway"}},{"type":"Feature","geometry":{"type":"LineString","coordinates":[[75.753165,26.865639],[75.753109,26.865639],[75.752986,26.865904],[75.753008,26.865936]]},"properties":{"category":"carriageway"}},{"type":"Feature","geometry":{"type":"LineString","coordinates":[[75.753016,26.865999],[75.752945,26.866],[75.752313,26.867256],[75.752319,26.86733],[75.752502,26.86741]]},"properties":{"category":"carriageway"}},{"type":"Feature","geometry":{"type":"LineString","coordinates":[[75.752357,26.867403],[75.752264,26.867381],[75.752216,26.867467],[75.751751,26.868407],[75.751785,26.868443]]},"properties":{"category":"carriageway"}},{"type":"Feature","geometry":{"type":"LineString","coordinates":[[75.751774,26.868465],[75.751721,26.868471],[75.751585,26.868729],[75.751617,26.868761]]},"properties":{"category":"carriageway"}},{"type":"Feature","geometry":{"type":"LineString","coordinates":[[75.751618,26.868796],[75.751562,26.868787],[75.751428,26.869053],[75.751457,26.869086]]},"properties":{"category":"carriageway"}},{"type":"Feature","geometry":{"type":"LineString","coordinates":[[75.751443,26.869106],[75.75141,26.869107],[75.751261,26.869374],[75.751299,26.869407]]},"properties":{"category":"carriageway"}},{"type":"Feature","geometry":{"type":"LineString","coordinates":[[75.751292,26.869433],[75.751249,26.869425],[75.751091,26.869737],[75.751325,26.869847]]},"properties":{"category":"carriageway"}},{"type":"Feature","geometry":{"type":"LineString","coordinates":[[75.75128,26.869915],[75.751054,26.869833],[75.750894,26.870137],[75.751198,26.870273]]},"properties":{"category":"carriageway"}},{"type":"Feature","geometry":{"type":"LineString","coordinates":[[75.751046,26.870253],[75.750873,26.870188],[75.750473,26.870992],[75.750489,26.871015]]},"properties":{"category":"carriageway"}},{"type":"Feature","geometry":{"type":"LineString","coordinates":[[75.750496,26.871056],[75.750436,26.871062],[75.7503,26.871381]]},"properties":{"category":"carriageway"}},{"type":"Feature","geometry":{"type":"LineString","coordinates":[[75.750346,26.871436],[75.750287,26.871428]]},"properties":{"category":"carriageway"}},{"type":"Feature","geometry":{"type":"LineString","coordinates":[[75.749475,26.873175],[75.749426,26.873161],[75.749269,26.873474],[75.749302,26.873531]]},"properties":{"category":"carriageway"}},{"type":"Feature","geometry":{"type":"LineString","coordinates":[[75.749282,26.873569],[75.749227,26.873562],[75.748783,26.874484],[75.74875,26.874564],[75.748804,26.874598]]},"properties":{"category":"carriageway"}},{"type":"Feature","geometry":{"type":"LineString","coordinates":[[75.74878,26.874621],[75.748737,26.874611],[75.748495,26.875083],[75.74855,26.87512]]},"properties":{"category":"carriageway"}},{"type":"Feature","geometry":{"type":"LineString","coordinates":[[75.748542,26.875145],[75.748475,26.875141],[75.74825,26.875593],[75.748281,26.875633]]},"properties":{"category":"carriageway"}},{"type":"Feature","geometry":{"type":"LineString","coordinates":[[75.748269,26.875664],[75.748222,26.875663],[75.748083,26.875933],[75.748024,26.876067],[75.748053,26.876087]]},"properties":{"category":"carriageway"}},{"type":"Feature","geometry":{"type":"LineString","coordinates":[[75.748046,26.876112],[75.747996,26.876121],[75.747764,26.876601]]},"properties":{"category":"carriageway"}},{"type":"Feature","geometry":{"type":"LineString","coordinates":[[75.747872,26.876968],[75.747895,26.877153],[75.747974,26.877262],[75.74844,26.878205],[75.748668,26.878544],[75.748674,26.878585],[75.748593,26.878685],[75.748658,26.878781]]},"properties":{"category":"carriageway"}},{"type":"Feature","geometry":{"type":"LineString","coordinates":[[75.748697,26.878587],[75.748441,26.878203],[75.747888,26.87709],[75.747888,26.876957],[75.748051,26.876969],[75.748043,26.876994]]},"properties":{"category":"carriageway"}},{"type":"Feature","geometry":{"type":"LineString","coordinates":[[75.7503,26.871381],[75.750343,26.871399]]},"properties":{"category":"carriageway"}},{"type":"Feature","geometry":{"type":"LineString","coordinates":[[75.750287,26.871428],[75.749675,26.872638],[75.749452,26.873127],[75.749485,26.873152]]},"properties":{"category":"carriageway"}},{"type":"Feature","geometry":{"type":"LineString","coordinates":[[75.767978,26.84455],[75.767709,26.844451]]},"properties":{"category":"carriageway"}},{"type":"Feature","geometry":{"type":"LineString","coordinates":[[75.767695,26.844446],[75.766096,26.843856]]},"properties":{"category":"carriageway"}},{"type":"Feature","geometry":{"type":"LineString","coordinates":[[75.768048,26.844547],[75.768044,26.844592],[75.768078,26.844633],[75.769449,26.845128],[75.769502,26.845097]]},"properties":{"category":"carriageway"}},{"type":"Feature","geometry":{"type":"LineString","coordinates":[[75.76953,26.84511],[75.76954,26.84516],[75.770393,26.845467]]},"properties":{"category":"carriageway"}},{"type":"Feature","geometry":{"type":"LineString","coordinates":[[75.768197,26.844803],[75.768247,26.844738],[75.768308,26.844747],[75.770371,26.845491]]},"properties":{"category":"carriageway"}},{"type":"Feature","geometry":{"type":"LineString","coordinates":[[75.773155,26.858877],[75.77197,26.858997]]},"properties":{"category":"carriageway"}},{"type":"Feature","geometry":{"type":"LineString","coordinates":[[75.771839,26.85901],[75.771537,26.859036],[75.771497,26.858942]]},"properties":{"category":"carriageway"}},{"type":"Feature","geometry":{"type":"LineString","coordinates":[[75.771459,26.85896],[75.77146,26.859043],[75.771303,26.859062],[75.770269,26.859149],[75.770249,26.859092]]},"properties":{"category":"carriageway"}},{"type":"Feature","geometry":{"type":"LineString","coordinates":[[75.770212,26.85908],[75.770213,26.859149],[75.769471,26.859241],[75.769275,26.859253],[75.769254,26.859184]]},"properties":{"category":"carriageway"}},{"type":"Feature","geometry":{"type":"LineString","coordinates":[[75.769168,26.859144],[75.769178,26.859249],[75.769028,26.859308],[75.7679,26.859471],[75.76787,26.859393]]},"properties":{"category":"carriageway"}},{"type":"Feature","geometry":{"type":"LineString","coordinates":[[75.767834,26.859404],[75.76782,26.859478],[75.766979,26.859605],[75.766424,26.859948],[75.765788,26.85903]]},"properties":{"category":"carriageway"}},{"type":"Feature","geometry":{"type":"LineString","coordinates":[[75.773139,26.85894],[75.772826,26.858979],[75.77281,26.859058]]},"properties":{"category":"carriageway"}},{"type":"Feature","geometry":{"type":"LineString","coordinates":[[75.772774,26.859045],[75.772758,26.859004],[75.772701,26.858987],[75.771271,26.859117],[75.771247,26.859211]]},"properties":{"category":"carriageway"}},{"type":"Feature","geometry":{"type":"LineString","coordinates":[[75.771218,26.859193],[75.771191,26.859129],[75.770698,26.859166],[75.770676,26.859263]]},"properties":{"category":"carriageway"}},{"type":"Feature","geometry":{"type":"LineString","coordinates":[[75.770638,26.859267],[75.770566,26.859186],[75.769603,26.859278],[75.769055,26.859361],[75.768984,26.859389],[75.768977,26.859489]]},"properties":{"category":"carriageway"}},{"type":"Feature","geometry":{"type":"LineString","coordinates":[[75.768928,26.859491],[75.768899,26.859404],[75.768848,26.859386],[75.768108,26.859481],[75.768102,26.85953]]},"properties":{"category":"carriageway"}},{"type":"Feature","geometry":{"type":"LineString","coordinates":[[75.768035,26.859551],[75.768013,26.859507],[75.767306,26.859605],[75.767301,26.859706]]},"properties":{"category":"carriageway"}},{"type":"Feature","geometry":{"type":"LineString","coordinates":[[75.767258,26.859702],[75.767217,26.85962],[75.767026,26.859651],[75.766904,26.859702],[75.766457,26.860018],[75.766667,26.860333],[75.766883,26.860593],[75.767617,26.86128],[75.767638,26.861262],[75.767626,26.861183]]},"properties":{"category":"carriageway"}},{"type":"Feature","geometry":{"type":"LineString","coordinates":[[75.767656,26.861181],[75.767685,26.861317],[75.767758,26.861386],[75.767985,26.861359]]},"properties":{"category":"carriageway"}},{"type":"Feature","geometry":{"type":"LineString","coordinates":[[75.768002,26.861396],[75.767961,26.861399],[75.767961,26.861433],[75.768027,26.861505],[75.768865,26.861861],[75.76915,26.861967],[75.769195,26.861874]]},"properties":{"category":"carriageway"}},{"type":"Feature","geometry":{"type":"LineString","coordinates":[[75.76923,26.861925],[75.769224,26.86199],[75.769563,26.862143],[75.770253,26.862392],[75.77032,26.86234]]},"properties":{"category":"carriageway"}},{"type":"Feature","geometry":{"type":"LineString","coordinates":[[75.770341,26.862359],[75.770291,26.862429],[75.770604,26.862671],[75.770692,26.862621]]},"properties":{"category":"carriageway"}},{"type":"Feature","geometry":{"type":"LineString","coordinates":[[75.770737,26.862648],[75.770691,26.862734],[75.770965,26.862955],[75.771034,26.862931]]},"properties":{"category":"carriageway"}},{"type":"Feature","geometry":{"type":"LineString","coordinates":[[75.77106,26.862954],[75.771024,26.86301],[75.771394,26.863305],[75.771693,26.863541],[75.771747,26.8635]]},"properties":{"category":"carriageway"}},{"type":"Feature","geometry":{"type":"LineString","coordinates":[[75.771771,26.863513],[75.771729,26.863563],[75.77229,26.864021],[75.772326,26.864035],[75.772373,26.863991]]},"properties":{"category":"carriageway"}},{"type":"Feature","geometry":{"type":"LineString","coordinates":[[75.772394,26.864012],[75.772346,26.864084],[75.77299,26.864588]]},"properties":{"category":"carriageway"}},{"type":"Feature","geometry":{"type":"LineString","coordinates":[[75.768754,26.861767],[75.768745,26.861797],[75.76916,26.861964],[75.769186,26.861876],[75.769162,26.861873]]},"properties":{"category":"carriageway"}},{"type":"Feature","geometry":{"type":"LineString","coordinates":[[75.769251,26.861962],[75.769239,26.861981],[75.769343,26.862035],[75.770249,26.86239],[75.770258,26.862371]]},"properties":{"category":"carriageway"}},{"type":"Feature","geometry":{"type":"LineString","coordinates":[[75.772898,26.86467],[75.772923,26.864687],[75.772927,26.864667],[75.77256,26.864355],[75.772338,26.8642],[75.772788,26.864576]]},"properties":{"category":"carriageway"}},{"type":"Feature","geometry":{"type":"LineString","coordinates":[[75.772156,26.864057],[75.772183,26.864053],[75.770645,26.862815],[75.770627,26.862828],[75.770715,26.862901],[75.772103,26.864014]]},"properties":{"category":"carriageway"}},{"type":"Feature","geometry":{"type":"LineString","coordinates":[[75.7705,26.862727],[75.770514,26.862714],[75.770197,26.862482],[75.769205,26.862101],[75.770122,26.862471],[75.770344,26.862607]]},"properties":{"category":"carriageway"}},{"type":"Feature","geometry":{"type":"LineString","coordinates":[[75.76907,26.862048],[75.769082,26.862033],[75.767716,26.861474],[75.767134,26.860954],[75.767707,26.861492],[75.769015,26.862026]]},"properties":{"category":"carriageway"}},{"type":"Feature","geometry":{"type":"LineString","coordinates":[[75.766996,26.860854],[75.767011,26.860841],[75.766653,26.860479],[75.766406,26.86012],[75.766379,26.860121],[75.766404,26.860165],[75.766575,26.86041],[75.766833,26.860706]]},"properties":{"category":"carriageway"}},{"type":"Feature","geometry":{"type":"LineString","coordinates":[[75.766273,26.859963],[75.766292,26.859959],[75.766222,26.859847],[75.765713,26.859074],[75.765696,26.859064],[75.765695,26.859088],[75.766205,26.859861]]},"properties":{"category":"carriageway"}},{"type":"Feature","geometry":{"type":"LineString","coordinates":[[75.772176,26.864301],[75.772258,26.864256],[75.772748,26.864667]]},"properties":{"category":"carriageway"}},{"type":"Feature","geometry":{"type":"LineString","coordinates":[[75.772064,26.86426],[75.772126,26.864154],[75.770246,26.862646],[75.769807,26.862438],[75.769674,26.862408],[75.769592,26.862478]]},"properties":{"category":"carriageway"}},{"type":"Feature","geometry":{"type":"LineString","coordinates":[[75.769536,26.862433],[75.769597,26.862371],[75.769499,26.862317],[75.767812,26.861634],[75.767682,26.861591],[75.767632,26.861611]]},"properties":{"category":"carriageway"}},{"type":"Feature","geometry":{"type":"LineString","coordinates":[[75.767575,26.861586],[75.767601,26.861533],[75.766645,26.860656],[75.766541,26.860759]]},"properties":{"category":"carriageway"}},{"type":"Feature","geometry":{"type":"LineString","coordinates":[[75.766544,26.860766],[75.766623,26.860695],[75.766688,26.860706],[75.767595,26.86153],[75.767573,26.861552]]},"properties":{"category":"carriageway"}},{"type":"Feature","geometry":{"type":"LineString","coordinates":[[75.766489,26.860717],[75.766599,26.860614],[75.766577,26.860573],[75.765617,26.859167]]},"properties":{"category":"carriageway"}},{"type":"Feature","geometry":{"type":"LineString","coordinates":[[75.765527,26.85868],[75.764913,26.857768],[75.764303,26.85715],[75.763315,26.85626],[75.763324,26.856211],[75.763378,26.856161]]},"properties":{"category":"carriageway"}},{"type":"Feature","geometry":{"type":"LineString","coordinates":[[75.763351,26.856135],[75.763251,26.856183],[75.763184,26.856144],[75.762593,26.855603]]},"properties":{"category":"carriageway"}},{"type":"Feature","geometry":{"type":"LineString","coordinates":[[75.762593,26.855603],[75.762644,26.855529]]},"properties":{"category":"carriageway"}},{"type":"Feature","geometry":{"type":"LineString","coordinates":[[75.762628,26.855504],[75.762534,26.855544]]},"properties":{"category":"carriageway"}},{"type":"Feature","geometry":{"type":"LineString","coordinates":[[75.762325,26.855215],[75.762227,26.855256],[75.761432,26.854539]]},"properties":{"category":"carriageway"}},{"type":"Feature","geometry":{"type":"LineString","coordinates":[[75.761463,26.854716],[75.762266,26.855494],[75.764633,26.857666],[75.764971,26.858095],[75.765373,26.85869]]},"properties":{"category":"carriageway"}},{"type":"Feature","geometry":{"type":"LineString","coordinates":[[75.761044,26.85459],[75.761025,26.854556],[75.761099,26.854487],[75.76122,26.854575],[75.764222,26.857323],[75.764186,26.857346]]},"properties":{"category":"carriageway"}},{"type":"Feature","geometry":{"type":"LineString","coordinates":[[75.770021,26.866642],[75.768449,26.865227]]},"properties":{"category":"carriageway"}},{"type":"Feature","geometry":{"type":"LineString","coordinates":[[75.763403,26.860474],[75.763403,26.860474]]},"properties":{"category":"carriageway"}},{"type":"Feature","geometry":{"type":"LineString","coordinates":[[75.761675,26.85873],[75.761592,26.858796],[75.76167,26.858874],[75.761638,26.858926],[75.761656,26.858944],[75.761875,26.859047],[75.763255,26.860296]]},"properties":{"category":"carriageway"}},{"type":"Feature","geometry":{"type":"LineString","coordinates":[[75.762619,26.859772],[75.762592,26.85976],[75.7626,26.859787],[75.763141,26.860273],[75.763163,26.860261],[75.763122,26.860216],[75.762689,26.859831]]},"properties":{"category":"carriageway"}},{"type":"Feature","geometry":{"type":"LineString","coordinates":[[75.761168,26.85828],[75.7611,26.858363],[75.761241,26.858437],[75.761477,26.85866],[75.761549,26.858768],[75.76164,26.858704]]},"properties":{"category":"carriageway"}},{"type":"Feature","geometry":{"type":"LineString","coordinates":[[75.759176,26.856618],[75.761047,26.858309],[75.761142,26.858256]]},"properties":{"category":"carriageway"}},{"type":"Feature","geometry":{"type":"LineString","coordinates":[[75.759143,26.856648],[75.760898,26.858239],[75.759119,26.856665]]},"properties":{"category":"carriageway"}},{"type":"Feature","geometry":{"type":"LineString","coordinates":[[75.760882,26.858246],[75.761638,26.858926]]},"properties":{"category":"carriageway"}},{"type":"Feature","geometry":{"type":"LineString","coordinates":[[75.761022,26.858529],[75.76104,26.858518],[75.763469,26.860695]]},"properties":{"category":"carriageway"}},{"type":"Feature","geometry":{"type":"LineString","coordinates":[[75.763455,26.860713],[75.761022,26.858529]]},"properties":{"category":"carriageway"}},{"type":"Feature","geometry":{"type":"LineString","coordinates":[[75.763455,26.860713],[75.763519,26.860753],[75.763469,26.860695]]},"properties":{"category":"carriageway"}},{"type":"Feature","geometry":{"type":"LineString","coordinates":[[75.759519,26.857181],[75.759541,26.85717],[75.760956,26.858443],[75.760935,26.858453],[75.759674,26.85732]]},"properties":{"category":"carriageway"}},{"type":"Feature","geometry":{"type":"LineString","coordinates":[[75.758799,26.856532],[75.758785,26.856514],[75.758808,26.856516],[75.758927,26.856618],[75.759447,26.857088],[75.759429,26.857101],[75.758843,26.856571]]},"properties":{"category":"carriageway"}},{"type":"Feature","geometry":{"type":"LineString","coordinates":[[75.759402,26.857252],[75.759428,26.857228],[75.760605,26.858265],[75.760599,26.858296],[75.760565,26.858295],[75.760411,26.858168],[75.759419,26.857269]]},"properties":{"category":"carriageway"}},{"type":"Feature","geometry":{"type":"LineString","coordinates":[[75.760644,26.858356],[75.76067,26.858345],[75.760891,26.858549],[75.760863,26.858573],[75.760643,26.858359]]},"properties":{"category":"carriageway"}},{"type":"Feature","geometry":{"type":"LineString","coordinates":[[75.760937,26.858651],[75.761235,26.858911],[75.761267,26.858916],[75.761279,26.85889],[75.76095,26.858594],[75.760916,26.858609]]},"properties":{"category":"carriageway"}},{"type":"Feature","geometry":{"type":"LineString","coordinates":[[75.761301,26.858975],[75.761294,26.858942],[75.761328,26.858931],[75.761548,26.859141],[75.76151,26.859161],[75.761362,26.859017]]},"properties":{"category":"carriageway"}},{"type":"Feature","geometry":{"type":"LineString","coordinates":[[75.761706,26.859337],[75.762289,26.859864],[75.762336,26.859838],[75.762305,26.859814]]},"properties":{"category":"carriageway"}},{"type":"Feature","geometry":{"type":"LineString","coordinates":[[75.762305,26.859814],[75.76161,26.859183],[75.761568,26.859211],[75.761706,26.859337]]},"properties":{"category":"carriageway"}},{"type":"Feature","geometry":{"type":"LineString","coordinates":[[75.762386,26.859942],[75.762574,26.860109],[75.762613,26.860118],[75.762625,26.860093],[75.762396,26.859889],[75.76236,26.859885],[75.762364,26.859918]]},"properties":{"category":"carriageway"}},{"type":"Feature","geometry":{"type":"LineString","coordinates":[[75.762671,26.860198],[75.763139,26.860621],[75.763188,26.860606],[75.762704,26.860166],[75.762667,26.86018]]},"properties":{"category":"carriageway"}},{"type":"Feature","geometry":{"type":"LineString","coordinates":[[75.763246,26.860663],[75.763246,26.860705],[75.76348,26.860898],[75.763492,26.860867],[75.763252,26.860662]]},"properties":{"category":"carriageway"}},{"type":"Feature","geometry":{"type":"LineString","coordinates":[[75.758905,26.856948],[75.75896,26.856929],[75.759145,26.857089],[75.759312,26.857247],[75.75928,26.857294]]},"properties":{"category":"carriageway"}},{"type":"Feature","geometry":{"type":"LineString","coordinates":[[75.759283,26.857336],[75.759348,26.857279],[75.760536,26.858343],[75.760516,26.85839]]},"properties":{"category":"carriageway"}},{"type":"Feature","geometry":{"type":"LineString","coordinates":[[75.760542,26.858415],[75.76059,26.858392],[75.760834,26.858611],[75.760756,26.858697]]},"properties":{"category":"carriageway"}},{"type":"Feature","geometry":{"type":"LineString","coordinates":[[75.760779,26.858727],[75.760882,26.858659],[75.76122,26.858959],[75.76118,26.859002]]},"properties":{"category":"carriageway"}},{"type":"Feature","geometry":{"type":"LineString","coordinates":[[75.761207,26.859021],[75.761243,26.858992],[75.761399,26.859115],[75.76149,26.859205],[75.761457,26.859255]]},"properties":{"category":"carriageway"}},{"type":"Feature","geometry":{"type":"LineString","coordinates":[[75.761511,26.859262],[75.76156,26.85925],[75.762267,26.859904],[75.762226,26.859965]]},"properties":{"category":"carriageway"}},{"type":"Feature","geometry":{"type":"LineString","coordinates":[[75.762253,26.859976],[75.762305,26.859937],[75.762358,26.859973],[75.762571,26.860168],[75.762531,26.860212]]},"properties":{"category":"carriageway"}},{"type":"Feature","geometry":{"type":"LineString","coordinates":[[75.762553,26.860239],[75.7626,26.860201],[75.762748,26.860328],[75.763135,26.860672],[75.763109,26.860726]]},"properties":{"category":"carriageway"}},{"type":"Feature","geometry":{"type":"LineString","coordinates":[[75.762611,26.860211],[75.763135,26.860675]]},"properties":{"category":"carriageway"}},{"type":"Feature","geometry":{"type":"LineString","coordinates":[[75.762611,26.860211],[75.762593,26.860227]]},"properties":{"category":"carriageway"}},{"type":"Feature","geometry":{"type":"LineString","coordinates":[[75.763112,26.860695],[75.763135,26.860675]]},"properties":{"category":"carriageway"}},{"type":"Feature","geometry":{"type":"LineString","coordinates":[[75.762311,26.85997],[75.762327,26.859951],[75.762358,26.859974],[75.76256,26.86016],[75.762541,26.860174]]},"properties":{"category":"carriageway"}},{"type":"Feature","geometry":{"type":"LineString","coordinates":[[75.761528,26.859265],[75.761559,26.85925],[75.76226,26.859899],[75.762242,26.859913]]},"properties":{"category":"carriageway"}},{"type":"Feature","geometry":{"type":"LineString","coordinates":[[75.761213,26.858961],[75.761193,26.85897],[75.760888,26.858712],[75.760915,26.858691],[75.761027,26.858787]]},"properties":{"category":"carriageway"}},{"type":"Feature","geometry":{"type":"LineString","coordinates":[[75.760576,26.858413],[75.760621,26.858416],[75.760811,26.858594],[75.760794,26.858606]]},"properties":{"category":"carriageway"}},{"type":"Feature","geometry":{"type":"LineString","coordinates":[[75.759341,26.857309],[75.759359,26.85729],[75.760256,26.858089],[75.760535,26.858344],[75.760514,26.858361]]},"properties":{"category":"carriageway"}},{"type":"Feature","geometry":{"type":"LineString","coordinates":[[75.759278,26.857253],[75.7593,26.857236],[75.759145,26.85709],[75.758973,26.856938],[75.758929,26.856941]]},"properties":{"category":"carriageway"}},{"type":"Feature","geometry":{"type":"LineString","coordinates":[[75.761845,26.859078],[75.761827,26.859093],[75.762485,26.859682],[75.7625,26.859663],[75.762,26.859222]]},"properties":{"category":"carriageway"}},{"type":"Feature","geometry":{"type":"LineString","coordinates":[[75.763552,26.860658],[75.763217,26.86035],[75.763255,26.860296]]},"properties":{"category":"carriageway"}},{"type":"Feature","geometry":{"type":"LineString","coordinates":[[75.768002,26.86514],[75.768038,26.865111]]},"properties":{"category":"carriageway"}},{"type":"Feature","geometry":{"type":"LineString","coordinates":[[75.769586,26.866544],[75.769515,26.866598]]},"properties":{"category":"carriageway"}},{"type":"Feature","geometry":{"type":"LineString","coordinates":[[75.770077,26.86638],[75.770004,26.866312],[75.770169,26.866152]]},"properties":{"category":"carriageway"}},{"type":"Feature","geometry":{"type":"LineString","coordinates":[[75.763783,26.86102],[75.763754,26.860987],[75.76378,26.860983],[75.764291,26.861441],[75.76447,26.861606],[75.76445,26.861618],[75.763927,26.86115]]},"properties":{"category":"carriageway"}},{"type":"Feature","geometry":{"type":"LineString","coordinates":[[75.764556,26.861714],[75.764576,26.8617],[75.765027,26.862104],[75.765173,26.862237],[75.765152,26.862252],[75.764706,26.861849]]},"properties":{"category":"carriageway"}},{"type":"Feature","geometry":{"type":"LineString","coordinates":[[75.764752,26.862073],[75.765043,26.862336]]},"properties":{"category":"carriageway"}},{"type":"Feature","geometry":{"type":"LineString","coordinates":[[75.765241,26.86233],[75.765255,26.862314],[75.765291,26.862341],[75.766372,26.863321],[75.766351,26.863336],[75.765439,26.862513]]},"properties":{"category":"carriageway"}},{"type":"Feature","geometry":{"type":"LineString","coordinates":[[75.76647,26.863442],[75.76649,26.863426],[75.767824,26.86463],[75.768119,26.864899],[75.7681,26.864913],[75.766615,26.863573]]},"properties":{"category":"carriageway"}},{"type":"Feature","geometry":{"type":"LineString","coordinates":[[75.767131,26.86422],[75.767171,26.864204],[75.768019,26.864971],[75.768001,26.865006]]},"properties":{"category":"carriageway"}},{"type":"Feature","geometry":{"type":"LineString","coordinates":[[75.768194,26.864999],[75.768214,26.864984],[75.770043,26.866633]]},"properties":{"category":"carriageway"}},{"type":"Feature","geometry":{"type":"LineString","coordinates":[[75.77002,26.866642],[75.768448,26.865227]]},"properties":{"category":"carriageway"}},{"type":"Feature","geometry":{"type":"LineString","coordinates":[[75.770022,26.866644],[75.77014,26.866741],[75.770043,26.866633]]},"properties":{"category":"carriageway"}},{"type":"Feature","geometry":{"type":"LineString","coordinates":[[75.763896,26.860959],[75.763868,26.860931],[75.763895,26.860919],[75.764062,26.861067],[75.764058,26.861104]]},"properties":{"category":"carriageway"}},{"type":"Feature","geometry":{"type":"LineString","coordinates":[[75.76419,26.861221],[75.76421,26.861205],[75.764532,26.861485],[75.764504,26.861503],[75.764362,26.861376]]},"properties":{"category":"carriageway"}},{"type":"Feature","geometry":{"type":"LineString","coordinates":[[75.764767,26.861742],[75.76479,26.861727],[75.765079,26.861987],[75.765058,26.862003],[75.764825,26.861791]]},"properties":{"category":"carriageway"}},{"type":"Feature","geometry":{"type":"LineString","coordinates":[[75.765123,26.862068],[75.76514,26.862047],[75.765167,26.862069],[75.76515,26.862087]]},"properties":{"category":"carriageway"}},{"type":"Feature","geometry":{"type":"LineString","coordinates":[[75.765751,26.862628],[75.765775,26.86262],[75.765751,26.862631]]},"properties":{"category":"carriageway"}},{"type":"Feature","geometry":{"type":"LineString","coordinates":[[75.767415,26.864133],[75.766179,26.863022],[75.766186,26.862992],[75.767395,26.864072],[75.768543,26.865117],[75.768516,26.865126],[75.768445,26.865064],[75.767506,26.864214]]},"properties":{"category":"carriageway"}},{"type":"Feature","geometry":{"type":"LineString","coordinates":[[75.768664,26.865256],[75.768673,26.865234],[75.769776,26.866226],[75.769728,26.866218],[75.768732,26.865322]]},"properties":{"category":"carriageway"}},{"type":"Feature","geometry":{"type":"LineString","coordinates":[[75.769917,26.866385],[75.769922,26.866358],[75.770188,26.866594],[75.77017,26.866613],[75.770015,26.866476]]},"properties":{"category":"carriageway"}},{"type":"Feature","geometry":{"type":"LineString","coordinates":[[75.76374,26.861164],[75.763764,26.861142],[75.763904,26.861259],[75.764778,26.86204],[75.764753,26.862073]]},"properties":{"category":"carriageway"}},{"type":"Feature","geometry":{"type":"LineString","coordinates":[[75.764752,26.862073],[75.76374,26.861164]]},"properties":{"category":"carriageway"}},{"type":"Feature","geometry":{"type":"LineString","coordinates":[[75.765043,26.862336],[75.765061,26.8623],[75.764856,26.862113],[75.764819,26.86213]]},"properties":{"category":"carriageway"}},{"type":"Feature","geometry":{"type":"LineString","coordinates":[[75.765146,26.86243],[75.76625,26.863423]]},"properties":{"category":"carriageway"}},{"type":"Feature","geometry":{"type":"LineString","coordinates":[[75.76625,26.863423],[75.766261,26.86339],[75.766207,26.863338],[75.765278,26.862496],[75.765181,26.86241],[75.765141,26.862425]]},"properties":{"category":"carriageway"}},{"type":"Feature","geometry":{"type":"LineString","coordinates":[[75.766396,26.863558],[75.767048,26.864144]]},"properties":{"category":"carriageway"}},{"type":"Feature","geometry":{"type":"LineString","coordinates":[[75.767048,26.864144],[75.767064,26.864106],[75.766504,26.863602],[75.766423,26.863531],[75.76639,26.863554]]},"properties":{"category":"carriageway"}},{"type":"Feature","geometry":{"type":"LineString","coordinates":[[75.768001,26.865006],[75.767132,26.864222]]},"properties":{"category":"carriageway"}},{"type":"Feature","geometry":{"type":"LineString","coordinates":[[75.768103,26.865101],[75.769986,26.866786]]},"properties":{"category":"carriageway"}},{"type":"Feature","geometry":{"type":"LineString","coordinates":[[75.769986,26.866786],[75.770013,26.866768],[75.769973,26.86673],[75.768139,26.865078],[75.768101,26.865099]]},"properties":{"category":"carriageway"}},{"type":"Feature","geometry":{"type":"LineString","coordinates":[[75.765918,26.862778],[75.765936,26.862765],[75.765979,26.862802],[75.765969,26.862822]]},"properties":{"category":"carriageway"}},{"type":"Feature","geometry":{"type":"LineString","coordinates":[[75.765969,26.862822],[75.765921,26.862788]]},"properties":{"category":"carriageway"}},{"type":"Feature","geometry":{"type":"LineString","coordinates":[[75.765856,26.862726],[75.765823,26.862696]]},"properties":{"category":"carriageway"}},{"type":"Feature","geometry":{"type":"LineString","coordinates":[[75.765822,26.862695],[75.76584,26.862678],[75.765872,26.862703],[75.765856,26.862726]]},"properties":{"category":"carriageway"}},{"type":"Feature","geometry":{"type":"LineString","coordinates":[[75.765659,26.862547],[75.765515,26.862419]]},"properties":{"category":"carriageway"}},{"type":"Feature","geometry":{"type":"LineString","coordinates":[[75.765514,26.862412],[75.765534,26.862401],[75.765677,26.862531],[75.765659,26.862547]]},"properties":{"category":"carriageway"}},{"type":"Feature","geometry":{"type":"LineString","coordinates":[[75.765347,26.86226],[75.765211,26.862144]]},"properties":{"category":"carriageway"}},{"type":"Feature","geometry":{"type":"LineString","coordinates":[[75.765209,26.862137],[75.765229,26.862126],[75.765358,26.862241],[75.765347,26.86226]]},"properties":{"category":"carriageway"}},{"type":"Feature","geometry":{"type":"LineString","coordinates":[[75.765966,26.862823],[75.766026,26.862883],[75.7662,26.862814]]},"properties":{"category":"carriageway"}},{"type":"Feature","geometry":{"type":"LineString","coordinates":[[75.766236,26.862856],[75.766194,26.862927],[75.766444,26.863131],[75.766474,26.863114]]},"properties":{"category":"carriageway"}},{"type":"Feature","geometry":{"type":"LineString","coordinates":[[75.766517,26.863153],[75.766495,26.863182],[75.767141,26.863759],[75.767171,26.863744]]},"properties":{"category":"carriageway"}},{"type":"Feature","geometry":{"type":"LineString","coordinates":[[75.767214,26.863784],[75.767196,26.86381],[75.767494,26.864072],[75.767482,26.864105],[75.767559,26.864164],[75.767627,26.864121]]},"properties":{"category":"carriageway"}},{"type":"Feature","geometry":{"type":"LineString","coordinates":[[75.767681,26.864183],[75.767654,26.864224],[75.767851,26.864424],[75.768613,26.865084],[75.768639,26.865095],[75.768685,26.865057]]},"properties":{"category":"carriageway"}},{"type":"Feature","geometry":{"type":"LineString","coordinates":[[75.768742,26.865129],[75.768687,26.865203],[75.768996,26.865437],[75.769822,26.866188],[75.76988,26.866193],[75.769957,26.866135]]},"properties":{"category":"carriageway"}},{"type":"Feature","geometry":{"type":"LineString","coordinates":[[75.769998,26.866155],[75.76992,26.866238],[75.770013,26.866174]]},"properties":{"category":"carriageway"}},{"type":"Feature","geometry":{"type":"LineString","coordinates":[[75.770034,26.866206],[75.769954,26.866314],[75.770228,26.866557]]},"properties":{"category":"carriageway"}},{"type":"Feature","geometry":{"type":"LineString","coordinates":[[75.763615,26.86116],[75.764713,26.86213],[75.764651,26.862193]]},"properties":{"category":"carriageway"}},{"type":"Feature","geometry":{"type":"LineString","coordinates":[[75.764705,26.862193],[75.764759,26.862156],[75.765017,26.8624],[75.764975,26.862466]]},"properties":{"category":"carriageway"}},{"type":"Feature","geometry":{"type":"LineString","coordinates":[[75.764986,26.862493],[75.765065,26.862448],[75.766218,26.863472],[75.766249,26.863506],[75.766177,26.863574]]},"properties":{"category":"carriageway"}},{"type":"Feature","geometry":{"type":"LineString","coordinates":[[75.766222,26.863616],[75.766283,26.863566],[75.766329,26.863585],[75.767039,26.864209],[75.766991,26.864255]]},"properties":{"category":"carriageway"}},{"type":"Feature","geometry":{"type":"LineString","coordinates":[[75.767016,26.864268],[75.767057,26.864229],[75.767088,26.864243],[75.76795,26.865062],[75.767964,26.865089],[75.76794,26.865109]]},"properties":{"category":"carriageway"}},{"type":"Feature","geometry":{"type":"LineString","coordinates":[[75.767966,26.865132],[75.76804,26.865099],[75.76821,26.86525],[75.768308,26.865346],[75.768258,26.865405]]},"properties":{"category":"carriageway"}},{"type":"Feature","geometry":{"type":"LineString","coordinates":[[75.768278,26.865422],[75.768331,26.865386],[75.768377,26.865421],[75.769669,26.866596],[75.76986,26.866783],[75.769906,26.866859],[75.769898,26.866951]]},"properties":{"category":"carriageway"}},{"type":"Feature","geometry":{"type":"LineString","coordinates":[[75.758664,26.864893],[75.758784,26.864943]]},"properties":{"category":"carriageway"}},{"type":"Feature","geometry":{"type":"LineString","coordinates":[[75.758878,26.86498],[75.758966,26.865014]]},"properties":{"category":"carriageway"}},{"type":"Feature","geometry":{"type":"LineString","coordinates":[[75.759697,26.8653],[75.759774,26.865331]]},"properties":{"category":"carriageway"}},{"type":"Feature","geometry":{"type":"LineString","coordinates":[[75.760762,26.865718],[75.761614,26.866043],[75.761796,26.86616],[75.761599,26.866053],[75.760881,26.865767]]},"properties":{"category":"carriageway"}},{"type":"Feature","geometry":{"type":"LineString","coordinates":[[75.761939,26.866265],[75.762357,26.866725],[75.762564,26.86701],[75.762001,26.866336]]},"properties":{"category":"carriageway"}},{"type":"Feature","geometry":{"type":"LineString","coordinates":[[75.762616,26.867076],[75.76263,26.867091]]},"properties":{"category":"carriageway"}},{"type":"Feature","geometry":{"type":"LineString","coordinates":[[75.762782,26.867289],[75.762971,26.8675],[75.763007,26.867579],[75.762842,26.867369]]},"properties":{"category":"carriageway"}},{"type":"Feature","geometry":{"type":"LineString","coordinates":[[75.758608,26.864799],[75.758836,26.864883],[75.758862,26.864885],[75.758878,26.864847]]},"properties":{"category":"carriageway"}},{"type":"Feature","geometry":{"type":"LineString","coordinates":[[75.758914,26.86485],[75.7589,26.864905],[75.760018,26.865355],[75.760058,26.865303]]},"properties":{"category":"carriageway"}},{"type":"Feature","geometry":{"type":"LineString","coordinates":[[75.760079,26.86532],[75.760093,26.865382],[75.760226,26.865422],[75.760249,26.865382]]},"properties":{"category":"carriageway"}},{"type":"Feature","geometry":{"type":"LineString","coordinates":[[75.760268,26.865395],[75.76026,26.865448],[75.761018,26.86573],[75.761097,26.865675]]},"properties":{"category":"carriageway"}},{"type":"Feature","geometry":{"type":"LineString","coordinates":[[75.761136,26.865691],[75.761083,26.865764],[75.761236,26.865852],[75.761516,26.865929],[75.761893,26.866137],[75.761963,26.866112]]},"properties":{"category":"carriageway"}},{"type":"Feature","geometry":{"type":"LineString","coordinates":[[75.762027,26.866144],[75.761976,26.866198],[75.762,26.866239],[75.762129,26.866364],[75.762214,26.866367]]},"properties":{"category":"carriageway"}},{"type":"Feature","geometry":{"type":"LineString","coordinates":[[75.762236,26.866392],[75.76221,26.866432],[75.762438,26.866741],[75.762632,26.866976],[75.76269,26.866945]]},"properties":{"category":"carriageway"}},{"type":"Feature","geometry":{"type":"LineString","coordinates":[[75.762706,26.866969],[75.762665,26.867008],[75.7628,26.867205],[75.762854,26.867191]]},"properties":{"category":"carriageway"}},{"type":"Feature","geometry":{"type":"LineString","coordinates":[[75.762876,26.86721],[75.762833,26.867243],[75.762849,26.86727],[75.762991,26.867433],[75.763029,26.867416]]},"properties":{"category":"carriageway"}},{"type":"Feature","geometry":{"type":"LineString","coordinates":[[75.758516,26.864902],[75.75874,26.865001],[75.758731,26.865045]]},"properties":{"category":"carriageway"}},{"type":"Feature","geometry":{"type":"LineString","coordinates":[[75.75877,26.86505],[75.758796,26.865016],[75.759423,26.865261],[75.7596,26.865341],[75.759594,26.865392]]},"properties":{"category":"carriageway"}},{"type":"Feature","geometry":{"type":"LineString","coordinates":[[75.759624,26.865389],[75.759653,26.86535],[75.759889,26.865444],[75.759879,26.865475]]},"properties":{"category":"carriageway"}},{"type":"Feature","geometry":{"type":"LineString","coordinates":[[75.759906,26.86548],[75.75993,26.865451],[75.760636,26.865734],[75.760607,26.865832]]},"properties":{"category":"carriageway"}},{"type":"Feature","geometry":{"type":"LineString","coordinates":[[75.760664,26.865848],[75.760711,26.865779],[75.760862,26.865826],[75.761501,26.866074],[75.761483,26.86614]]},"properties":{"category":"carriageway"}},{"type":"Feature","geometry":{"type":"LineString","coordinates":[[75.761518,26.866144],[75.76156,26.866084],[75.761853,26.866259],[75.761809,26.866324]]},"properties":{"category":"carriageway"}},{"type":"Feature","geometry":{"type":"LineString","coordinates":[[75.761845,26.866327],[75.761891,26.866314],[75.762273,26.866769],[75.762273,26.866802],[75.762228,26.866833]]},"properties":{"category":"carriageway"}},{"type":"Feature","geometry":{"type":"LineString","coordinates":[[75.762288,26.866832],[75.762331,26.866828],[75.762514,26.867075],[75.762469,26.867113]]},"properties":{"category":"carriageway"}},{"type":"Feature","geometry":{"type":"LineString","coordinates":[[75.76249,26.867129],[75.762546,26.867107],[75.762725,26.86733],[75.762739,26.867354],[75.76268,26.867393]]},"properties":{"category":"carriageway"}},{"type":"Feature","geometry":{"type":"LineString","coordinates":[[75.762701,26.86741],[75.762762,26.867379],[75.762889,26.867554]]},"properties":{"category":"carriageway"}},{"type":"Feature","geometry":{"type":"LineString","coordinates":[[75.757445,26.864418],[75.757569,26.864464]]},"properties":{"category":"carriageway"}},{"type":"Feature","geometry":{"type":"LineString","coordinates":[[75.757106,26.864286],[75.757184,26.864317]]},"properties":{"category":"carriageway"}},{"type":"Feature","geometry":{"type":"LineString","coordinates":[[75.756458,26.86403],[75.757024,26.864242],[75.756583,26.864081]]},"properties":{"category":"carriageway"}},{"type":"Feature","geometry":{"type":"LineString","coordinates":[[75.75601,26.86385],[75.756118,26.863893]]},"properties":{"category":"carriageway"}},{"type":"Feature","geometry":{"type":"LineString","coordinates":[[75.755225,26.863536],[75.755309,26.86357]]},"properties":{"category":"carriageway"}},{"type":"Feature","geometry":{"type":"LineString","coordinates":[[75.754449,26.863234],[75.754579,26.863284]]},"properties":{"category":"carriageway"}},{"type":"Feature","geometry":{"type":"LineString","coordinates":[[75.754803,26.863243],[75.754811,26.8633],[75.755018,26.863385],[75.755165,26.863436],[75.755191,26.863385]]},"properties":{"category":"carriageway"}},{"type":"Feature","geometry":{"type":"LineString","coordinates":[[75.755243,26.863397],[75.75523,26.863454],[75.755407,26.863547],[75.755527,26.863561],[75.755571,26.863517]]},"properties":{"category":"carriageway"}},{"type":"Feature","geometry":{"type":"LineString","coordinates":[[75.755612,26.863537],[75.7556,26.863611],[75.755934,26.863738],[75.755983,26.8637]]},"properties":{"category":"carriageway"}},{"type":"Feature","geometry":{"type":"LineString","coordinates":[[75.756014,26.863718],[75.756008,26.863789],[75.756996,26.864156],[75.757015,26.864118]]},"properties":{"category":"carriageway"}},{"type":"Feature","geometry":{"type":"LineString","coordinates":[[75.757039,26.864132],[75.757034,26.864183],[75.757409,26.864321],[75.757452,26.86427]]},"properties":{"category":"carriageway"}},{"type":"Feature","geometry":{"type":"LineString","coordinates":[[75.757492,26.86427],[75.757474,26.864362],[75.758217,26.864638]]},"properties":{"category":"carriageway"}},{"type":"Feature","geometry":{"type":"LineString","coordinates":[[75.754426,26.8633],[75.755125,26.863581],[75.755118,26.863639]]},"properties":{"category":"carriageway"}},{"type":"Feature","geometry":{"type":"LineString","coordinates":[[75.755146,26.863647],[75.755187,26.863599],[75.755386,26.863684],[75.755383,26.863721]]},"properties":{"category":"carriageway"}},{"type":"Feature","geometry":{"type":"LineString","coordinates":[[75.755405,26.863724],[75.75542,26.863696],[75.755603,26.863753],[75.756332,26.864038],[75.756327,26.864094]]},"properties":{"category":"carriageway"}},{"type":"Feature","geometry":{"type":"LineString","coordinates":[[75.756373,26.864109],[75.756404,26.864074],[75.756752,26.864205],[75.756997,26.864316],[75.756982,26.864357]]},"properties":{"category":"carriageway"}},{"type":"Feature","geometry":{"type":"LineString","coordinates":[[75.757031,26.864356],[75.75706,26.864343],[75.757526,26.86453],[75.757505,26.86457]]},"properties":{"category":"carriageway"}},{"type":"Feature","geometry":{"type":"LineString","coordinates":[[75.757539,26.864588],[75.757562,26.864537],[75.758222,26.864785]]},"properties":{"category":"carriageway"}},{"type":"Feature","geometry":{"type":"LineString","coordinates":[[75.753593,26.867796],[75.753562,26.867831],[75.752406,26.867355],[75.752341,26.867298]]},"properties":{"category":"carriageway"}},{"type":"Feature","geometry":{"type":"LineString","coordinates":[[75.752502,26.86741],[75.754689,26.868283],[75.754733,26.868233]]},"properties":{"category":"carriageway"}},{"type":"Feature","geometry":{"type":"LineString","coordinates":[[75.754665,26.868224],[75.754629,26.868255],[75.754361,26.868151],[75.75426,26.868105],[75.754264,26.868063]]},"properties":{"category":"carriageway"}},{"type":"Feature","geometry":{"type":"LineString","coordinates":[[75.754235,26.868053],[75.754191,26.86808],[75.753882,26.867958],[75.753872,26.867909]]},"properties":{"category":"carriageway"}},{"type":"Feature","geometry":{"type":"LineString","coordinates":[[75.753831,26.867893],[75.75381,26.867925],[75.753653,26.867866],[75.753637,26.867814]]},"properties":{"category":"carriageway"}},{"type":"Feature","geometry":{"type":"LineString","coordinates":[[75.755422,26.868516],[75.755426,26.868572],[75.755921,26.868769],[75.756169,26.868812],[75.756196,26.868765]]},"properties":{"category":"carriageway"}},{"type":"Feature","geometry":{"type":"LineString","coordinates":[[75.756163,26.868864],[75.754815,26.86834],[75.754767,26.868306],[75.754768,26.868255]]},"properties":{"category":"carriageway"}},{"type":"Feature","geometry":{"type":"LineString","coordinates":[[75.756143,26.86891],[75.755569,26.868682],[75.755488,26.868662],[75.755461,26.868695]]},"properties":{"category":"carriageway"}},{"type":"Feature","geometry":{"type":"LineString","coordinates":[[75.755416,26.868652],[75.755413,26.868623],[75.755255,26.868563],[75.755232,26.86858]]},"properties":{"category":"carriageway"}},{"type":"Feature","geometry":{"type":"LineString","coordinates":[[75.755199,26.868567],[75.755197,26.86854],[75.755128,26.868508],[75.755106,26.86853]]},"properties":{"category":"carriageway"}},{"type":"Feature","geometry":{"type":"LineString","coordinates":[[75.755074,26.868514],[75.755063,26.868483],[75.75405,26.86808],[75.754004,26.868099],[75.754033,26.868116]]},"properties":{"category":"carriageway"}},{"type":"Feature","geometry":{"type":"LineString","coordinates":[[75.752357,26.867403],[75.752646,26.867518],[75.752641,26.867568]]},"properties":{"category":"carriageway"}},{"type":"Feature","geometry":{"type":"LineString","coordinates":[[75.752669,26.867573],[75.752723,26.86755],[75.753159,26.867724]]},"properties":{"category":"carriageway"}},{"type":"Feature","geometry":{"type":"LineString","coordinates":[[75.753995,26.868106],[75.754054,26.868081],[75.755059,26.868479],[75.755077,26.868516]]},"properties":{"category":"carriageway"}},{"type":"Feature","geometry":{"type":"LineString","coordinates":[[75.755107,26.868523],[75.755134,26.868507],[75.755411,26.86862],[75.755428,26.868659]]},"properties":{"category":"carriageway"}},{"type":"Feature","geometry":{"type":"LineString","coordinates":[[75.753159,26.867724],[75.753141,26.867759]]},"properties":{"category":"carriageway"}},{"type":"Feature","geometry":{"type":"LineString","coordinates":[[75.753171,26.867729],[75.753154,26.867762]]},"properties":{"category":"carriageway"}},{"type":"Feature","geometry":{"type":"LineString","coordinates":[[75.753171,26.867729],[75.753954,26.868035],[75.753955,26.868094]]},"properties":{"category":"carriageway"}},{"type":"Feature","geometry":{"type":"LineString","coordinates":[[75.756499,26.869059],[75.756778,26.869167],[75.75677,26.869253]]},"properties":{"category":"carriageway"}},{"type":"Feature","geometry":{"type":"LineString","coordinates":[[75.756802,26.869252],[75.756855,26.869205],[75.757234,26.869343],[75.757221,26.869403]]},"properties":{"category":"carriageway"}},{"type":"Feature","geometry":{"type":"LineString","coordinates":[[75.75726,26.869409],[75.757293,26.869377],[75.757464,26.869435],[75.757471,26.86947]]},"properties":{"category":"carriageway"}},{"type":"Feature","geometry":{"type":"LineString","coordinates":[[75.75749,26.869476],[75.757527,26.869455],[75.758369,26.86978],[75.758473,26.869827],[75.758463,26.869892]]},"properties":{"category":"carriageway"}},{"type":"Feature","geometry":{"type":"LineString","coordinates":[[75.758506,26.869904],[75.758554,26.869866],[75.759381,26.870182],[75.75939,26.870231]]},"properties":{"category":"carriageway"}},{"type":"Feature","geometry":{"type":"LineString","coordinates":[[75.75948,26.870259],[75.759501,26.870233],[75.760343,26.870553]]},"properties":{"category":"carriageway"}},{"type":"Feature","geometry":{"type":"LineString","coordinates":[[75.755869,26.86864],[75.756075,26.86872],[75.756095,26.868683],[75.755888,26.8686]]},"properties":{"category":"carriageway"}},{"type":"Feature","geometry":{"type":"LineString","coordinates":[[75.753923,26.870923],[75.754965,26.871323],[75.754002,26.870956]]},"properties":{"category":"carriageway"}},{"type":"Feature","geometry":{"type":"LineString","coordinates":[[75.753318,26.870687],[75.753362,26.870704]]},"properties":{"category":"carriageway"}},{"type":"Feature","geometry":{"type":"LineString","coordinates":[[75.75282,26.870486],[75.753236,26.870647],[75.752888,26.870516]]},"properties":{"category":"carriageway"}},{"type":"Feature","geometry":{"type":"LineString","coordinates":[[75.752537,26.870372],[75.752596,26.870399]]},"properties":{"category":"carriageway"}},{"type":"Feature","geometry":{"type":"LineString","coordinates":[[75.751152,26.869823],[75.752276,26.87026],[75.751307,26.869886]]},"properties":{"category":"carriageway"}},{"type":"Feature","geometry":{"type":"LineString","coordinates":[[75.751325,26.869847],[75.752728,26.870401],[75.752781,26.870406],[75.752827,26.870362]]},"properties":{"category":"carriageway"}},{"type":"Feature","geometry":{"type":"LineString","coordinates":[[75.75286,26.870386],[75.752837,26.870439],[75.753902,26.870862],[75.753971,26.870765]]},"properties":{"category":"carriageway"}},{"type":"Feature","geometry":{"type":"LineString","coordinates":[[75.753974,26.870799],[75.753949,26.870857],[75.753972,26.870898],[75.754278,26.871014],[75.754326,26.870963]]},"properties":{"category":"carriageway"}},{"type":"Feature","geometry":{"type":"LineString","coordinates":[[75.75434,26.87096],[75.754327,26.87104],[75.75496,26.871281]]},"properties":{"category":"carriageway"}},{"type":"Feature","geometry":{"type":"LineString","coordinates":[[75.75128,26.869915],[75.752069,26.870231],[75.752035,26.870334]]},"properties":{"category":"carriageway"}},{"type":"Feature","geometry":{"type":"LineString","coordinates":[[75.75206,26.870349],[75.752125,26.870266],[75.752406,26.870365],[75.752405,26.870445]]},"properties":{"category":"carriageway"}},{"type":"Feature","geometry":{"type":"LineString","coordinates":[[75.752425,26.870458],[75.752484,26.870401],[75.752717,26.870486],[75.753231,26.870705],[75.753203,26.870766]]},"properties":{"category":"carriageway"}},{"type":"Feature","geometry":{"type":"LineString","coordinates":[[75.753251,26.870758],[75.753285,26.870723],[75.753697,26.870876],[75.753674,26.870946]]},"properties":{"category":"carriageway"}},{"type":"Feature","geometry":{"type":"LineString","coordinates":[[75.753712,26.870955],[75.753752,26.87091],[75.754405,26.871153],[75.754376,26.871235]]},"properties":{"category":"carriageway"}},{"type":"Feature","geometry":{"type":"LineString","coordinates":[[75.754427,26.871227],[75.754472,26.87118],[75.754923,26.871353]]},"properties":{"category":"carriageway"}},{"type":"Feature","geometry":{"type":"LineString","coordinates":[[75.759394,26.873161],[75.75872,26.872891],[75.758668,26.872894],[75.758632,26.872968]]},"properties":{"category":"carriageway"}},{"type":"Feature","geometry":{"type":"LineString","coordinates":[[75.758608,26.872936],[75.758627,26.872868],[75.758595,26.872832],[75.758089,26.872627],[75.758045,26.872677]]},"properties":{"category":"carriageway"}},{"type":"Feature","geometry":{"type":"LineString","coordinates":[[75.758,26.872674],[75.758017,26.872617],[75.75793,26.872572],[75.757349,26.872354],[75.757312,26.872412]]},"properties":{"category":"carriageway"}},{"type":"Feature","geometry":{"type":"LineString","coordinates":[[75.757271,26.8724],[75.757265,26.872288],[75.757246,26.87231],[75.756983,26.872209],[75.756948,26.87225]]},"properties":{"category":"carriageway"}},{"type":"Feature","geometry":{"type":"LineString","coordinates":[[75.756931,26.87223],[75.756949,26.872189],[75.756627,26.872073],[75.756607,26.872108]]},"properties":{"category":"carriageway"}},{"type":"Feature","geometry":{"type":"LineString","coordinates":[[75.756589,26.872093],[75.756604,26.872043],[75.75653,26.872006],[75.755875,26.871778],[75.755821,26.871793]]},"properties":{"category":"carriageway"}},{"type":"Feature","geometry":{"type":"LineString","coordinates":[[75.755793,26.871784],[75.755779,26.871728],[75.755492,26.871614],[75.755468,26.871644]]},"properties":{"category":"carriageway"}},{"type":"Feature","geometry":{"type":"LineString","coordinates":[[75.755457,26.871628],[75.755448,26.871598],[75.755291,26.871536]]},"properties":{"category":"carriageway"}},{"type":"Feature","geometry":{"type":"LineString","coordinates":[[75.755323,26.871473],[75.757278,26.872244],[75.755319,26.871483]]},"properties":{"category":"carriageway"}},{"type":"Feature","geometry":{"type":"LineString","coordinates":[[75.757418,26.872305],[75.757494,26.872336]]},"properties":{"category":"carriageway"}},{"type":"Feature","geometry":{"type":"LineString","coordinates":[[75.758618,26.872785],[75.759509,26.873124],[75.758697,26.872819]]},"properties":{"category":"carriageway"}},{"type":"Feature","geometry":{"type":"LineString","coordinates":[[75.759489,26.873044],[75.758627,26.872712],[75.758645,26.872654]]},"properties":{"category":"carriageway"}},{"type":"Feature","geometry":{"type":"LineString","coordinates":[[75.758607,26.872631],[75.758578,26.872673],[75.75823,26.872548],[75.758252,26.872465]]},"properties":{"category":"carriageway"}},{"type":"Feature","geometry":{"type":"LineString","coordinates":[[75.75817,26.872477],[75.758148,26.872509],[75.757951,26.872436],[75.757416,26.872222],[75.757429,26.872186]]},"properties":{"category":"carriageway"}},{"type":"Feature","geometry":{"type":"LineString","coordinates":[[75.758209,26.872471],[75.758176,26.872521],[75.75795,26.872437],[75.757415,26.872223],[75.757408,26.872156]]},"properties":{"category":"carriageway"}},{"type":"Feature","geometry":{"type":"LineString","coordinates":[[75.757369,26.872153],[75.757328,26.872209],[75.756151,26.871726],[75.756185,26.871641]]},"properties":{"category":"carriageway"}},{"type":"Feature","geometry":{"type":"LineString","coordinates":[[75.75613,26.871658],[75.756092,26.871707],[75.755703,26.871549],[75.755721,26.871477]]},"properties":{"category":"carriageway"}},{"type":"Feature","geometry":{"type":"LineString","coordinates":[[75.75568,26.871479],[75.755646,26.871527],[75.755398,26.871426],[75.755274,26.871416]]},"properties":{"category":"carriageway"}},{"type":"Feature","geometry":{"type":"LineString","coordinates":[[75.768622,26.837609],[75.768602,26.837606],[75.767799,26.83939],[75.767819,26.839399],[75.768474,26.83794]]},"properties":{"category":"carriageway"}},{"type":"Feature","geometry":{"type":"LineString","coordinates":[[75.770379,26.833708],[75.770396,26.833715],[75.768741,26.837331],[75.768723,26.837321],[75.768995,26.836717],[75.770363,26.833731]]},"properties":{"category":"carriageway"}},{"type":"Feature","geometry":{"type":"LineString","coordinates":[[75.775456,26.828438],[75.77427,26.829648],[75.775465,26.828444]]},"properties":{"category":"carriageway"}},{"type":"Feature","geometry":{"type":"LineString","coordinates":[[75.773996,26.829924],[75.773984,26.829909],[75.773936,26.829954],[75.773177,26.830725],[75.773189,26.830739],[75.773758,26.830164]]},"properties":{"category":"carriageway"}},{"type":"Feature","geometry":{"type":"LineString","coordinates":[[75.773058,26.830846],[75.773072,26.830859],[75.772166,26.831792],[75.772151,26.831778],[75.772945,26.830961]]},"properties":{"category":"carriageway"}},{"type":"Feature","geometry":{"type":"LineString","coordinates":[[75.772024,26.831914],[75.772036,26.831927],[75.77086,26.833136],[75.770483,26.833595],[75.770465,26.833586],[75.770531,26.833498],[75.770846,26.833123],[75.771893,26.83205]]},"properties":{"category":"carriageway"}},{"type":"Feature","geometry":{"type":"LineString","coordinates":[[75.767687,26.839703],[75.767658,26.839684],[75.766968,26.841197],[75.764803,26.845955],[75.764839,26.845958],[75.767567,26.839958]]},"properties":{"category":"carriageway"}},{"type":"Feature","geometry":{"type":"LineString","coordinates":[[75.764679,26.846221],[75.764711,26.846237],[75.762844,26.850318],[75.762814,26.850302],[75.764456,26.846714]]},"properties":{"category":"carriageway"}},{"type":"Feature","geometry":{"type":"LineString","coordinates":[[75.762698,26.850555],[75.76273,26.850562],[75.761212,26.853853],[75.760999,26.854183],[75.760533,26.854656],[75.758707,26.856271],[75.758677,26.856258],[75.76075,26.854426],[75.760975,26.854164],[75.761185,26.853842],[75.762615,26.850736]]},"properties":{"category":"carriageway"}},{"type":"Feature","geometry":{"type":"LineString","coordinates":[[75.75833,26.856564],[75.758353,26.856551],[75.758359,26.85658],[75.756735,26.858064],[75.756336,26.858611],[75.755922,26.859385],[75.754176,26.862944],[75.754145,26.862927],[75.755889,26.859381],[75.756312,26.858602],[75.756706,26.858047],[75.758069,26.856798]]},"properties":{"category":"carriageway"}},{"type":"Feature","geometry":{"type":"LineString","coordinates":[[75.754008,26.863204],[75.754028,26.863187],[75.754043,26.86321],[75.751239,26.868879],[75.750886,26.869589],[75.750853,26.86958],[75.753885,26.863456]]},"properties":{"category":"carriageway"}},{"type":"Feature","geometry":{"type":"LineString","coordinates":[[75.750739,26.869808],[75.75076,26.86979],[75.750772,26.869815],[75.74758,26.876425],[75.747546,26.876417],[75.75054,26.870217]]},"properties":{"category":"carriageway"}},{"type":"Feature","geometry":{"type":"LineString","coordinates":[[75.74758,26.877033],[75.747591,26.876994],[75.747619,26.877037],[75.748351,26.878542],[75.74841,26.878887],[75.748409,26.879167],[75.748377,26.879176],[75.748369,26.878778],[75.748311,26.878528],[75.747603,26.877081]]},"properties":{"category":"carriageway"}},{"type":"Feature","geometry":{"type":"LineString","coordinates":[[75.767426,26.840653],[75.767443,26.840659],[75.767275,26.841055],[75.766001,26.843823],[75.767389,26.840723]]},"properties":{"category":"carriageway"}},{"type":"Feature","geometry":{"type":"LineString","coordinates":[[75.765888,26.844035],[75.765234,26.845536],[75.765019,26.845998],[75.765,26.846019],[75.764986,26.845997],[75.765753,26.844338]]},"properties":{"category":"carriageway"}},{"type":"Feature","geometry":{"type":"LineString","coordinates":[[75.764908,26.846218],[75.764878,26.8463]]},"properties":{"category":"carriageway"}},{"type":"Feature","geometry":{"type":"LineString","coordinates":[[75.76463,26.846874],[75.764616,26.84686],[75.764238,26.847647],[75.763777,26.848665],[75.763808,26.84867],[75.764477,26.847194]]},"properties":{"category":"carriageway"}},{"type":"Feature","geometry":{"type":"LineString","coordinates":[[75.763718,26.848785],[75.763752,26.848803],[75.763194,26.850036],[75.763006,26.850433],[75.762977,26.850448],[75.762969,26.850422],[75.763693,26.848846]]},"properties":{"category":"carriageway"}},{"type":"Feature","geometry":{"type":"LineString","coordinates":[[75.762885,26.850658],[75.762908,26.85066],[75.761909,26.852784],[75.761858,26.852887],[75.761832,26.852885],[75.762824,26.850785]]},"properties":{"category":"carriageway"}},{"type":"Feature","geometry":{"type":"LineString","coordinates":[[75.761802,26.852952],[75.761816,26.852985],[75.761356,26.85397],[75.761184,26.854252],[75.761151,26.854241],[75.761329,26.853973],[75.761778,26.853007]]},"properties":{"category":"carriageway"}},{"type":"Feature","geometry":{"type":"LineString","coordinates":[[75.761006,26.854417],[75.761039,26.854424],[75.760878,26.854597],[75.759143,26.85613],[75.758908,26.856328],[75.758887,26.856309],[75.760934,26.854505]]},"properties":{"category":"carriageway"}},{"type":"Feature","geometry":{"type":"LineString","coordinates":[[75.758448,26.856741],[75.758588,26.856579],[75.758442,26.85674]]},"properties":{"category":"carriageway"}},{"type":"Feature","geometry":{"type":"LineString","coordinates":[[75.757779,26.857303],[75.757809,26.857292],[75.757809,26.85732],[75.757146,26.857908],[75.756825,26.858245],[75.756407,26.858852],[75.755945,26.859771],[75.755921,26.859741],[75.756169,26.859244],[75.756522,26.858619],[75.756799,26.858224],[75.757714,26.85736]]},"properties":{"category":"carriageway"}},{"type":"Feature","geometry":{"type":"LineString","coordinates":[[75.755737,26.860132],[75.755754,26.860107],[75.755773,26.860132],[75.7544,26.862924],[75.754335,26.863041],[75.75431,26.863028],[75.75433,26.862977],[75.755614,26.860394]]},"properties":{"category":"carriageway"}},{"type":"Feature","geometry":{"type":"LineString","coordinates":[[75.754118,26.86346],[75.752928,26.865881],[75.752891,26.865873],[75.752903,26.865838],[75.754094,26.863505]]},"properties":{"category":"carriageway"}},{"type":"Feature","geometry":{"type":"LineString","coordinates":[[75.752843,26.865962],[75.752881,26.865979],[75.752655,26.866451],[75.752227,26.867269],[75.752619,26.866425]]},"properties":{"category":"carriageway"}},{"type":"Feature","geometry":{"type":"LineString","coordinates":[[75.752145,26.867394],[75.752165,26.867365],[75.75219,26.867388],[75.752077,26.867621],[75.751051,26.869662],[75.75104,26.869638],[75.752021,26.867648]]},"properties":{"category":"carriageway"}},{"type":"Feature","geometry":{"type":"LineString","coordinates":[[75.750948,26.869858],[75.750717,26.870376],[75.750288,26.871211],[75.749942,26.872006],[75.749213,26.87346],[75.749188,26.873464],[75.749188,26.87344],[75.750171,26.871399],[75.750928,26.869909]]},"properties":{"category":"carriageway"}},{"type":"Feature","geometry":{"type":"LineString","coordinates":[[75.749135,26.873552],[75.749166,26.873534],[75.749162,26.873563],[75.748464,26.87503],[75.747723,26.876518],[75.747687,26.876538],[75.747711,26.876452],[75.748523,26.874844],[75.749004,26.873825]]},"properties":{"category":"carriageway"}},{"type":"Feature","geometry":{"type":"LineString","coordinates":[[75.767384,26.839541],[75.767592,26.839578],[75.76755,26.839663],[75.767412,26.839554]]},"properties":{"category":"carriageway"}},{"type":"Feature","geometry":{"type":"LineString","coordinates":[[75.767717,26.840095],[75.767852,26.839826],[75.767921,26.839779],[75.768107,26.839768],[75.76789,26.83969],[75.767714,26.840101]]},"properties":{"category":"carriageway"}}]}